-- MySQL dump 10.16  Distrib 10.1.19-MariaDB, for debian-linux-gnu (x86_64)
--
-- Host: 207.174.214.239    Database: 207.174.214.239
-- ------------------------------------------------------
-- Server version	5.6.29-76.2-log

/*!40101 SET @OLD_CHARACTER_SET_CLIENT=@@CHARACTER_SET_CLIENT */;
/*!40101 SET @OLD_CHARACTER_SET_RESULTS=@@CHARACTER_SET_RESULTS */;
/*!40101 SET @OLD_COLLATION_CONNECTION=@@COLLATION_CONNECTION */;
/*!40101 SET NAMES utf8 */;
/*!40103 SET @OLD_TIME_ZONE=@@TIME_ZONE */;
/*!40103 SET TIME_ZONE='+00:00' */;
/*!40014 SET @OLD_UNIQUE_CHECKS=@@UNIQUE_CHECKS, UNIQUE_CHECKS=0 */;
/*!40014 SET @OLD_FOREIGN_KEY_CHECKS=@@FOREIGN_KEY_CHECKS, FOREIGN_KEY_CHECKS=0 */;
/*!40101 SET @OLD_SQL_MODE=@@SQL_MODE, SQL_MODE='NO_AUTO_VALUE_ON_ZERO' */;
/*!40111 SET @OLD_SQL_NOTES=@@SQL_NOTES, SQL_NOTES=0 */;

--
-- Table structure for table `auth_group`
--

DROP TABLE IF EXISTS `auth_group`;
/*!40101 SET @saved_cs_client     = @@character_set_client */;
/*!40101 SET character_set_client = utf8 */;
CREATE TABLE `auth_group` (
  `id` int(11) NOT NULL AUTO_INCREMENT,
  `name` varchar(80) NOT NULL,
  PRIMARY KEY (`id`),
  UNIQUE KEY `name` (`name`)
) ENGINE=MyISAM AUTO_INCREMENT=5 DEFAULT CHARSET=latin1;
/*!40101 SET character_set_client = @saved_cs_client */;

--
-- Dumping data for table `auth_group`
--

LOCK TABLES `auth_group` WRITE;
/*!40000 ALTER TABLE `auth_group` DISABLE KEYS */;
INSERT INTO `auth_group` VALUES (1,'SuperAdmin'),(2,'EmployeeGroup'),(3,'ChannelPartnerGroup'),(4,'SubDealer');
/*!40000 ALTER TABLE `auth_group` ENABLE KEYS */;
UNLOCK TABLES;

--
-- Table structure for table `auth_group_permissions`
--

DROP TABLE IF EXISTS `auth_group_permissions`;
/*!40101 SET @saved_cs_client     = @@character_set_client */;
/*!40101 SET character_set_client = utf8 */;
CREATE TABLE `auth_group_permissions` (
  `id` int(11) NOT NULL AUTO_INCREMENT,
  `group_id` int(11) NOT NULL,
  `permission_id` int(11) NOT NULL,
  PRIMARY KEY (`id`),
  UNIQUE KEY `group_id` (`group_id`,`permission_id`),
  KEY `auth_group_permissions_0e939a4f` (`group_id`),
  KEY `auth_group_permissions_8373b171` (`permission_id`)
) ENGINE=MyISAM AUTO_INCREMENT=78 DEFAULT CHARSET=latin1;
/*!40101 SET character_set_client = @saved_cs_client */;

--
-- Dumping data for table `auth_group_permissions`
--

LOCK TABLES `auth_group_permissions` WRITE;
/*!40000 ALTER TABLE `auth_group_permissions` DISABLE KEYS */;
INSERT INTO `auth_group_permissions` VALUES (1,3,64),(2,3,65),(3,3,82),(4,3,83),(5,3,52),(6,3,53),(7,3,86),(8,3,88),(9,3,89),(10,3,85),(11,2,64),(12,2,65),(13,2,37),(14,2,38),(15,2,40),(16,2,41),(17,2,43),(18,2,44),(19,2,50),(20,2,46),(21,2,47),(22,2,49),(23,2,82),(24,2,83),(25,2,52),(26,2,53),(27,2,86),(28,2,89),(29,2,61),(30,2,62),(31,4,64),(32,4,65),(33,4,34),(34,4,35),(35,4,37),(36,4,38),(37,4,40),(38,4,41),(39,4,43),(40,4,44),(41,4,82),(42,4,83),(43,4,52),(44,4,53),(45,4,86),(46,4,88),(47,4,89),(48,4,85),(49,1,34),(50,1,35),(51,1,37),(52,1,38),(53,1,39),(54,1,40),(55,1,41),(56,1,43),(57,1,44),(58,1,46),(59,1,47),(60,1,49),(61,1,50),(62,1,52),(63,1,53),(64,1,61),(65,1,62),(66,1,64),(67,1,65),(68,1,73),(69,1,74),(70,1,76),(71,1,77),(72,1,82),(73,1,83),(74,1,86),(75,1,89),(76,1,91),(77,1,92);
/*!40000 ALTER TABLE `auth_group_permissions` ENABLE KEYS */;
UNLOCK TABLES;

--
-- Table structure for table `auth_permission`
--

DROP TABLE IF EXISTS `auth_permission`;
/*!40101 SET @saved_cs_client     = @@character_set_client */;
/*!40101 SET character_set_client = utf8 */;
CREATE TABLE `auth_permission` (
  `id` int(11) NOT NULL AUTO_INCREMENT,
  `name` varchar(255) DEFAULT NULL,
  `content_type_id` int(11) NOT NULL,
  `codename` varchar(100) NOT NULL,
  PRIMARY KEY (`id`),
  UNIQUE KEY `content_type_id` (`content_type_id`,`codename`),
  KEY `auth_permission_417f1b1c` (`content_type_id`)
) ENGINE=MyISAM AUTO_INCREMENT=100 DEFAULT CHARSET=latin1;
/*!40101 SET character_set_client = @saved_cs_client */;

--
-- Dumping data for table `auth_permission`
--

LOCK TABLES `auth_permission` WRITE;
/*!40000 ALTER TABLE `auth_permission` DISABLE KEYS */;
INSERT INTO `auth_permission` VALUES (1,'Can add log entry',1,'add_logentry'),(2,'Can change log entry',1,'change_logentry'),(3,'Can delete log entry',1,'delete_logentry'),(4,'Can add permission',2,'add_permission'),(5,'Can change permission',2,'change_permission'),(6,'Can delete permission',2,'delete_permission'),(7,'Can add group',3,'add_group'),(8,'Can change group',3,'change_group'),(9,'Can delete group',3,'delete_group'),(10,'Can add content type',4,'add_contenttype'),(11,'Can change content type',4,'change_contenttype'),(12,'Can delete content type',4,'delete_contenttype'),(13,'Can add session',5,'add_session'),(14,'Can change session',5,'change_session'),(15,'Can delete session',5,'delete_session'),(16,'Can add more info',6,'add_moreinfo'),(17,'Can change more info',6,'change_moreinfo'),(18,'Can delete more info',6,'delete_moreinfo'),(19,'Can add state',7,'add_state'),(20,'Can change state',7,'change_state'),(21,'Can delete state',7,'delete_state'),(22,'Can add city',8,'add_city'),(23,'Can change city',8,'change_city'),(24,'Can delete city',8,'delete_city'),(25,'Can add Partner Segment',9,'add_channelpartnersegment'),(26,'Can change Partner Segment',9,'change_channelpartnersegment'),(27,'Can delete Partner Segment',9,'delete_channelpartnersegment'),(28,'Can add customer category',10,'add_customercategory'),(29,'Can change customer category',10,'change_customercategory'),(30,'Can delete customer category',10,'delete_customercategory'),(31,'Can add user',11,'add_baseuser'),(32,'Can change user',11,'change_baseuser'),(33,'Can delete user',11,'delete_baseuser'),(34,'Can add Employee',12,'add_employee'),(35,'Can change Employee',12,'change_employee'),(36,'Can delete Employee',12,'delete_employee'),(37,'Can add Branch',13,'add_partnerbranch'),(38,'Can change Branch',13,'change_partnerbranch'),(39,'Can delete Branch',13,'delete_partnerbranch'),(40,'Can add Owner',14,'add_partnerasowner'),(41,'Can change Owner',14,'change_partnerasowner'),(42,'Can delete Owner',14,'delete_partnerasowner'),(43,'Can add Partner',15,'add_channelpartner'),(44,'Can change Partner',15,'change_channelpartner'),(45,'Can delete Partner',15,'delete_channelpartner'),(46,'Can add machine',16,'add_machine'),(47,'Can change machine',16,'change_machine'),(48,'Can delete machine',16,'delete_machine'),(49,'Can add inventory invoice',17,'add_inventoryinvoice'),(50,'Can change inventory invoice',17,'change_inventoryinvoice'),(51,'Can delete inventory invoice',17,'delete_inventoryinvoice'),(52,'Can add customer',18,'add_customer'),(53,'Can change customer',18,'change_customer'),(54,'Can delete customer',18,'delete_customer'),(55,'Can add Lead Status',19,'add_leadstatus'),(56,'Can change Lead Status',19,'change_leadstatus'),(57,'Can delete Lead Status',19,'delete_leadstatus'),(58,'Can add Status Reason',20,'add_statusreason'),(59,'Can change Status Reason',20,'change_statusreason'),(60,'Can delete Status Reason',20,'delete_statusreason'),(61,'Can add lead',21,'add_lead'),(62,'Can change lead',21,'change_lead'),(63,'Can delete lead',21,'delete_lead'),(64,'Can add booking',22,'add_booking'),(65,'Can change booking',22,'change_booking'),(66,'Can delete booking',22,'delete_booking'),(67,'Can add payment type',23,'add_paymenttype'),(68,'Can change payment type',23,'change_paymenttype'),(69,'Can delete payment type',23,'delete_paymenttype'),(70,'Can add product',24,'add_product'),(71,'Can change product',24,'change_product'),(72,'Can delete product',24,'delete_product'),(73,'Can add Customer Product Price',25,'add_productsegmentprice'),(74,'Can change Customer Product Price',25,'change_productsegmentprice'),(75,'Can delete Customer Product Price',25,'delete_productsegmentprice'),(76,'Can add Partner Product Price',26,'add_productprice'),(77,'Can change Partner Product Price',26,'change_productprice'),(78,'Can delete Partner Product Price',26,'delete_productprice'),(79,'Can add product quantity unit display',27,'add_productquantityunitdisplay'),(80,'Can change product quantity unit display',27,'change_productquantityunitdisplay'),(81,'Can delete product quantity unit display',27,'delete_productquantityunitdisplay'),(82,'Can add Partner Product',28,'add_productquantity'),(83,'Can change Partner Product',28,'change_productquantity'),(84,'Can delete Partner Product',28,'delete_productquantity'),(85,'Can add customer invoice',29,'add_customerinvoice'),(86,'Can change customer invoice',29,'change_customerinvoice'),(87,'Can delete customer invoice',29,'delete_customerinvoice'),(88,'Can add Customer Product',30,'add_customerproductquantity'),(89,'Can change Customer Product',30,'change_customerproductquantity'),(90,'Can delete Customer Product',30,'delete_customerproductquantity'),(91,'Can add Tax',31,'add_tax'),(92,'Can change Tax',31,'change_tax'),(93,'Can delete Tax',31,'delete_tax'),(94,'Can add site',32,'add_site'),(95,'Can change site',32,'change_site'),(96,'Can delete site',32,'delete_site'),(97,'Can add cron job log',33,'add_cronjoblog'),(98,'Can change cron job log',33,'change_cronjoblog'),(99,'Can delete cron job log',33,'delete_cronjoblog');
/*!40000 ALTER TABLE `auth_permission` ENABLE KEYS */;
UNLOCK TABLES;

--
-- Table structure for table `django_admin_log`
--

DROP TABLE IF EXISTS `django_admin_log`;
/*!40101 SET @saved_cs_client     = @@character_set_client */;
/*!40101 SET character_set_client = utf8 */;
CREATE TABLE `django_admin_log` (
  `id` int(11) NOT NULL AUTO_INCREMENT,
  `action_time` datetime(6) NOT NULL,
  `object_id` longtext,
  `object_repr` varchar(200) NOT NULL,
  `action_flag` smallint(5) unsigned NOT NULL,
  `change_message` longtext NOT NULL,
  `content_type_id` int(11) DEFAULT NULL,
  `user_id` int(11) NOT NULL,
  PRIMARY KEY (`id`),
  KEY `django_admin_log_417f1b1c` (`content_type_id`),
  KEY `django_admin_log_e8701ad4` (`user_id`)
) ENGINE=MyISAM AUTO_INCREMENT=794 DEFAULT CHARSET=latin1;
/*!40101 SET character_set_client = @saved_cs_client */;

--
-- Dumping data for table `django_admin_log`
--

LOCK TABLES `django_admin_log` WRITE;
/*!40000 ALTER TABLE `django_admin_log` DISABLE KEYS */;
INSERT INTO `django_admin_log` VALUES (1,'2016-04-14 18:58:03.276787','3','ChannelPartnerGroup',2,'Changed permissions.',3,1),(2,'2016-04-14 18:59:56.421143','2','EmployeeGroup',2,'Changed permissions.',3,1),(3,'2016-04-14 19:01:49.308589','4','SubDealer',2,'Changed permissions.',3,1),(4,'2016-04-14 19:03:54.249000','1','SuperAdmin',2,'Changed permissions.',3,1),(5,'2016-04-15 10:10:54.320846','2','sridhar',1,'',12,1),(6,'2016-04-18 09:41:33.722785','3','Hitesh',1,'',12,2),(7,'2016-04-18 09:42:00.652113','3','Hitesh',2,'Changed hire_date.',12,2),(8,'2016-04-18 09:49:12.687010','4','Shailendra',1,'',12,2),(9,'2016-04-18 10:51:39.293744','3','Hitesh',2,'Changed hire_date and is_staff.',12,2),(10,'2016-04-18 10:52:24.502707','4','Shailendra',2,'Changed hire_date and is_staff.',12,2),(11,'2016-04-18 11:24:47.037806','1','Abcd, Xxx ltd',1,'',21,3),(12,'2016-04-18 11:33:10.164494','2','Srifhar, As a enterprise',1,'',21,3),(13,'2016-04-18 12:34:23.844994','5','Shyam',1,'',15,3),(14,'2016-04-18 12:34:57.371903','2','Srifhar, As a enterprise',2,'Changed status, reason, comments and channelpartner.',21,3),(15,'2016-04-18 12:58:50.364251','1','Shyam A, 7676996617',1,'',18,3),(16,'2016-04-18 12:59:27.693347','1','Shyam A, 7676996617',2,'No fields changed.',18,3),(17,'2016-04-18 12:59:32.216578','1','Shyam A, 7676996617',2,'No fields changed.',18,3),(18,'2016-04-18 12:59:55.607796','1','Shyam A, 7676996617',2,'No fields changed.',18,3),(19,'2016-04-18 13:01:37.084986','1','Shyam A, 7676996617',2,'No fields changed.',18,3),(20,'2016-04-18 13:06:46.077352','6','suresh',1,'',12,2),(21,'2016-04-18 13:21:16.450014','2','Sridhar Prasad, 9900544331',1,'',18,3),(22,'2016-04-18 13:22:52.144240','2','Sridhar Prasad, 9900544331',2,'No fields changed.',18,3),(23,'2016-04-18 13:22:55.272112','2','Sridhar Prasad, 9900544331',2,'No fields changed.',18,3),(174,'2016-04-28 04:08:42.767782','5','Idiot, Idiotic services',3,'',21,1),(173,'2016-04-28 04:08:41.678609','6','Stupid, Sup stupid networks',3,'',21,1),(171,'2016-04-28 04:08:39.498661','13','Hitha, Hitha enterprises',3,'',21,1),(172,'2016-04-28 04:08:40.588621','8','Hiiii, Hello services',3,'',21,1),(170,'2016-04-28 04:08:38.409906','15','Razaq, Allah services',3,'',21,1),(169,'2016-04-28 04:08:37.320347','16','Razaq, Allah services',3,'',21,1),(29,'2016-04-20 06:44:17.118838','7','Dhanu',1,'',15,3),(30,'2016-04-20 06:44:42.784188','3','Dhanu, Dan ltd',1,'',21,3),(31,'2016-04-21 10:31:03.843774','8','Rakeshwari@gmail.com',1,'',15,4),(32,'2016-04-21 10:31:22.752243','4','Rakeshwari, Rakeshwari distribution',1,'',21,4),(33,'2016-04-21 10:42:39.608478','5','Idiot, Idiotic services',1,'',21,4),(34,'2016-04-21 10:52:04.451811','6','Stupid, Sup stupid networks',1,'',21,4),(35,'2016-04-21 10:52:44.351801','9','Snap',1,'',15,3),(36,'2016-04-21 10:53:00.632418','7','Snap, Snapfitness',1,'',21,3),(37,'2016-04-21 10:54:29.515807','7','Snap, Snapfitness',2,'Changed status, reason, next_appointment and comments.',21,3),(38,'2016-04-21 10:55:36.397483','2','Srifhar, As a enterprise',2,'Changed status, reason and comments.',21,3),(39,'2016-04-21 10:55:54.741623','8','Hiiii, Hello services',1,'',21,4),(40,'2016-04-21 11:03:19.290574','5','Booking#5, shailendra@wellnetservices.com, 2016-04-21 11:03:06.177376+00:00',1,'',22,4),(41,'2016-04-21 11:04:10.883113','10','Me',1,'',15,3),(42,'2016-04-21 11:04:41.630624','1','Booking#1, hiteshwellnet@gmail.com, 2016-04-21 11:04:34.067275+00:00',2,'Changed cheque_dd_date, transfer_date, realisation_date, gross_amount, service_tax, vat, amount, createdFor and send_receipt. Changed quantity and gross_amount for Partner Product \"Partner Product\".',22,3),(186,'2016-04-30 10:29:36.869795','27','Car design, Car design',1,'',21,4),(44,'2016-04-22 03:56:50.341743','9','Rakesh, Rakesh ac services',1,'',21,4),(168,'2016-04-28 04:07:47.689807','1','Shyam A, 7676996617',3,'',18,1),(47,'2016-04-22 04:11:01.717174','11','Suryawell',1,'',15,4),(48,'2016-04-22 04:12:42.757757','10','Surya, Surya exports and imports',1,'',21,4),(166,'2016-04-28 04:07:45.624572','3','Sridhar A, 7676996617',3,'',18,1),(167,'2016-04-28 04:07:46.657378','2','Sridhar Prasad, 9900544331',3,'',18,1),(165,'2016-04-28 04:07:44.592572','4','Sundar G, 9036370004',3,'',18,1),(163,'2016-04-28 04:07:42.527255','6','chandru b, 9036370004',3,'',18,1),(164,'2016-04-28 04:07:43.559514','5','chandru b, 0903637000',3,'',18,1),(53,'2016-04-22 04:27:17.767809','12','Nanu4',1,'',15,4),(54,'2016-04-22 04:31:45.018348','11','Nanu, Nanu car services',1,'',21,4),(55,'2016-04-22 04:48:53.773332','13','Shailu',1,'',15,4),(56,'2016-04-22 04:50:26.292630','12','Shailu, Bhama transports',1,'',21,4),(57,'2016-04-22 05:05:46.987340','14','Pandu',1,'',15,3),(58,'2016-04-22 05:07:36.931168','13','Hitha, Hitha enterprises',1,'',21,4),(59,'2016-04-22 05:33:39.068753','14','Pandu, Colourful creations',1,'',21,3),(60,'2016-04-22 05:39:15.547210','15','Razaq, Allah services',1,'',21,4),(61,'2016-04-22 05:39:23.192026','16','Razaq, Allah services',1,'',21,4),(161,'2016-04-28 04:07:40.459882','8','Hitu B, 9036370004',3,'',18,1),(162,'2016-04-28 04:07:41.493612','7','bala a, 9036370004',3,'',18,1),(159,'2016-04-28 04:07:38.395164','10','Ammu H, 9036370004',3,'',18,1),(160,'2016-04-28 04:07:39.427669','9','Nanu Ninu, 9482831666',3,'',18,1),(157,'2016-04-28 04:07:36.328414','12','Undya Ella, 9482831666',3,'',18,1),(158,'2016-04-28 04:07:37.360986','11','Lendra A, 9482831666',3,'',18,1),(156,'2016-04-28 04:07:35.295567','13','Gfnhg Bcnc, 9482831666',3,'',18,1),(155,'2016-04-28 04:07:34.262878','14','Kiran G, 9036370004',3,'',18,1),(154,'2016-04-28 04:07:33.230363','15','Indra Dev, 9482831666',3,'',18,1),(151,'2016-04-28 04:07:30.131400','18','Shridhar Prasad, 9900544331',3,'',18,1),(152,'2016-04-28 04:07:31.165178','17','sridhar prasad, 9900544331',3,'',18,1),(153,'2016-04-28 04:07:32.198181','16','life long, 9036370004',3,'',18,1),(75,'2016-04-22 09:01:06.045655','15','Chandu',1,'',15,3),(76,'2016-04-22 09:04:10.030555','16','Raghu',1,'',15,4),(189,'2016-05-03 09:04:56.980794','7','Bactakleen',2,'Changed base_price.',25,2),(79,'2016-04-22 09:24:14.350144','17','Prasad',1,'',15,4),(176,'2016-04-28 12:17:05.918395','17','Vijay simha, Slnp pitstop',1,'',21,4),(175,'2016-04-28 04:08:43.856722','1','Abcd, Xxx ltd',3,'',21,1),(140,'2016-04-28 04:05:42.480531','13','Shailu',3,'',15,1),(141,'2016-04-28 04:05:43.545354','5','Shyam',3,'',15,1),(142,'2016-04-28 04:05:44.610009','9','Snap',3,'',15,1),(143,'2016-04-28 04:05:45.674963','11','Suryawell',3,'',15,1),(144,'2016-04-28 04:05:46.740808','22','Vatsa',3,'',15,1),(145,'2016-04-28 04:05:47.806512','21','Venki',3,'',15,1),(86,'2016-04-22 10:12:30.502834','18','Indra',1,'',15,4),(185,'2016-04-30 10:25:42.158637','26','Mohammed baig, Happy wheels',1,'',21,4),(182,'2016-04-29 13:20:42.633113','23','Car styles, Car styles',1,'',21,3),(183,'2016-04-30 10:12:41.706257','24','Sahara, Sahara cars planet',1,'',21,4),(184,'2016-04-30 10:21:33.737385','25','Zoom, Zoom car dealers',1,'',21,4),(139,'2016-04-28 04:04:41.342769','8','Rakeshwari@gmail.com',3,'',15,1),(138,'2016-04-28 04:04:40.309801','16','Raghu',3,'',15,1),(137,'2016-04-28 04:04:39.276858','17','Prasad',3,'',15,1),(95,'2016-04-23 09:25:04.871426','19','demoforkpartner',1,'',15,1),(181,'2016-04-29 13:17:21.792301','22','Tanveer, Bharath auto accessories',1,'',21,3),(177,'2016-04-28 12:21:32.468297','18','Car city, Car city',1,'',21,4),(178,'2016-04-28 12:26:05.737060','19','Friends auto spares, Friends auto spares',1,'',21,4),(179,'2016-04-29 13:09:25.058186','20','Basavaraju.M, Car designers',1,'',21,3),(180,'2016-04-29 13:13:56.832677','21','Amar jain, Smart kars',1,'',21,3),(100,'2016-04-23 12:30:49.899567','19','demoforkpartner',3,'',15,1),(187,'2016-05-03 09:03:18.938020','9','Bactakleen',2,'Changed base_price.',25,2),(188,'2016-05-03 09:04:11.894559','8','Bactakleen',2,'Changed base_price.',25,2),(105,'2016-04-26 07:08:22.097303','20','demoforkpartner',1,'',15,1),(136,'2016-04-28 04:04:38.242029','14','Pandu',3,'',15,1),(135,'2016-04-28 04:04:37.209206','12','Nanu4',3,'',15,1),(108,'2016-04-27 03:42:44.738563','21','Venki',1,'',15,4),(109,'2016-04-27 03:44:55.946706','22','Vatsa',1,'',15,3),(150,'2016-04-28 04:07:29.099417','19','Shankara Reddy, 9620412304',3,'',18,1),(149,'2016-04-28 04:07:28.066853','20','Krishna manohar IAS, 9001230123',3,'',18,1),(148,'2016-04-28 04:07:27.034078','21','Krishna S, 9036370004',3,'',18,1),(147,'2016-04-28 04:07:26.000454','22','Shivu Anand, 9482831666',3,'',18,1),(146,'2016-04-28 04:07:24.968869','23','Hitu V, 9036370004',3,'',18,1),(117,'2016-04-28 04:01:11.396716','15','Chandu',3,'',15,1),(118,'2016-04-28 04:01:12.402302','20','demoforkpartner',3,'',15,1),(119,'2016-04-28 04:01:13.407555','7','Dhanu',3,'',15,1),(120,'2016-04-28 04:01:14.416997','18','Indra',3,'',15,1),(121,'2016-04-28 04:01:15.421221','10','Me',3,'',15,1),(122,'2016-04-28 04:01:16.428261','12','Nanu4',3,'',15,1),(123,'2016-04-28 04:02:34.624932','15','Chandu',3,'',15,1),(124,'2016-04-28 04:02:35.650243','20','demoforkpartner',3,'',15,1),(125,'2016-04-28 04:02:36.675894','7','Dhanu',3,'',15,1),(126,'2016-04-28 04:02:37.701088','18','Indra',3,'',15,1),(127,'2016-04-28 04:02:38.726113','10','Me',3,'',15,1),(128,'2016-04-28 04:02:39.751480','12','Nanu4',3,'',15,1),(129,'2016-04-28 04:02:40.777528','14','Pandu',3,'',15,1),(130,'2016-04-28 04:03:33.094514','15','Chandu',3,'',15,1),(131,'2016-04-28 04:03:34.160221','20','demoforkpartner',3,'',15,1),(132,'2016-04-28 04:03:35.225230','7','Dhanu',3,'',15,1),(133,'2016-04-28 04:03:36.290425','18','Indra',3,'',15,1),(134,'2016-04-28 04:03:37.354811','10','Me',3,'',15,1),(190,'2016-05-03 09:05:42.041688','6','Bactakleen',2,'Changed base_price.',25,2),(191,'2016-05-03 09:06:23.603196','5','Bactakleen',2,'Changed base_price.',25,2),(192,'2016-05-03 09:07:07.053664','4','Bactakleen',2,'Changed base_price.',25,2),(193,'2016-05-03 09:07:42.540150','3','Bactakleen',2,'Changed base_price.',25,2),(194,'2016-05-03 09:08:19.097223','2','Bactakleen',2,'Changed base_price.',25,2),(195,'2016-05-03 09:09:00.348904','1','Bactakleen',2,'Changed base_price.',25,2),(196,'2016-05-03 13:00:16.700704','28','Auto shoppe, Auto shoppe',1,'',21,3),(197,'2016-05-03 13:05:20.041074','29','Sapthagiri motors, Sapthagiri motors',1,'',21,3),(198,'2016-05-03 13:08:07.749694','30','Sapthagiri motors, Sapthgiri motors',1,'',21,3),(199,'2016-05-03 13:11:31.426303','31','FN wheel balancing , FN wheel balancing',1,'',21,3),(200,'2016-05-05 03:50:01.880154','32','Bhaskar, Cool Drive',1,'',21,3),(201,'2016-05-06 04:23:26.661893','33','Pradeep Krishna.K, Super Pest Control',1,'',21,3),(202,'2016-05-06 07:20:46.796335','34','Narasimha murthy, National security and allied services',1,'',21,4),(203,'2016-05-06 11:02:17.563739','35','MANU, SGR Cars',1,'',21,3),(204,'2016-05-06 11:08:27.706331','36','Ideal, Ideal pest control',1,'',21,3),(205,'2016-05-06 12:03:21.194126','23','Vatsa',1,'',15,3),(206,'2016-05-06 12:08:43.452119','24','Huli',1,'',15,4),(296,'2016-06-06 04:50:18.333037','2','Bactakleen',2,'Changed active.',26,2),(208,'2016-05-06 12:09:34.863764','24','Huli',2,'No fields changed.',15,4),(294,'2016-06-06 04:48:53.724650','4','Germbuster',2,'Changed base_price.',26,2),(293,'2016-06-06 04:48:04.961233','5','Bactakleen',1,'',26,2),(292,'2016-06-03 13:00:57.527661','30','S.Mohammed',1,'',15,3),(214,'2016-05-11 12:34:13.734105','37','Riyaz pasha, Car n shine',1,'',21,4),(215,'2016-05-11 12:37:06.487641','38','Car base, Car base',1,'',21,4),(216,'2016-05-12 03:47:59.974290','25','darshan',1,'',12,2),(217,'2016-05-13 10:23:36.712568','39','Afzal, Motoware',1,'',21,4),(218,'2016-05-13 10:28:49.586667','40','Farooq, Car galaxy',1,'',21,4),(219,'2016-05-13 13:37:09.167646','41','Ocean office , Ocean office automation',1,'',21,3),(220,'2016-05-13 13:45:22.735201','42','Gopi, Integrated pest control',1,'',21,3),(221,'2016-05-13 13:46:40.879594','42','Gopi, Integrated pest control',2,'Changed address.',21,3),(222,'2016-05-13 14:03:26.577211','43','Musafir, Car craze',1,'',21,3),(223,'2016-05-13 14:03:33.705936','44','Musafir, Car craze',1,'',21,3),(224,'2016-05-13 14:11:45.457098','45','Crystal, Crystal agency',1,'',21,3),(225,'2016-05-13 14:11:51.493266','46','Crystal, Crystal agency',1,'',21,3),(226,'2016-05-14 06:07:01.829338','26','RAKESH',1,'',15,25),(291,'2016-06-02 04:44:34.267487','63','Tarun, Malnad auto treat',1,'',21,3),(290,'2016-06-02 04:40:25.133226','62','Raghavan, Nineonenine integrated solutions pvt ltd',1,'',21,3),(289,'2016-06-02 04:37:03.730184','61','chetan, Sparkle car spa',1,'',21,3),(288,'2016-06-02 04:30:48.988868','60','Firoz khan, Car impressions',1,'',21,3),(287,'2016-06-02 04:28:03.562207','59','Imran Sayeed, Auto world ',1,'',21,3),(286,'2016-06-02 04:21:59.190591','58','sanjeev baid, car gold',1,'',21,3),(285,'2016-06-01 18:04:44.923084','24','Hitu V, 9036370004',3,'',18,1),(284,'2016-06-01 18:04:43.981812','25','Hithu Raj, 9743017666',3,'',18,1),(283,'2016-06-01 18:04:43.040268','26','Lendra Anand, 9482831666',3,'',18,1),(238,'2016-05-14 07:37:29.457235','27','RAKESH1',1,'',15,25),(281,'2016-06-01 18:04:41.156484','28','praveen k, 9164753438',3,'',18,1),(282,'2016-06-01 18:04:42.099328','27','Suresh M, 9164753438',3,'',18,1),(280,'2016-06-01 18:04:40.215587','29','syed suhail, 9164753438',3,'',18,1),(279,'2016-06-01 18:04:39.274744','30','purushotham gowda, 9164753438',3,'',18,1),(278,'2016-06-01 18:04:38.333987','31','sathya prasad d, 9164753438',3,'',18,1),(244,'2016-05-14 11:04:14.505329','47','Tura hi care, Tura hi care',1,'',21,3),(245,'2016-05-14 11:35:34.603218','28','Praveen',1,'',15,25),(277,'2016-06-01 18:04:37.393042','32','yogesh k, 9164753438',3,'',18,1),(276,'2016-06-01 18:04:36.452025','33','mehaboob basha, 9164753438',3,'',18,1),(275,'2016-06-01 18:04:35.510663','34','suhas s, 9164753438',3,'',18,1),(274,'2016-06-01 18:04:34.569538','35','mahesh d, 9164753438',3,'',18,1),(273,'2016-06-01 18:04:33.628423','36','embran  mohamad , 9164753438',3,'',18,1),(252,'2016-05-19 05:04:22.181188','48','Vasanth raj, Pesterad services',1,'',21,3),(253,'2016-05-19 05:08:32.017260','49','Raghavendra, SGR facilities services',1,'',21,3),(254,'2016-05-19 05:18:06.826787','50','Mohammed, Good rich pest control',1,'',21,3),(255,'2016-05-19 05:24:11.994832','51','Aditya agro seeds, aditya agro seeds',1,'',21,3),(256,'2016-05-19 05:27:17.369698','52','Uma shankar, Clean pro',1,'',21,3),(257,'2016-05-19 11:45:37.235296','53','Akram, The supercars',1,'',21,4),(258,'2016-05-19 11:49:06.690029','54','Nadeem pasha, Car care India',1,'',21,4),(259,'2016-05-19 11:53:19.944028','55','Syed zabiulla, Car effects',1,'',21,4),(260,'2016-05-19 11:56:40.238858','56','Rajendra surana, Konark\'s ',1,'',21,4),(261,'2016-05-19 12:00:02.715766','57','Abhishek singh, The car rental company',1,'',21,4),(295,'2016-06-06 04:49:51.875961','3','Germbuster',2,'Changed active.',26,2),(264,'2016-05-30 11:18:24.335164','29','Ipl',1,'',15,3),(272,'2016-06-01 18:04:32.686901','37','embran  mohamad , 9164753438',3,'',18,1),(266,'2016-06-01 17:55:28.550027','24','Huli',3,'',15,1),(267,'2016-06-01 17:55:29.490431','29','Ipl',3,'',15,1),(268,'2016-06-01 17:55:30.430624','28','Praveen',3,'',15,1),(269,'2016-06-01 17:55:31.370081','26','RAKESH',3,'',15,1),(270,'2016-06-01 17:55:32.309547','27','RAKESH1',3,'',15,1),(271,'2016-06-01 17:55:33.251158','23','Vatsa',3,'',15,1),(297,'2016-06-06 04:50:44.632593','1','Bactakleen',2,'Changed active.',26,2),(298,'2016-06-06 04:53:36.910445','10','Germbuster',2,'No fields changed.',25,2),(299,'2016-06-06 04:54:14.477167','9','Bactakleen',2,'No fields changed.',25,2),(300,'2016-06-06 04:55:03.504313','4','Bactakleen',2,'No fields changed.',25,2),(301,'2016-06-06 05:00:50.732341','1','0001 (2016), Excelcia technologies',1,'',16,3),(302,'2016-06-06 05:01:55.082128','1','0001 (2016), Excelcia technologies',2,'No fields changed.',16,3),(303,'2016-06-08 11:15:57.354571','64','Manohar, Just pest',1,'',21,4),(304,'2016-06-08 11:19:05.720778','65','Prithvi, Mobilrs tyre trch',1,'',21,4),(305,'2016-06-08 11:22:11.540919','66','Veeranna, A pro act',1,'',21,4),(306,'2016-06-08 11:22:17.348040','67','Veeranna, A pro act',1,'',21,4),(307,'2016-06-08 11:22:23.701414','68','Veeranna, A pro act',1,'',21,4),(308,'2016-06-08 11:22:29.843796','69','Veeranna, A pro act',1,'',21,4),(309,'2016-06-08 11:22:36.019648','70','Veeranna, A pro act',1,'',21,4),(310,'2016-06-09 03:56:21.597608','71','Deepak raj, Drift car accessories',1,'',21,3),(311,'2016-06-09 04:14:16.443145','72','Syed, Classic car spa',1,'',21,3),(312,'2016-06-09 04:21:09.403402','73','Meshach, Sundar service station',1,'',21,3),(313,'2016-06-09 04:24:23.126959','74','Jagadish, Seven hills',1,'',21,3),(314,'2016-06-10 09:19:53.269429','75','Saibul, Auto shine',1,'',21,3),(315,'2016-06-10 09:25:29.457381','76','Vinod kumar agarwal, Carz A2Z',1,'',21,3),(316,'2016-06-10 09:29:42.955865','77','Wajid sharieff, Total Choice',1,'',21,3),(317,'2016-06-10 09:34:58.659351','78','Nidhin jose, Team tech automobiles pvt. Ltd.',1,'',21,3),(318,'2016-06-25 07:56:14.531807','79','Akram, Car junction',1,'',21,4),(319,'2016-06-25 08:00:13.192408','80','Imran, Car vision',1,'',21,4),(320,'2016-06-25 08:04:28.468805','81','Sadiq, Car crown',1,'',21,4),(321,'2016-06-25 08:07:21.389632','82','Manjunath, Car passion',1,'',21,4),(322,'2016-07-05 11:42:41.662718','83','Amjad, Classic wheel alignment',1,'',21,4),(323,'2016-07-05 11:46:22.787751','84','Safi ulla, Star car decor',1,'',21,4),(324,'2016-07-05 11:51:52.816964','85','Ravichandran , 9845268526',1,'',21,4),(325,'2016-07-05 12:01:23.387623','86','yes motor, yes motor',1,'',21,3),(326,'2016-07-05 12:04:54.723268','87','Zan auto stand, Zan auto stand',1,'',21,3),(327,'2016-07-05 12:09:01.732587','88','vinay, best dial',1,'',21,3),(328,'2016-07-05 12:12:10.505689','89','New india, New india pest control',1,'',21,3),(329,'2016-07-05 12:17:05.581721','90','Prasanna, Vishwas pest control',1,'',21,3),(330,'2016-07-05 12:21:14.050019','91','New, New omex',1,'',21,3),(331,'2016-07-05 12:23:47.918226','92','Nisarga, Nisarga pest control',1,'',21,3),(332,'2016-07-05 12:27:58.728206','93','Venilla muthu, Tyre empire',1,'',21,3),(333,'2016-07-05 12:31:27.147237','94','Chandu, Chandu  motors',1,'',21,3),(334,'2016-07-05 12:34:37.508101','95','Herbal, Herbal pest control',1,'',21,3),(335,'2016-07-09 09:42:10.789429','96','Muneer, Auto fusion',1,'',21,3),(336,'2016-07-09 09:43:22.949455','97','Sethi, Good year ',1,'',21,4),(337,'2016-07-09 09:47:46.739399','98','Mohan kumar, Amogh tyre sales and service',1,'',21,4),(338,'2016-07-20 08:30:03.056188','99','Nizam, car zoom',1,'',21,3),(339,'2016-07-20 08:40:42.585170','100','abdul, bharath car world',1,'',21,3),(340,'2016-07-20 08:44:41.593506','101','nawaz khan, a1 car care centre',1,'',21,3),(341,'2016-07-20 08:48:54.016904','102','shariff, car track',1,'',21,3),(342,'2016-07-20 08:54:36.862368','103','mahesh, car point',1,'',21,3),(343,'2016-07-25 11:38:36.667464','104','Imran khan, car max',1,'',21,3),(344,'2016-07-25 11:45:11.108332','105','Yogesh, car crafts',1,'',21,3),(345,'2016-08-17 04:09:36.685196','31','Bestserve',1,'',15,4),(346,'2016-08-18 14:24:29.297124','106','Sumit agarwal, Glamour car accessories',1,'',21,4),(347,'2016-08-18 14:28:45.618267','107','M kumar , Auto planet ',1,'',21,4),(348,'2016-08-18 14:32:15.916561','108','Anwar ahsan, Top gear ',1,'',21,4),(349,'2016-08-18 14:35:52.866467','109','Adil , Auto spark',1,'',21,4),(350,'2016-08-18 15:03:51.945929','110','Thouqeer khan , Auto fusions',1,'',21,4),(351,'2016-08-18 15:07:02.150462','111','Ranjith, United tyre company',1,'',21,4),(352,'2016-08-18 15:09:48.458949','112','Ashwaq, Fast track',1,'',21,4),(353,'2016-08-18 15:12:31.570027','113','Moto, Moto adda',1,'',21,4),(354,'2016-08-18 15:15:10.759119','114','Nayaz khan , A1 car care center',1,'',21,4),(355,'2016-08-20 07:05:29.674419','32','Cherryindiranagar',1,'',15,4),(356,'2016-08-20 07:07:08.149002','32','Cherryindiranagar',2,'No fields changed.',15,4),(357,'2016-08-20 07:21:11.966601','33','Cherryelectroniccity',1,'',15,4),(358,'2016-08-20 07:36:59.769592','5','Bactakleen',2,'Changed base_price.',26,2),(359,'2016-08-20 07:40:08.763822','2','002 (2016), Excelsia',1,'',16,4),(360,'2016-08-20 07:41:51.412585','1','InventoryInvoice object',1,'',17,4),(361,'2016-08-20 07:43:12.858953','3','003 (2016), Excelsia',1,'',16,4),(362,'2016-08-20 07:44:21.627044','2','InventoryInvoice object',1,'',17,4),(363,'2016-08-20 07:45:42.834445','4','004 (2016), Excelsia',1,'',16,4),(364,'2016-08-20 07:46:42.395440','3','InventoryInvoice object',1,'',17,4),(365,'2016-08-20 07:58:54.649880','115','Siddiq khan , Finish line',1,'',21,4),(366,'2016-08-20 08:01:59.293084','116','Lohith bidari, Car at spa',1,'',21,4),(367,'2016-08-20 08:05:11.563019','117','Wajid sharieff, Total cboice car accessories',1,'',21,4),(368,'2016-08-22 05:59:32.730994','34','Cherry1indiranagar',1,'',15,4),(369,'2016-08-22 06:09:13.329498','34','Cherry1indiranagar',2,'No fields changed.',15,4),(370,'2016-08-22 09:25:00.894920','38','Praveen  Reddy, 9945091299',1,'',18,33),(371,'2016-08-22 09:28:26.632755','40','Invoice#40, Praveen , 948.00',1,'',29,33),(372,'2016-08-22 09:31:06.597010','39','Girish Reddy, 9902833555',1,'',18,33),(373,'2016-08-22 09:34:10.187268','41','Invoice#41, Girish, 948.00',1,'',29,33),(374,'2016-08-22 09:37:43.397971','40','Sridhar Prasad, 9900544331',1,'',18,33),(375,'2016-08-22 09:41:37.610457','42','Invoice#42, Sridhar, 948.00',1,'',29,33),(376,'2016-08-25 10:41:07.614862','41','Kishur  Chinnu, 8884622966',1,'',18,4),(377,'2016-08-25 10:49:49.528979','43','Invoice#43, Kishur , 948.00',1,'',29,33),(378,'2016-08-25 10:55:06.890791','42','Jobish  Thomson, 9886637624',1,'',18,33),(379,'2016-08-25 10:57:30.180627','44','Invoice#44, Jobish , 948.00',1,'',29,33),(380,'2016-08-25 11:34:39.250583','43','Surjith ., 9159917000',1,'',18,33),(381,'2016-08-25 11:36:56.719883','45','Invoice#45, Surjith, 948.00',1,'',29,33),(382,'2016-08-25 11:39:15.123496','44','Vikash Goutham, 9886000093',1,'',18,33),(383,'2016-08-25 11:41:31.028315','46','Invoice#46, Vikash, 948.00',1,'',29,33),(384,'2016-08-26 13:39:22.589864','45','Shiva Kumar, 9448043333',1,'',18,33),(385,'2016-08-26 13:41:41.404802','47','Invoice#47, Shiva, 948.00',1,'',29,33),(386,'2016-08-26 13:42:50.160464','48','Invoice#48, Shiva, 948.00',1,'',29,33),(387,'2016-08-26 13:55:53.074733','46','Sunil  Karunakaran, 9986031708',1,'',18,33),(388,'2016-08-26 13:58:51.216564','49','Invoice#49, Sunil , 948.00',1,'',29,33),(389,'2016-08-29 06:28:25.299586','47','Shiva  Prakash, 9900400761',1,'',18,33),(390,'2016-08-29 06:30:26.690165','50','Invoice#50, Shiva , 948.00',1,'',29,33),(391,'2016-08-29 06:34:15.688209','48','Basil Isaac, 9886068175',1,'',18,33),(392,'2016-08-29 06:36:31.976214','51','Invoice#51, Basil, 948.00',1,'',29,33),(393,'2016-08-29 06:40:41.857873','49','Vivek R, 9663033611',1,'',18,33),(394,'2016-08-29 06:43:41.279261','52','Invoice#52, Vivek, 948.00',1,'',29,33),(395,'2016-08-29 06:46:24.925862','50','Satish Reddy, 9844819491',1,'',18,33),(396,'2016-08-29 06:48:54.385166','53','Invoice#53, Satish, 948.00',1,'',29,33),(397,'2016-09-01 10:25:14.092326','51','Raghu Raghu, 9443893453',1,'',18,33),(398,'2016-09-01 10:27:39.330254','54','Invoice#54, Raghu, 1422.00',1,'',29,33),(399,'2016-09-01 10:30:29.883979','52','Jayram Jayram, 8970695559',1,'',18,33),(400,'2016-09-01 10:33:12.470471','55','Invoice#55, Jayram, 948.00',1,'',29,33),(401,'2016-09-01 10:54:36.315015','53','Varsha V, 9741400288',1,'',18,34),(402,'2016-09-01 10:56:42.724441','56','Invoice#56, Varsha, 948.00',1,'',29,34),(403,'2016-09-01 11:04:38.522151','54','David David, 9663396614',1,'',18,34),(404,'2016-09-01 11:06:59.330930','57','Invoice#57, David, 948.00',1,'',29,34),(405,'2016-09-01 11:09:12.647660','55','Vinay Vinay, 9480000588',1,'',18,34),(406,'2016-09-01 11:11:48.242780','58','Invoice#58, Vinay, 948.00',1,'',29,34),(407,'2016-09-01 11:11:52.381879','59','Invoice#59, Vinay, 948.00',1,'',29,34),(408,'2016-09-01 11:13:33.486930','56','Venkatesh Venki, 9845236008',1,'',18,34),(409,'2016-09-01 11:15:16.910200','60','Invoice#60, Venkatesh, 948.00',1,'',29,34),(410,'2016-09-01 11:20:39.289950','57','Navin Navin, 9886124320',1,'',18,34),(411,'2016-09-01 11:22:29.469835','61','Invoice#61, Navin, 948.00',1,'',29,34),(412,'2016-09-01 11:24:18.428738','58','Manish Manish, 8861977001',1,'',18,34),(413,'2016-09-02 05:21:02.246023','59','Arun Rajagopal, 9845500015',1,'',18,34),(414,'2016-09-02 05:23:22.096344','63','Invoice#63, Arun, 948.00',1,'',29,34),(415,'2016-09-03 13:22:55.399937','60','Madhusoodhan Rao, 9845276181',1,'',18,33),(416,'2016-09-03 13:25:34.447368','64','Invoice#64, Madhusoodhan, 948.00',1,'',29,33),(417,'2016-09-03 13:28:24.236619','61','Venkat Sanapala, 8971488999',1,'',18,33),(418,'2016-09-03 13:30:25.067090','65','Invoice#65, Venkat, 948.00',1,'',29,33),(419,'2016-09-06 10:08:09.847354','62','Libish Balachandran, 8971152683',1,'',18,34),(420,'2016-09-06 10:10:33.331637','66','Invoice#66, Libish, 948.00',1,'',29,34),(421,'2016-09-06 10:13:00.802769','63','Satish Das, 9886172028',1,'',18,34),(422,'2016-09-06 10:15:58.061718','67','Invoice#67, Satish, 948.00',1,'',29,34),(423,'2016-09-06 12:02:39.556135','64','Sathya Murthy, 9448322163',1,'',18,34),(424,'2016-09-06 12:04:45.806098','68','Invoice#68, Sathya, 948.00',1,'',29,34),(425,'2016-09-08 04:52:18.516222','1','Tax object',2,'Changed service_tax_percentage and end_date.',31,2),(426,'2016-09-08 05:16:10.547945','35','konarsjayanagar',1,'',15,4),(427,'2016-09-08 05:23:42.424787','34','Cherry1indiranagar',2,'Changed company_name. Changed name for Owner \"Owner\".',15,4),(428,'2016-09-08 05:24:55.070725','33','Cherryelectroniccity',2,'Changed company_name. Changed name for Owner \"Owner\".',15,4),(429,'2016-09-08 06:33:54.938464','65','Vijay N R, 9986017025',1,'',18,34),(430,'2016-09-08 06:37:42.476759','69','Invoice#69, Vijay, 832.00',1,'',29,34),(431,'2016-09-10 11:24:13.658547','66','Mohan Raj, 9980156047',1,'',18,34),(432,'2016-09-10 11:26:20.549494','70','Invoice#70, Mohan, 832.00',1,'',29,34),(433,'2016-09-12 07:48:07.266349','25','darshan',2,'Changed hire_date, is_active and is_staff.',12,2),(434,'2016-09-12 07:48:48.230831','3','Hitesh',2,'Changed hire_date, is_active and is_staff.',12,2),(435,'2016-09-12 07:54:16.744706','36','suhas',1,'',12,2),(436,'2016-09-12 08:08:51.143438','1','0001 (2016), Excelcia technologies',2,'No fields changed.',16,2),(437,'2016-09-12 08:10:59.529550','3','InventoryInvoice object',2,'Changed delivery_date, cheque_dd_date, transfer_date and realisation_date.',17,2),(438,'2016-09-12 08:25:11.683571','5','005 (2015), Excelcia Technologies',1,'',16,2),(439,'2016-09-12 08:27:43.370200','4','InventoryInvoice object',1,'',17,2),(440,'2016-09-12 08:28:42.277783','3','InventoryInvoice object',2,'Changed delivery_date, security_deposite_amount, cheque_dd_date, transfer_date and realisation_date.',17,2),(441,'2016-09-12 08:30:24.162180','3','InventoryInvoice object',2,'Changed delivery_date, payment_type, cheque_dd_number, cheque_dd_date, transfer_date, bank_name, bank_branch and realisation_date.',17,2),(442,'2016-09-16 06:50:24.982805','67','Arun  A, 9880676901',1,'',18,33),(443,'2016-09-16 06:53:57.936150','71','Invoice#71, Arun , 832.00',1,'',29,33),(444,'2016-09-16 09:22:45.335071','68','Navern N, 9886380739',1,'',18,33),(445,'2016-09-16 09:24:51.900590','72','Invoice#72, Navern, 832.00',1,'',29,33),(446,'2016-09-16 09:26:56.693071','69','Venu Reddy, 9901066266',1,'',18,33),(447,'2016-09-16 09:29:41.215931','73','Invoice#73, Venu, 832.00',1,'',29,33),(448,'2016-09-17 07:21:17.330071','70','Naveen P, 9945569588',1,'',18,34),(449,'2016-09-17 07:24:11.390770','74','Invoice#74, Naveen, 832.00',1,'',29,34),(450,'2016-09-17 07:28:34.306056','71','Sudeer P G, 9980989556',1,'',18,33),(451,'2016-09-17 07:30:37.326721','75','Invoice#75, Sudeer, 832.00',1,'',29,33),(452,'2016-09-19 06:50:42.480033','37','Tyreparkkhr',1,'',15,4),(453,'2016-09-19 07:09:04.489415','37','Tyreparkkhr',2,'No fields changed.',15,4),(454,'2016-09-19 07:12:31.700209','37','Tyreparkkhr',2,'Changed company_name.',15,4),(455,'2016-09-19 07:21:18.190138','72','Javeed Ahemad, 9844031325',1,'',18,37),(456,'2016-09-19 07:25:44.225446','76','Invoice#76, Javeed, 832.00',1,'',29,37),(457,'2016-09-21 06:32:00.972979','73','Jaya Murali, 9845203785',1,'',18,34),(458,'2016-09-21 07:01:16.010329','74','Jaya Murali, 9845203785',1,'',18,34),(459,'2016-09-21 07:20:18.542699','75','Jaya Murali, 9845203785',1,'',18,34),(460,'2016-09-21 07:27:28.724623','76','Jaya Murali, 9845203785',1,'',18,34),(461,'2016-09-21 09:38:08.116446','77','Invoice#77, Jaya, 832.00',1,'',29,34),(462,'2016-09-22 14:17:48.941536','77','Kishore K, 9880013994',1,'',18,33),(463,'2016-09-22 14:20:32.610964','78','Invoice#78, Kishore, 832.00',1,'',29,33),(464,'2016-09-22 14:24:22.295332','78','Arun A, 9845019068',1,'',18,34),(465,'2016-09-22 14:27:09.106192','79','Invoice#79, Arun, 832.00',1,'',29,34),(466,'2016-09-28 03:20:33.060885','79','Manjunath Mural, 9945691302',1,'',18,34),(467,'2016-09-29 04:05:43.383291','80','Sudhakar Reddy, 9886336360',1,'',18,34),(468,'2016-09-29 04:09:35.156699','81','Ramana C V, 8197364789',1,'',18,34),(469,'2016-09-29 07:25:27.204772','82','Guru Prasad, 9341724544',1,'',18,37),(470,'2016-10-01 06:41:11.412444','38','Tyreparkbtm',1,'',15,4),(471,'2016-10-01 08:24:14.956558','83','Anoop Jacob , 9845985959',1,'',18,38),(472,'2016-10-01 11:59:12.694106','84','Kunnal K, 9900048994',1,'',18,38),(473,'2016-10-01 12:37:27.181899','85','Nachsppa K U, 9845364084',1,'',18,38),(474,'2016-10-01 12:37:41.389641','86','Nachsppa K U, 9845364084',1,'',18,38),(475,'2016-10-01 12:44:08.385347','87','Santhosh S, 9003113373',1,'',18,38),(476,'2016-10-03 09:16:46.999810','88','Manoj M, 9880668016',1,'',18,33),(477,'2016-10-04 06:37:38.457323','39','Tyreparkrnr',1,'',15,4),(478,'2016-10-04 06:38:19.349747','39','Tyreparkrnr',2,'No fields changed.',15,4),(479,'2016-10-04 06:41:47.670448','39','Tyreparkrnr',2,'No fields changed.',15,4),(480,'2016-10-05 10:12:50.425052','89','Dr Veena, 9986890050',1,'',18,34),(481,'2016-10-05 10:18:57.436511','90','Nagendra ., 9731819166',1,'',18,34),(482,'2016-10-05 10:22:17.653384','91','Nagendra ., 9731819166',1,'',18,34),(483,'2016-10-05 10:23:52.158496','92','Nagendra ., 9731819166',1,'',18,34),(484,'2016-10-05 10:25:22.779874','93','Nagendra ., 9731819166',1,'',18,34),(485,'2016-10-05 13:58:39.849501','40','Motoadda',1,'',15,36),(486,'2016-10-05 14:08:43.942110','6','006 (2016), Excelcia technologies',1,'',16,36),(487,'2016-10-05 14:12:56.315384','5','InventoryInvoice object',1,'',17,36),(488,'2016-10-07 05:02:37.286940','94','vishwas k n, 9900567829',1,'',18,33),(489,'2016-10-07 10:46:43.992511','95','Anoop Mukundam, 9449258711',1,'',18,39),(490,'2016-10-07 10:50:31.656783','96','Savyasachi Raghu, 9900399544',1,'',18,39),(491,'2016-10-08 06:29:55.081177','41','tyreparkjnr',1,'',15,36),(492,'2016-10-08 06:43:05.633820','97','Ravisha ., 9740037659',1,'',18,37),(493,'2016-10-08 06:47:26.287291','98','Ganesh ., 9959959099',1,'',18,37),(494,'2016-10-08 06:51:46.548298','99','Prakash ., 9980914150',1,'',18,37),(495,'2016-10-08 06:56:37.110953','100','Dinesh ., 9632223172',1,'',18,37),(496,'2016-10-08 06:59:09.881718','101','Ravi Kumar, 9900544331',1,'',18,37),(497,'2016-10-08 10:07:13.384329','102','Akhil Moorthy, 9900600003',1,'',18,41),(498,'2016-10-08 10:10:48.469190','103','Gopal Reddy, 9448670956',1,'',18,41),(499,'2016-10-08 11:25:49.419505','104','Ramesh Kumar, 9663369349',1,'',18,39),(500,'2016-10-13 04:53:08.449320','105','Pavan Kalyan, 9440704189',1,'',18,39),(501,'2016-10-13 04:56:56.463267','106','Invoice#106, Pavan, 832.00',1,'',29,39),(502,'2016-10-13 04:58:53.190559','106','PHANIRAJ ., 9972556741',1,'',18,39),(503,'2016-10-13 05:00:39.469134','107','Invoice#107, PHANIRAJ, 832.00',1,'',29,39),(504,'2016-10-13 05:02:20.839820','107','S M Trading Company ., 9819809111',1,'',18,39),(505,'2016-10-13 05:04:50.251421','108','Invoice#108, S M Trading Company, 832.00',1,'',29,39),(506,'2016-10-13 05:07:50.898997','108','Ganesh ., 9844035609',1,'',18,39),(507,'2016-10-13 05:07:51.811676','109','Ganesh ., 9844035609',1,'',18,39),(508,'2016-10-13 05:10:11.059712','109','Invoice#109, Ganesh, 832.00',1,'',29,39),(509,'2016-10-16 02:01:27.937730','110','Prabhakar Prabhakar, 9945197039',1,'',18,39),(510,'2016-10-16 02:03:04.239901','110','Invoice#110, Prabhakar, 832.00',1,'',29,39),(511,'2016-10-16 02:07:25.579657','111','Vinay Narayanswamy, 9886724862',1,'',18,37),(512,'2016-10-16 02:09:14.026150','111','Invoice#111, Vinay, 832.00',1,'',29,37),(513,'2016-10-16 18:40:21.654175','112','Invoice#112, vishwas, 3120.00',1,'',29,33),(514,'2016-10-17 03:45:07.697712','112','P k Chakravarthy, 9449809975',1,'',18,41),(515,'2016-10-17 03:46:55.039538','113','Invoice#113, P k, 832.00',1,'',29,41),(516,'2016-10-17 04:24:06.977605','42','arjun',1,'',12,2),(517,'2016-10-17 04:29:28.309849','43','bahubali',1,'',12,2),(518,'2016-10-18 06:38:32.542326','113','Sridhar Prasad, 9900544331',1,'',18,34),(519,'2016-10-18 06:39:24.201090','114','Invoice#114, Sridhar, 832.00',1,'',29,34),(520,'2016-10-18 07:07:45.005408','114','Bharath  Kumar, 9008766448',1,'',18,39),(521,'2016-10-18 07:09:01.446871','115','Invoice#115, Bharath , 832.00',1,'',29,39),(522,'2016-10-18 07:12:35.170982','115','Vinay Narayanaswamy, 9886724862',1,'',18,37),(523,'2016-10-18 07:14:04.892239','116','Invoice#116, Vinay, 832.00',1,'',29,37),(524,'2016-10-21 03:52:41.893951','116','Nagesh  P, 9743195300',1,'',18,41),(525,'2016-10-21 03:55:25.144199','117','Invoice#117, Nagesh , 800.00',1,'',29,41),(526,'2016-10-24 06:37:42.164272','44','tyreparkypr',1,'',15,36),(527,'2016-10-25 07:00:28.566289','117','Bhaskar S, 9945333972',1,'',18,41),(528,'2016-10-25 07:02:14.098993','118','Invoice#118, Bhaskar, 800.00',1,'',29,41),(529,'2016-10-27 04:06:41.381498','118','vishwas KN, 9900567829',1,'',18,33),(530,'2016-10-27 04:26:18.860685','118','vishwas KN, 9900567829',3,'',18,1),(531,'2016-10-27 07:22:57.286329','45','tyrepark1ypr',1,'',15,36),(532,'2016-11-07 06:12:57.778553','1','sales.wellnetservices.com/admin',2,'Changed domain.',32,1),(533,'2016-11-07 06:15:18.303112','1','sales.wellnetservices.com',2,'Changed domain.',32,1),(534,'2016-11-10 05:50:18.950990','119','Rahul  Ghosh, 9711788811',1,'',18,34),(535,'2016-11-10 05:52:01.607582','119','Invoice#119, Rahul , 800.00',1,'',29,34),(536,'2016-11-10 05:53:40.836428','120','David ., 9663396614',1,'',18,34),(537,'2016-11-10 05:56:08.070793','120','Invoice#120, David, 800.00',1,'',29,34),(538,'2016-11-10 06:05:46.284942','121','Jayakumar ., 9663372739',1,'',18,39),(539,'2016-11-10 06:07:56.114856','121','Invoice#121, Jayakumar, 800.00',1,'',29,39),(540,'2016-11-10 06:09:43.695494','122','Praveen Kumar, 9886620689',1,'',18,39),(541,'2016-11-10 06:11:17.187879','122','Invoice#122, Praveen, 800.00',1,'',29,39),(542,'2016-11-10 06:12:40.957317','123','Kavitha ., 9844367797',1,'',18,39),(543,'2016-11-10 06:14:15.531236','123','Invoice#123, Kavitha, 800.00',1,'',29,39),(544,'2016-11-10 06:16:01.931347','124','Beena Welson, 9483885522',1,'',18,39),(545,'2016-11-10 06:17:34.239633','125','Invoice#125, Beena, 800.00',1,'',29,39),(546,'2016-11-10 06:17:35.789612','124','Invoice#124, Beena, 800.00',1,'',29,39),(547,'2016-11-11 08:53:26.995970','125','Sivaiah ., 9845568989',1,'',18,33),(548,'2016-11-11 08:55:13.605442','126','Invoice#126, Sivaiah, 800.00',1,'',29,33),(549,'2016-11-11 09:05:45.496618','35','konarkjnr',2,'Changed username.',15,4),(550,'2016-11-15 05:38:16.692089','44','tyreparkypr',2,'Changed password.',15,1),(551,'2016-11-15 06:11:34.519365','46','expresscarcare',1,'',15,42),(552,'2016-11-15 10:05:59.388557','44','tyreparkypr',2,'Changed email.',15,1),(553,'2016-11-15 10:15:45.472908','44','tyreparkypr',2,'Changed password.',15,2),(554,'2016-11-15 10:19:37.947825','44','tyreparkypr',2,'Changed email.',15,1),(555,'2016-11-15 15:06:22.647503','44','tyreparkypr',2,'Changed password.',15,1),(556,'2016-11-15 15:36:11.303001','44','tyreparkypr',2,'Changed is_active.',15,1),(557,'2016-11-15 15:37:05.306063','44','tyreparkypr',2,'Changed is_staff and is_active.',15,1),(558,'2016-11-15 15:44:26.412056','44','tyreparkypr',2,'Changed password.',15,1),(559,'2016-11-18 04:49:52.205579','47','tyreparkbsk',1,'',15,36),(560,'2016-11-18 10:36:46.421490','126','Prashanth ., 9886610810',1,'',18,41),(561,'2016-11-18 10:38:06.698795','127','Prashanth ., 9886610810',1,'',18,41),(562,'2016-11-23 07:10:54.532693','128','david d, 9663396614',1,'',18,34),(563,'2016-11-23 16:17:14.740248','118','Shambu Hegde, Waxpol Industrial Ltd',1,'',21,42),(564,'2016-11-23 16:20:12.773709','119','Riyaz, R K Car Decor',1,'',21,42),(565,'2016-11-23 16:22:55.477968','120','Manjunath, Gear up',1,'',21,42),(566,'2016-11-23 16:26:51.311609','121','Shaikabdulla, Car Tracks',1,'',21,42),(567,'2016-11-23 16:29:48.099606','122','Deepak, Elite Car Care',1,'',21,42),(568,'2016-11-23 16:32:17.198237','123','Gopi, Keshkamal Motors',1,'',21,42),(569,'2016-11-23 16:35:40.272914','124','Manjunath, M R Car Service and Wash',1,'',21,42),(570,'2016-11-23 16:38:40.971510','125','Syed Athiqualla, Car Dzire',1,'',21,42),(571,'2016-11-23 16:41:27.949160','126','Rahim, Indian Car AC and Electricals',1,'',21,42),(572,'2016-11-23 16:44:09.113016','127','Sri Kumar, Narmada Garage',1,'',21,42),(573,'2016-11-23 16:47:04.488917','128','Pavan, The Car Laundry',1,'',21,42),(574,'2016-11-23 16:50:08.938839','129','Raghu, Sri Krishna Tyres',1,'',21,42),(575,'2016-11-23 16:53:34.786361','130','Anand, Sri Balaji Wheel Allignment',1,'',21,42),(576,'2016-11-23 16:56:05.104113','131','Sundar, S M Cars',1,'',21,42),(577,'2016-11-23 16:59:52.954453','132','Prakash, Swasthika Motors',1,'',21,42),(578,'2016-11-24 04:04:13.048441','129','Hamsaraj ., 9972156093',1,'',18,34),(579,'2016-11-24 04:06:23.078124','127','Invoice#127, Hamsaraj, 800.00',1,'',29,34),(580,'2016-11-24 04:08:27.723859','130','Nived Prasanna, 9611000001',1,'',18,34),(581,'2016-11-24 04:10:14.533776','128','Invoice#128, Nived, 800.00',1,'',29,34),(582,'2016-11-26 07:23:32.111146','131','Ragupathi M, 8050766177',1,'',18,33),(583,'2016-11-26 07:23:37.131134','132','Ragupathi M, 8050766177',1,'',18,33),(584,'2016-11-26 07:37:27.523149','129','Invoice#129, Ragupathi, 700.00',1,'',29,33),(585,'2016-11-26 09:53:54.029118','133','Mridul R , 9845592541',1,'',18,33),(586,'2016-11-26 09:56:33.100216','134','Mridul R , 9845592541',1,'',18,33),(587,'2016-11-26 10:02:26.811233','130','Invoice#130, Mridul, 1500.00',1,'',29,33),(588,'2016-11-26 10:07:51.372501','135','Sisir T, 9916591163',1,'',18,33),(589,'2016-11-26 10:10:43.229019','131','Invoice#131, Sisir, 700.00',1,'',29,33),(590,'2016-11-26 10:15:09.728413','136','Sisir  R , 9916591163',1,'',18,33),(591,'2016-11-26 10:22:32.217707','132','Invoice#132, Sisir, 700.00',1,'',29,33),(592,'2016-11-26 10:26:14.072366','137','B.m Reddy, 9341104545',1,'',18,33),(593,'2016-11-26 10:30:40.675566','133','Invoice#133, B.m, 700.00',1,'',29,33),(594,'2016-11-26 10:33:18.716530','138','Mr. ROHITH  S P L , 9986538652',1,'',18,33),(595,'2016-11-28 04:54:54.198530','139','Rohit Spl, 9986538652',1,'',18,33),(596,'2016-11-28 04:58:07.058699','134','Invoice#134, Rohit, 700.00',1,'',29,33),(597,'2016-11-28 05:01:16.685647','140','Koteshwar Rao, 9482574399',1,'',18,33),(598,'2016-11-28 05:04:01.292295','135','Invoice#135, Koteshwar, 700.00',1,'',29,33),(599,'2016-12-03 11:47:59.895787','141','Tiken ., 9901971890',1,'',18,34),(600,'2016-12-03 11:49:33.309589','136','Invoice#136, Tiken, 800.00',1,'',29,34),(601,'2016-12-03 11:51:22.892187','142','Nanjappa ., 9945470073',1,'',18,34),(602,'2016-12-03 11:52:59.724621','137','Invoice#137, Nanjappa, 800.00',1,'',29,34),(603,'2016-12-03 11:55:03.785381','143','Tyag Ganapathi, 8197206060',1,'',18,34),(604,'2016-12-03 11:57:21.692593','138','Invoice#138, Tyag, 800.00',1,'',29,34),(605,'2016-12-08 09:36:34.331671','48','shuprashinenride',1,'',15,42),(606,'2016-12-09 10:41:00.271109','144','michael martin, 9845902721',1,'',18,37),(607,'2016-12-09 11:01:18.326505','145','Michael Martin, 9845902721',1,'',18,37),(608,'2016-12-09 11:05:19.056825','146','Michael Martin, 9845902721',1,'',18,37),(609,'2016-12-09 11:07:36.985029','139','Invoice#139, Michael, 700.00',1,'',29,37),(610,'2016-12-12 09:53:04.572157','7','07 (2017), Excelcia Technologies',1,'',16,2),(611,'2016-12-12 09:54:17.541456','8','008 (2017), Excelcia Technologies',1,'',16,2),(612,'2016-12-12 09:56:01.265903','9','009 (2017), Excelcia Technologies',1,'',16,2),(613,'2016-12-12 09:57:26.420055','10','0010 (2017), Excelcia Technologies',1,'',16,2),(614,'2016-12-12 09:58:27.757274','11','0011 (2017), Excelcia Technologies',1,'',16,2),(615,'2016-12-12 09:59:27.050760','12','0012 (2017), Excelcia Technologies',1,'',16,2),(616,'2016-12-12 10:00:30.354896','13','0013 (2017), Excelcia Technologies',1,'',16,2),(617,'2016-12-12 10:01:40.661672','14','0014 (2017), Excelcia Technologies',1,'',16,2),(618,'2016-12-12 10:02:41.481268','15','0015 (2017), Excelcia Technologies',1,'',16,2),(619,'2016-12-12 10:07:19.995230','6','InventoryInvoice object',1,'',17,2),(620,'2016-12-12 10:09:07.204810','7','InventoryInvoice object',1,'',17,2),(621,'2016-12-12 10:11:19.226189','8','InventoryInvoice object',1,'',17,2),(622,'2016-12-12 10:13:15.760555','9','InventoryInvoice object',1,'',17,2),(623,'2016-12-12 10:17:04.973716','10','InventoryInvoice object',1,'',17,2),(624,'2016-12-12 10:19:20.732297','11','InventoryInvoice object',1,'',17,2),(625,'2016-12-12 10:23:08.176618','12','InventoryInvoice object',1,'',17,2),(626,'2016-12-12 10:25:58.107892','13','InventoryInvoice object',1,'',17,2),(627,'2016-12-13 10:57:52.977718','147','MR.SARAVANA KUMAR, 9741009955',1,'',18,37),(628,'2016-12-15 03:59:09.571359','148','Nagaraj  M, 9741228539',1,'',18,44),(629,'2016-12-15 04:03:45.485896','140','Invoice#140, Nagaraj , 700.00',1,'',29,44),(630,'2016-12-15 04:10:39.687169','149','Shivu Kumar, 9843355985',1,'',18,44),(631,'2016-12-15 04:43:49.486844','141','Invoice#141, Shivu, 800.00',1,'',29,44),(632,'2016-12-24 06:11:25.466336','49','sudarshanexpresscarcare',1,'',15,42),(633,'2016-12-24 12:09:26.207807','150','Anoop ., 9986026654',1,'',18,41),(634,'2016-12-24 12:11:16.075351','142','Invoice#142, Anoop, 800.00',1,'',29,41),(635,'2016-12-29 11:53:56.413570','133','Dinesh, Sivamurugan Tyres',1,'',21,36),(636,'2016-12-29 11:56:48.618383','134','Ashok / Sandesh, Reflect On',1,'',21,36),(637,'2016-12-29 12:00:20.729558','135','Sanket, S V Car professional',1,'',21,36),(638,'2016-12-29 12:02:28.177604','136','Manish, CarZippi',1,'',21,36),(639,'2016-12-29 12:05:54.870179','137','Chowdesh, Ravitejus Automobiles',1,'',21,36),(640,'2016-12-29 12:08:21.803468','138','Hameed, Xpert Car Care',1,'',21,36),(641,'2016-12-29 12:10:36.792372','139','Muneer, Marvel Car Care',1,'',21,36),(642,'2016-12-29 12:13:00.880790','140','Manjunath, M R Car Garage',1,'',21,36),(643,'2016-12-29 12:16:32.417127','141','Dinesh, Junction For Car Attachments',1,'',21,36),(644,'2016-12-29 12:19:59.470726','142','Kumar, ShivSai Car Care',1,'',21,36),(645,'2016-12-29 12:22:17.477997','143','Somashekar, Shiva Car Care',1,'',21,36),(646,'2016-12-29 12:24:49.101329','144','Harsha, Roch Werks',1,'',21,36),(647,'2016-12-29 12:27:05.885081','145','Suresh, Car Care India',1,'',21,36),(648,'2016-12-29 12:30:23.000517','146','Naveen Subramanya, Hot Rodz Automotive',1,'',21,36),(649,'2016-12-29 12:32:57.247958','147','Narendra, Refresh Car Spa',1,'',21,36),(650,'2016-12-29 12:35:20.293804','148','Hidayath, Taj Car Decor',1,'',21,36),(651,'2016-12-29 12:37:39.956389','149','Srikanth, Wheels Online',1,'',21,36),(652,'2016-12-29 12:39:30.146260','150','Usman, Auto Fusion',1,'',21,36),(653,'2016-12-29 12:41:40.743115','151','Suresh, Aditya Wheel Alignment',1,'',21,36),(654,'2016-12-29 12:43:53.882813','152','Ravi, Tyre Empire',1,'',21,36),(655,'2016-12-29 12:46:58.312915','153','Prithvi, Mobile Tyre Tech',1,'',21,36),(656,'2016-12-29 12:49:12.377830','154','Rajesh, Vijay Wheel Alignment',1,'',21,36),(657,'2016-12-29 12:51:16.205827','155','Narayana Murthy, Millivisions Pvt Ltd',1,'',21,36),(658,'2016-12-29 12:53:22.174326','156','Harry, Sea Horse Car Care',1,'',21,36),(659,'2016-12-29 12:56:32.976966','157','Suresh / Chandru, TechnoKraft car Service',1,'',21,36),(660,'2016-12-29 12:59:57.196146','158','Sagar, Girimaji Enterprises',1,'',21,36),(661,'2016-12-29 13:10:10.142278','159','Satish Kumar N, Fero Car Care',1,'',21,42),(662,'2016-12-29 13:12:35.490374','160','Adil, 3S Solutions',1,'',21,42),(663,'2016-12-29 13:16:00.652653','161','Pradeep Rao, Quicky Cleaners',1,'',21,42),(664,'2016-12-29 13:19:32.026952','162','Chethan Kumar, GT Car Spa',1,'',21,42),(665,'2017-01-05 08:03:57.610784','163','Sumit Agarwal, Glamour Car Accessories',1,'',21,36),(666,'2017-01-07 04:09:15.642577','50','autofusion',1,'',15,36),(667,'2017-01-07 04:12:49.709554','51','autofusioninr',1,'',15,36),(668,'2017-01-09 03:40:01.417225','16','14 (2016), Excelsia Technologies',1,'',16,36),(669,'2017-01-09 03:41:25.059816','16','0016 (2016), Excelsia Technologies',2,'Changed machine_number.',16,36),(670,'2017-01-09 03:47:11.424452','17','0017 (2016), Excelsia Technologies',1,'',16,36),(671,'2017-01-09 03:48:22.755056','18','0018 (2016), Excelsia Technologies',1,'',16,36),(672,'2017-01-09 03:55:21.349890','14','InventoryInvoice object',1,'',17,36),(673,'2017-01-09 04:00:33.552143','52','refreshcarspa',1,'',15,36),(674,'2017-01-09 04:03:10.550372','15','InventoryInvoice object',1,'',17,36),(675,'2017-01-09 13:03:32.710294','164','Yogesh, Throttle',1,'',21,36),(676,'2017-01-10 07:12:20.529822','165','Manoj, The Smart Car Wash',1,'',21,36),(677,'2017-02-28 11:29:51.317346','53','imaginepestservices',1,'',15,36),(678,'2017-02-28 11:34:43.598316','16','InventoryInvoice object',1,'',17,36),(679,'2017-02-28 11:39:27.039182','166','Narasimha Reddy, Panorama Pest Care Services',1,'',21,36),(680,'2017-02-28 11:43:44.315997','167','Suhas, Bubbles Car Spa',1,'',21,36),(681,'2017-02-28 11:46:29.167627','168','Abhay, Pestron India',1,'',21,36),(682,'2017-02-28 11:49:15.137934','169','Sathya Chandran, Velcare International',1,'',21,36),(683,'2017-03-01 09:39:34.556679','54','rapidcarcare',1,'',15,42),(684,'2017-03-06 10:59:40.369093','151','sushant R, 9980029559',1,'',18,37),(685,'2017-03-06 11:07:49.439461','152','harsh har, 9738101479',1,'',18,37),(686,'2017-03-08 07:45:54.499275','17','InventoryInvoice object',1,'',17,36),(687,'2017-03-13 06:19:07.784525','153','PRAVEEN KUMAR, 9886249116',1,'',18,37),(688,'2017-03-13 06:25:58.057012','153','PRAVEEN KUMAR, 9886249116',2,'No fields changed.',18,37),(689,'2017-03-14 08:55:54.622890','154','SREE MUGAMBIGAI GLAZING (P) LTD SREE, 9663508833',1,'',18,37),(690,'2017-03-14 08:58:29.447547','154','SREE MUGAMBIGAI GLAZING (P) LTD SREE, 9663508833',2,'No fields changed.',18,37),(691,'2017-03-14 13:28:40.648735','155','BADAMI BADAMI, 9900022485',1,'',18,37),(692,'2017-03-14 13:30:13.569788','155','BADAMI BADAMI, 9900022485',2,'No fields changed.',18,37),(693,'2017-03-24 03:37:53.323956','50','autofusion',2,'Changed is_staff and is_active.',15,2),(694,'2017-03-24 03:44:16.129439','52','refreshcarspa',2,'Changed is_staff and is_active.',15,2),(695,'2017-03-24 03:44:16.928896','52','refreshcarspa',2,'Changed is_staff and is_active.',15,2),(696,'2017-03-24 03:45:24.865206','30','S.Mohammed',2,'Changed is_staff and is_active.',15,2),(697,'2017-03-24 04:00:11.999530','32','Cherryindiranagar',2,'Changed is_staff and is_active.',15,2),(698,'2017-03-24 04:01:15.028137','46','expresscarcare',2,'Changed is_staff.',15,2),(699,'2017-03-24 04:02:14.349713','35','konarkjnr',2,'No fields changed.',15,2),(700,'2017-03-24 04:04:35.707896','54','rapidcarcare',2,'Changed is_staff.',15,2),(701,'2017-03-24 04:06:30.572889','48','shuprashinenride',2,'Changed is_staff.',15,2),(702,'2017-03-24 04:07:53.107387','49','sudarshanexpresscarcare',2,'Changed is_staff.',15,2),(703,'2017-03-24 04:12:01.652718','45','tyrepark1ypr',2,'Changed is_staff.',15,2),(704,'2017-03-24 04:12:57.296443','47','tyreparkbsk',2,'Changed is_active.',15,2),(705,'2017-03-24 04:15:25.848457','44','tyreparkypr',2,'Changed is_staff and is_active.',15,2),(706,'2017-03-24 05:20:17.096724','156','ms.veena veena, 9986890050',1,'',18,34),(707,'2017-03-24 05:28:33.924409','157','MR.SRINIVASA RAO, 9590959087',1,'',18,34),(708,'2017-03-24 05:32:10.818814','158','mr.srinivasa rao rao, 9590959087',1,'',18,34),(709,'2017-03-24 05:36:19.042246','159','shrinivas RAO, 9590959087',1,'',18,34),(710,'2017-03-24 05:44:14.188087','160','shrinivas rao, 9590959087',1,'',18,34),(711,'2017-03-24 11:45:12.816469','161','mr francis m, 9008488811',1,'',18,38),(712,'2017-03-24 11:45:15.624203','162','mr francis m, 9008488811',1,'',18,38),(713,'2017-03-24 11:47:58.143064','163','mr francis hn, 9008488811',1,'',18,38),(714,'2017-03-24 11:52:20.832553','164','sdjsdd dsaxz, 7795586131',1,'',18,38),(715,'2017-03-24 11:52:23.074469','165','sdjsdd dsaxz, 7795586131',1,'',18,38),(716,'2017-03-24 11:52:25.175269','166','sdjsdd dsaxz, 7795586131',1,'',18,38),(717,'2017-03-24 12:02:01.468933','167','francis mn, 9008488811',1,'',18,38),(718,'2017-03-25 03:55:32.574328','56','manupitstop',2,'Changed is_staff.',15,2),(719,'2017-03-25 13:09:46.550686','168','Mithun Reddy, 8861619999',1,'',18,56),(720,'2017-03-27 07:51:00.438780','169','Abhishek B, 7899111799',1,'',18,54),(721,'2017-03-28 06:43:18.940953','170','PRASHANTH  , 9986800177',1,'',18,54),(722,'2017-03-28 06:48:00.443160','171','MANJU  , 9980199802',1,'',18,54),(723,'2017-03-28 06:51:28.774124','172','RAVEENDRA  , 9902177116',1,'',18,54),(724,'2017-03-28 06:54:04.483320','173','YATHEESH  , 9980222095',1,'',18,54),(725,'2017-03-28 07:02:15.674481','174','KRISHNA  , 9620151657',1,'',18,54),(726,'2017-03-28 07:05:28.554166','175','VIJAY  , 7259400112',1,'',18,54),(727,'2017-03-28 07:10:05.058749','176','SRIKANT  , 7019726649',1,'',18,54),(728,'2017-03-31 10:34:16.033854','177','raju t, 9901445422',1,'',18,45),(729,'2017-03-31 10:41:07.549979','178','r anand, 8123363334',1,'',18,45),(730,'2017-04-01 06:22:42.943553','179','bahubali r, 7795586131',1,'',18,41),(731,'2017-04-08 08:40:47.790091','180','bahubali r, 8722720575',1,'',18,33),(732,'2017-04-08 08:45:22.510176','181','bahubali R, 8722720575',1,'',18,33),(733,'2017-04-08 08:59:12.692336','182','bahubali R, 8722720575',1,'',18,33),(734,'2017-04-08 09:05:36.610536','183','shivu shanker, 9972295683',1,'',18,33),(735,'2017-04-14 07:54:45.725169','184','MR.SURESH SURESH, 9591926666',1,'',18,34),(736,'2017-04-15 05:00:59.085414','185','manjunath k, 9686567886',1,'',18,37),(737,'2017-04-15 05:04:37.595678','186','nassur mnasur, 9845051147',1,'',18,37),(738,'2017-04-15 05:07:48.132583','187','prasad p, 9538098267',1,'',18,37),(739,'2017-04-17 09:27:51.594379','188','srsshgyri hkjhjkhj, 9900029000',1,'',18,46),(740,'2017-04-18 17:34:08.630758','189',' carnatic engineering  industries, 9909912034',1,'',18,41),(741,'2017-04-18 17:41:19.802747','190','kiran apachu, 8884100657',1,'',18,41),(742,'2017-04-18 17:41:20.221841','191','kiran apachu, 8884100657',1,'',18,41),(743,'2017-04-18 17:41:22.126571','192','kiran apachu, 8884100657',1,'',18,41),(744,'2017-04-18 17:52:56.973967','193','rajesh kumar, 8777911233',1,'',18,41),(745,'2017-04-19 03:37:59.746928','194','A s  Shetty, 9449059570',1,'',18,41),(746,'2017-04-19 03:43:48.721600','195','Arun A, 9686222207',1,'',18,41),(747,'2017-04-21 05:43:45.853354','196','RAJESH  RAJESH, 9845067109',1,'',18,41),(748,'2017-04-22 12:47:49.174506','197','krishna  prasad, 9986697322',1,'',18,33),(749,'2017-04-22 12:51:23.117566','198','abhishak p, 9741793868',1,'',18,33),(750,'2017-04-22 12:54:24.225644','199','rangabhashyam t, 9972310367',1,'',18,33),(751,'2017-04-22 12:56:40.096377','200','anil kumar, 9066889288',1,'',18,33),(752,'2017-04-24 03:45:28.723069','201','Kumar Kumar, 9980150760',1,'',18,49),(753,'2017-05-05 10:29:35.334093','202','Arun B, 9538877181',1,'',18,58),(754,'2017-05-10 17:11:32.197842','203','rahul kumar, 8892645216',1,'',18,41),(755,'2017-05-10 17:11:32.844712','204','rahul kumar, 8892645216',1,'',18,41),(756,'2017-05-10 17:11:32.997186','205','rahul kumar, 8892645216',1,'',18,41),(757,'2017-05-11 09:37:48.423594','206','amit kumar roy, 9886228425',1,'',18,46),(758,'2017-05-11 09:37:52.012242','207','amit kumar roy, 9886228425',1,'',18,46),(759,'2017-05-13 10:33:34.346080','208','c y saravana kumar, 9686606868',1,'',18,33),(760,'2017-05-15 13:23:49.616669','209','roshin p, 9742256067',1,'',18,34),(761,'2017-05-18 12:31:53.708793','210','naveen gowda, 8553449595',1,'',18,59),(762,'2017-05-18 12:42:03.746363','210','naveen gowda, 8553449595',2,'No fields changed.',18,59),(763,'2017-05-19 06:10:34.544446','211','Nagesh Ug, 9845450836',1,'',18,59),(764,'2017-05-19 10:45:23.020835','212','sumanth sumanth, 9900700311',1,'',18,59),(765,'2017-05-19 14:27:15.399279','213','kiran kiran, 9886806263',1,'',18,59),(766,'2017-05-20 05:35:52.204512','214','nagesh j, 9743795300',1,'',18,41),(767,'2017-05-20 08:10:53.653222','215','edwin edwin, 9845140704',1,'',18,59),(768,'2017-05-20 11:34:22.764860','216','vinod  vinsee, 7899328282',1,'',18,59),(769,'2017-05-20 11:34:47.285087','217','vinod  vinsee, 7899328282',1,'',18,59),(770,'2017-05-22 10:46:11.279074','218','arun bm, 9845092324',1,'',18,37),(771,'2017-05-22 10:49:12.096931','219','sameer khan, 9845078374',1,'',18,37),(772,'2017-05-22 10:51:36.914751','220','vikhar v, 9845482486',1,'',18,37),(773,'2017-05-22 13:44:30.970000','221','zaheer hussain, 9845210587',1,'',18,37),(774,'2017-05-23 07:10:51.260504','222','sunil kumar, 9845834566',1,'',18,45),(775,'2017-05-23 07:13:48.029456','223','sunil kumar, 9845834566',1,'',18,45),(776,'2017-05-29 01:31:24.324137','224','kiran k, 9663382569',1,'',18,33),(777,'2017-05-29 01:31:24.987328','225','kiran k, 9663382569',1,'',18,33),(778,'2017-05-29 01:31:26.748832','226','kiran k, 9663382569',1,'',18,33),(779,'2017-05-29 01:35:05.320189','227','deepak m, 9986928191',1,'',18,33),(780,'2017-05-29 02:51:49.321385','228','shailendr s, 9620444022',1,'',18,49),(781,'2017-05-29 02:55:29.798815','229','sharad juiswal, 9449516582',1,'',18,49),(782,'2017-06-01 12:26:25.139360','230','raghottam n m, 9686244771',1,'',18,38),(783,'2017-06-05 07:51:26.782850','62','rotechmotors',2,'Changed email.',15,2),(784,'2017-06-05 10:29:47.573235','231','Arun ., 8867771666',1,'',18,60),(785,'2017-06-06 03:17:59.186909','232','Arun ., 8867771666',1,'',18,60),(786,'2017-06-06 03:19:51.134392','232','Arun ., 8867771666',2,'No fields changed.',18,60),(787,'2017-06-06 03:22:00.408187','233','Suhas  Srivatsa, 9741822229',1,'',18,60),(788,'2017-06-06 10:37:43.967959','234','K N muthp, 7899432055',1,'',18,45),(789,'2017-06-06 12:44:26.500684','235','Chethan H S, 9739866292',1,'',18,45),(790,'2017-06-07 14:41:40.537908','236','krishna kumar, 9743124160',1,'',18,59),(791,'2017-06-08 13:10:57.304969','237','sanjeevappa n, 8867877143',1,'',18,34),(792,'2017-06-08 13:13:00.489865','230','Invoice#230, sanjeevappa, 800.00',1,'',29,34),(793,'2017-06-08 13:13:14.999299','231','Invoice#231, sanjeevappa, 700.00',1,'',29,34);
/*!40000 ALTER TABLE `django_admin_log` ENABLE KEYS */;
UNLOCK TABLES;

--
-- Table structure for table `django_content_type`
--

DROP TABLE IF EXISTS `django_content_type`;
/*!40101 SET @saved_cs_client     = @@character_set_client */;
/*!40101 SET character_set_client = utf8 */;
CREATE TABLE `django_content_type` (
  `id` int(11) NOT NULL AUTO_INCREMENT,
  `app_label` varchar(100) NOT NULL,
  `model` varchar(100) NOT NULL,
  PRIMARY KEY (`id`),
  UNIQUE KEY `django_content_type_app_label_45f3b1d93ec8c61c_uniq` (`app_label`,`model`)
) ENGINE=MyISAM AUTO_INCREMENT=34 DEFAULT CHARSET=latin1;
/*!40101 SET character_set_client = @saved_cs_client */;

--
-- Dumping data for table `django_content_type`
--

LOCK TABLES `django_content_type` WRITE;
/*!40000 ALTER TABLE `django_content_type` DISABLE KEYS */;
INSERT INTO `django_content_type` VALUES (1,'admin','logentry'),(2,'auth','permission'),(3,'auth','group'),(4,'contenttypes','contenttype'),(5,'sessions','session'),(6,'services','moreinfo'),(7,'services','state'),(8,'services','city'),(9,'services','channelpartnersegment'),(10,'services','customercategory'),(11,'services','baseuser'),(12,'services','employee'),(13,'services','partnerbranch'),(14,'services','partnerasowner'),(15,'services','channelpartner'),(16,'services','machine'),(17,'services','inventoryinvoice'),(18,'services','customer'),(19,'services','leadstatus'),(20,'services','statusreason'),(21,'services','lead'),(22,'services','booking'),(23,'services','paymenttype'),(24,'services','product'),(25,'services','productsegmentprice'),(26,'services','productprice'),(27,'services','productquantityunitdisplay'),(28,'services','productquantity'),(29,'services','customerinvoice'),(30,'services','customerproductquantity'),(31,'services','tax'),(32,'sites','site'),(33,'django_cron','cronjoblog');
/*!40000 ALTER TABLE `django_content_type` ENABLE KEYS */;
UNLOCK TABLES;

--
-- Table structure for table `django_cron_cronjoblog`
--

DROP TABLE IF EXISTS `django_cron_cronjoblog`;
/*!40101 SET @saved_cs_client     = @@character_set_client */;
/*!40101 SET character_set_client = utf8 */;
CREATE TABLE `django_cron_cronjoblog` (
  `id` int(11) NOT NULL AUTO_INCREMENT,
  `code` varchar(64) NOT NULL,
  `start_time` datetime(6) NOT NULL,
  `end_time` datetime(6) NOT NULL,
  `is_success` tinyint(1) NOT NULL,
  `message` longtext NOT NULL,
  `ran_at_time` time(6) DEFAULT NULL,
  PRIMARY KEY (`id`),
  KEY `django_cron_cronjoblog_code_754ef82e28dbbaf4_idx` (`code`,`is_success`,`ran_at_time`),
  KEY `django_cron_cronjoblog_code_633b08e9abde5764_idx` (`code`,`start_time`,`ran_at_time`),
  KEY `django_cron_cronjoblog_code_4e16f5a60e31a319_idx` (`code`,`start_time`),
  KEY `django_cron_cronjoblog_c1336794` (`code`),
  KEY `django_cron_cronjoblog_c4d98dbd` (`start_time`),
  KEY `django_cron_cronjoblog_305d2889` (`end_time`),
  KEY `django_cron_cronjoblog_a05e4b70` (`ran_at_time`)
) ENGINE=MyISAM AUTO_INCREMENT=389 DEFAULT CHARSET=latin1;
/*!40101 SET character_set_client = @saved_cs_client */;

--
-- Dumping data for table `django_cron_cronjoblog`
--

LOCK TABLES `django_cron_cronjoblog` WRITE;
/*!40000 ALTER TABLE `django_cron_cronjoblog` DISABLE KEYS */;
INSERT INTO `django_cron_cronjoblog` VALUES (1,'app.jobs.ServiceReminder','2016-05-27 13:00:04.701439','2016-05-27 13:00:06.506441',1,'',NULL),(2,'app.jobs.ServiceReminder','2016-05-28 13:00:05.026237','2016-05-28 13:00:06.846492',1,'',NULL),(3,'app.jobs.ServiceReminder','2016-05-29 13:00:03.951606','2016-05-29 13:00:05.759176',1,'',NULL),(4,'app.jobs.ServiceReminder','2016-05-30 13:00:04.656215','2016-05-30 13:00:06.574307',1,'',NULL),(5,'app.jobs.ServiceReminder','2016-05-31 13:00:03.842959','2016-05-31 13:00:05.678239',1,'',NULL),(6,'app.jobs.ServiceReminder','2016-06-01 13:00:04.570382','2016-06-01 13:00:06.516338',1,'',NULL),(7,'app.jobs.ServiceReminder','2016-06-02 13:00:03.958081','2016-06-02 13:00:05.931902',1,'',NULL),(8,'app.jobs.ServiceReminder','2016-06-03 13:00:04.334300','2016-06-03 13:00:06.265668',1,'',NULL),(9,'app.jobs.ServiceReminder','2016-06-04 13:00:05.258090','2016-06-04 13:00:07.121085',1,'',NULL),(10,'app.jobs.ServiceReminder','2016-06-05 13:00:04.710971','2016-06-05 13:00:06.574738',1,'',NULL),(11,'app.jobs.ServiceReminder','2016-06-06 13:00:04.535552','2016-06-06 13:00:06.536138',1,'',NULL),(12,'app.jobs.ServiceReminder','2016-06-07 13:00:04.694685','2016-06-07 13:00:06.549667',1,'',NULL),(13,'app.jobs.ServiceReminder','2016-06-08 13:00:04.746162','2016-06-08 13:00:06.670167',1,'',NULL),(14,'app.jobs.ServiceReminder','2016-06-09 13:00:04.395473','2016-06-09 13:00:06.193737',1,'',NULL),(15,'app.jobs.ServiceReminder','2016-06-10 13:00:05.402025','2016-06-10 13:00:07.144613',1,'',NULL),(16,'app.jobs.ServiceReminder','2016-06-11 13:00:04.723608','2016-06-11 13:00:06.496143',1,'',NULL),(17,'app.jobs.ServiceReminder','2016-06-12 13:00:05.081048','2016-06-12 13:00:06.983210',1,'',NULL),(18,'app.jobs.ServiceReminder','2016-06-13 13:00:05.311477','2016-06-13 13:00:07.049166',1,'',NULL),(19,'app.jobs.ServiceReminder','2016-06-14 13:00:06.540607','2016-06-14 13:00:08.450821',1,'',NULL),(20,'app.jobs.ServiceReminder','2016-06-15 13:00:06.784917','2016-06-15 13:00:08.718978',1,'',NULL),(21,'app.jobs.ServiceReminder','2016-06-16 13:00:06.008167','2016-06-16 13:00:07.920214',1,'',NULL),(22,'app.jobs.ServiceReminder','2016-06-17 13:00:05.135142','2016-06-17 13:00:06.972897',1,'',NULL),(23,'app.jobs.ServiceReminder','2016-06-18 13:00:05.622679','2016-06-18 13:00:07.546694',1,'',NULL),(24,'app.jobs.ServiceReminder','2016-06-19 13:00:04.409711','2016-06-19 13:00:06.212503',1,'',NULL),(25,'app.jobs.ServiceReminder','2016-06-20 13:00:06.425531','2016-06-20 13:00:08.374013',1,'',NULL),(26,'app.jobs.ServiceReminder','2016-06-21 13:00:07.066433','2016-06-21 13:00:09.048143',1,'',NULL),(27,'app.jobs.ServiceReminder','2016-06-22 13:00:08.411624','2016-06-22 13:00:10.427772',1,'',NULL),(28,'app.jobs.ServiceReminder','2016-06-23 13:00:05.080883','2016-06-23 13:00:06.895132',1,'',NULL),(29,'app.jobs.ServiceReminder','2016-06-24 13:00:06.644003','2016-06-24 13:00:08.754156',1,'',NULL),(30,'app.jobs.ServiceReminder','2016-06-25 13:00:06.430315','2016-06-25 13:00:08.254816',1,'',NULL),(31,'app.jobs.ServiceReminder','2016-06-26 13:00:07.002402','2016-06-26 13:00:08.923291',1,'',NULL),(32,'app.jobs.ServiceReminder','2016-06-27 13:00:07.937011','2016-06-27 13:00:09.882314',1,'',NULL),(33,'app.jobs.ServiceReminder','2016-06-28 13:00:04.618917','2016-06-28 13:00:06.407382',1,'',NULL),(34,'app.jobs.ServiceReminder','2016-06-29 13:00:05.561612','2016-06-29 13:00:07.588127',1,'',NULL),(35,'app.jobs.ServiceReminder','2016-06-30 13:00:07.608507','2016-06-30 13:00:09.602635',1,'',NULL),(36,'app.jobs.ServiceReminder','2016-07-01 13:00:07.744445','2016-07-01 13:00:09.623454',1,'',NULL),(37,'app.jobs.ServiceReminder','2016-07-02 13:00:07.392878','2016-07-02 13:00:09.366577',1,'',NULL),(38,'app.jobs.ServiceReminder','2016-07-03 13:00:07.733428','2016-07-03 13:00:09.745206',1,'',NULL),(39,'app.jobs.ServiceReminder','2016-07-04 13:00:15.116961','2016-07-04 13:00:17.146876',1,'',NULL),(40,'app.jobs.ServiceReminder','2016-07-05 13:00:08.014912','2016-07-05 13:00:10.043328',1,'',NULL),(41,'app.jobs.ServiceReminder','2016-07-06 13:00:05.512564','2016-07-06 13:00:07.396221',1,'',NULL),(42,'app.jobs.ServiceReminder','2016-07-07 13:00:08.258355','2016-07-07 13:00:10.173464',1,'',NULL),(43,'app.jobs.ServiceReminder','2016-07-08 13:00:07.170853','2016-07-08 13:00:09.064201',1,'',NULL),(44,'app.jobs.ServiceReminder','2016-07-09 13:00:07.445615','2016-07-09 13:00:09.442507',1,'',NULL),(45,'app.jobs.ServiceReminder','2016-07-10 13:00:07.171051','2016-07-10 13:00:09.108516',1,'',NULL),(46,'app.jobs.ServiceReminder','2016-07-11 13:00:06.671806','2016-07-11 13:00:08.558006',1,'',NULL),(47,'app.jobs.ServiceReminder','2016-07-12 13:00:07.151368','2016-07-12 13:00:09.017138',1,'',NULL),(48,'app.jobs.ServiceReminder','2016-07-13 13:00:05.949368','2016-07-13 13:00:07.881394',1,'',NULL),(49,'app.jobs.ServiceReminder','2016-07-14 13:00:07.334290','2016-07-14 13:00:09.239962',1,'',NULL),(50,'app.jobs.ServiceReminder','2016-07-15 13:00:06.680670','2016-07-15 13:00:08.629643',1,'',NULL),(51,'app.jobs.ServiceReminder','2016-07-16 13:00:07.071618','2016-07-16 13:00:08.890109',1,'',NULL),(52,'app.jobs.ServiceReminder','2016-07-17 13:00:06.467354','2016-07-17 13:00:08.251984',1,'',NULL),(53,'app.jobs.ServiceReminder','2016-07-18 13:00:07.932692','2016-07-18 13:00:09.738072',1,'',NULL),(54,'app.jobs.ServiceReminder','2016-07-19 13:00:05.464471','2016-07-19 13:00:07.743162',1,'',NULL),(55,'app.jobs.ServiceReminder','2016-07-20 13:00:07.017326','2016-07-20 13:00:08.930691',1,'',NULL),(56,'app.jobs.ServiceReminder','2016-07-21 13:00:05.462839','2016-07-21 13:00:07.454144',1,'',NULL),(57,'app.jobs.ServiceReminder','2016-07-22 13:00:06.797782','2016-07-22 13:00:08.725673',1,'',NULL),(58,'app.jobs.ServiceReminder','2016-07-23 13:00:06.034946','2016-07-23 13:00:07.967992',1,'',NULL),(59,'app.jobs.ServiceReminder','2016-07-24 13:00:07.471448','2016-07-24 13:00:09.400374',1,'',NULL),(60,'app.jobs.ServiceReminder','2016-07-25 13:00:04.963394','2016-07-25 13:00:06.997566',1,'',NULL),(61,'app.jobs.ServiceReminder','2016-07-26 13:00:10.911639','2016-07-26 13:00:13.050219',1,'',NULL),(62,'app.jobs.ServiceReminder','2016-07-27 13:00:10.214414','2016-07-27 13:00:12.316428',1,'',NULL),(63,'app.jobs.ServiceReminder','2016-07-28 13:00:05.733300','2016-07-28 13:00:07.611597',1,'',NULL),(64,'app.jobs.ServiceReminder','2016-07-29 13:00:05.384486','2016-07-29 13:00:07.258887',1,'',NULL),(65,'app.jobs.ServiceReminder','2016-07-30 13:00:06.463936','2016-07-30 13:00:08.513319',1,'',NULL),(66,'app.jobs.ServiceReminder','2016-07-31 13:00:07.649679','2016-07-31 13:00:09.598377',1,'',NULL),(67,'app.jobs.ServiceReminder','2016-08-01 13:00:05.565955','2016-08-01 13:00:07.549014',1,'',NULL),(68,'app.jobs.ServiceReminder','2016-08-02 13:00:06.140111','2016-08-02 13:00:07.989975',1,'',NULL),(69,'app.jobs.ServiceReminder','2016-08-03 13:00:03.687434','2016-08-03 13:00:05.663319',1,'',NULL),(70,'app.jobs.ServiceReminder','2016-08-04 13:00:03.853012','2016-08-04 13:00:05.816092',1,'',NULL),(71,'app.jobs.ServiceReminder','2016-08-05 13:00:04.543590','2016-08-05 13:00:06.476379',1,'',NULL),(72,'app.jobs.ServiceReminder','2016-08-06 13:00:04.239368','2016-08-06 13:00:06.133372',1,'',NULL),(73,'app.jobs.ServiceReminder','2016-08-07 13:00:04.680298','2016-08-07 13:00:06.625394',1,'',NULL),(74,'app.jobs.ServiceReminder','2016-08-08 13:00:03.896519','2016-08-08 13:00:05.841561',1,'',NULL),(75,'app.jobs.ServiceReminder','2016-08-09 13:00:03.705916','2016-08-09 13:00:05.600228',1,'',NULL),(76,'app.jobs.ServiceReminder','2016-08-10 13:00:04.356581','2016-08-10 13:00:06.323658',1,'',NULL),(77,'app.jobs.ServiceReminder','2016-08-11 13:00:04.458495','2016-08-11 13:00:06.352331',1,'',NULL),(78,'app.jobs.ServiceReminder','2016-08-12 13:00:04.718970','2016-08-12 13:00:06.732359',1,'',NULL),(79,'app.jobs.ServiceReminder','2016-08-13 13:00:04.040624','2016-08-13 13:00:05.993576',1,'',NULL),(80,'app.jobs.ServiceReminder','2016-08-14 13:00:04.434924','2016-08-14 13:00:06.298621',1,'',NULL),(81,'app.jobs.ServiceReminder','2016-08-15 13:00:04.320311','2016-08-15 13:00:06.334619',1,'',NULL),(82,'app.jobs.ServiceReminder','2016-08-16 13:00:04.254776','2016-08-16 13:00:06.128308',1,'',NULL),(83,'app.jobs.ServiceReminder','2016-08-17 13:00:04.798377','2016-08-17 13:00:06.695110',1,'',NULL),(84,'app.jobs.ServiceReminder','2016-08-18 13:00:04.884725','2016-08-18 13:00:06.771846',1,'',NULL),(85,'app.jobs.ServiceReminder','2016-08-19 13:00:03.846552','2016-08-19 13:00:05.932635',1,'',NULL),(86,'app.jobs.ServiceReminder','2016-08-20 13:00:04.408141','2016-08-20 13:00:06.291111',1,'',NULL),(87,'app.jobs.ServiceReminder','2016-08-21 13:00:04.142061','2016-08-21 13:00:06.041323',1,'',NULL),(88,'app.jobs.ServiceReminder','2016-08-22 13:00:04.475851','2016-08-22 13:00:06.385851',1,'',NULL),(89,'app.jobs.ServiceReminder','2016-08-23 13:00:04.111152','2016-08-23 13:00:06.096123',1,'',NULL),(90,'app.jobs.ServiceReminder','2016-08-24 13:00:04.694274','2016-08-24 13:00:06.580392',1,'',NULL),(91,'app.jobs.ServiceReminder','2016-08-25 13:00:03.923614','2016-08-25 13:00:05.882584',1,'',NULL),(92,'app.jobs.ServiceReminder','2016-08-26 13:00:04.495461','2016-08-26 13:00:06.562431',1,'',NULL),(93,'app.jobs.ServiceReminder','2016-08-27 13:00:04.176654','2016-08-27 13:00:06.052787',1,'',NULL),(94,'app.jobs.ServiceReminder','2016-08-28 13:00:04.611910','2016-08-28 13:00:06.619442',1,'',NULL),(95,'app.jobs.ServiceReminder','2016-08-29 13:00:04.555728','2016-08-29 13:00:06.587727',1,'',NULL),(96,'app.jobs.ServiceReminder','2016-08-30 13:00:04.659276','2016-08-30 13:00:06.640593',1,'',NULL),(97,'app.jobs.ServiceReminder','2016-08-31 13:00:04.556296','2016-08-31 13:00:06.519210',1,'',NULL),(98,'app.jobs.ServiceReminder','2016-09-01 13:00:03.617096','2016-09-01 13:00:05.568600',1,'',NULL),(99,'app.jobs.ServiceReminder','2016-09-02 13:00:04.472864','2016-09-02 13:00:06.353758',1,'',NULL),(100,'app.jobs.ServiceReminder','2016-09-03 13:00:03.933732','2016-09-03 13:00:05.820760',1,'',NULL),(101,'app.jobs.ServiceReminder','2016-09-04 13:00:03.575822','2016-09-04 13:00:05.519220',1,'',NULL),(102,'app.jobs.ServiceReminder','2016-09-05 13:00:03.999073','2016-09-05 13:00:05.936347',1,'',NULL),(103,'app.jobs.ServiceReminder','2016-09-06 13:00:04.553268','2016-09-06 13:00:06.505901',1,'',NULL),(104,'app.jobs.ServiceReminder','2016-09-07 13:00:04.227504','2016-09-07 13:00:06.133912',1,'',NULL),(105,'app.jobs.ServiceReminder','2016-09-08 13:00:04.777888','2016-09-08 13:00:06.668933',1,'',NULL),(106,'app.jobs.ServiceReminder','2016-09-09 13:00:04.521513','2016-09-09 13:00:06.497456',1,'',NULL),(107,'app.jobs.ServiceReminder','2016-09-10 13:00:04.811683','2016-09-10 13:00:06.900186',1,'',NULL),(108,'app.jobs.ServiceReminder','2016-09-11 13:00:04.108965','2016-09-11 13:00:06.126252',1,'',NULL),(109,'app.jobs.ServiceReminder','2016-09-12 13:00:04.697884','2016-09-12 13:00:06.627551',1,'',NULL),(110,'app.jobs.ServiceReminder','2016-09-13 13:00:04.519340','2016-09-13 13:00:06.515913',1,'',NULL),(111,'app.jobs.ServiceReminder','2016-09-14 13:00:04.694419','2016-09-14 13:00:06.697909',1,'',NULL),(112,'app.jobs.ServiceReminder','2016-09-15 13:00:04.944733','2016-09-15 13:00:06.931231',1,'',NULL),(113,'app.jobs.ServiceReminder','2016-09-16 13:00:04.580941','2016-09-16 13:00:06.578416',1,'',NULL),(114,'app.jobs.ServiceReminder','2016-09-17 13:00:04.051021','2016-09-17 13:00:05.970283',1,'',NULL),(115,'app.jobs.ServiceReminder','2016-09-18 13:00:04.355515','2016-09-18 13:00:06.278325',1,'',NULL),(116,'app.jobs.ServiceReminder','2016-09-19 13:00:04.419266','2016-09-19 13:00:06.421212',1,'',NULL),(117,'app.jobs.ServiceReminder','2016-09-20 13:00:04.793581','2016-09-20 13:00:06.725326',1,'',NULL),(118,'app.jobs.ServiceReminder','2016-09-21 13:00:04.495336','2016-09-21 13:00:06.403753',1,'',NULL),(119,'app.jobs.ServiceReminder','2016-09-22 13:00:03.999116','2016-09-22 13:00:05.913776',1,'',NULL),(120,'app.jobs.ServiceReminder','2016-09-23 13:00:04.113235','2016-09-23 13:00:06.002138',1,'',NULL),(121,'app.jobs.ServiceReminder','2016-09-24 13:00:04.829648','2016-09-24 13:00:06.726127',1,'',NULL),(122,'app.jobs.ServiceReminder','2016-09-25 13:00:04.366508','2016-09-25 13:00:06.281998',1,'',NULL),(123,'app.jobs.ServiceReminder','2016-09-26 13:00:04.250021','2016-09-26 13:00:06.153242',1,'',NULL),(124,'app.jobs.ServiceReminder','2016-09-27 13:00:04.824280','2016-09-27 13:00:06.741716',1,'',NULL),(125,'app.jobs.ServiceReminder','2016-09-28 13:00:03.727371','2016-09-28 13:00:05.491351',1,'',NULL),(126,'app.jobs.ServiceReminder','2016-09-29 13:00:04.517421','2016-09-29 13:00:06.373612',1,'',NULL),(127,'app.jobs.ServiceReminder','2016-09-30 13:00:04.087293','2016-09-30 13:00:05.964865',1,'',NULL),(128,'app.jobs.ServiceReminder','2016-10-01 13:00:04.018453','2016-10-01 13:00:05.927059',1,'',NULL),(129,'app.jobs.ServiceReminder','2016-10-02 13:00:05.216877','2016-10-02 13:00:07.193670',1,'',NULL),(130,'app.jobs.ServiceReminder','2016-10-03 13:00:04.770379','2016-10-03 13:00:06.592578',1,'',NULL),(131,'app.jobs.ServiceReminder','2016-10-04 13:00:04.543946','2016-10-04 13:00:06.461406',1,'',NULL),(132,'app.jobs.ServiceReminder','2016-10-05 13:00:05.361802','2016-10-05 13:00:07.178051',1,'',NULL),(133,'app.jobs.ServiceReminder','2016-10-06 13:00:05.125937','2016-10-06 13:00:07.009938',1,'',NULL),(134,'app.jobs.ServiceReminder','2016-10-07 13:00:04.353251','2016-10-07 13:00:06.183600',1,'',NULL),(135,'app.jobs.ServiceReminder','2016-10-08 13:00:03.545281','2016-10-08 13:00:05.382806',1,'',NULL),(136,'app.jobs.ServiceReminder','2016-10-09 13:00:04.993455','2016-10-09 13:00:06.862164',1,'',NULL),(137,'app.jobs.ServiceReminder','2016-10-10 13:00:05.436401','2016-10-10 13:00:07.399964',1,'',NULL),(138,'app.jobs.ServiceReminder','2016-10-11 13:00:04.728079','2016-10-11 13:00:06.593706',1,'',NULL),(139,'app.jobs.ServiceReminder','2016-10-12 13:00:04.090234','2016-10-12 13:00:05.930810',1,'',NULL),(140,'app.jobs.ServiceReminder','2016-10-13 13:00:04.373590','2016-10-13 13:00:06.269104',1,'',NULL),(141,'app.jobs.ServiceReminder','2016-10-14 13:00:04.030258','2016-10-14 13:00:06.491487',1,'',NULL),(142,'app.jobs.ServiceReminder','2016-10-15 13:00:04.888544','2016-10-15 13:00:06.706260',1,'',NULL),(143,'app.jobs.ServiceReminder','2016-10-16 13:00:04.045379','2016-10-16 13:00:06.054761',1,'',NULL),(144,'app.jobs.ServiceReminder','2016-10-17 13:00:04.268739','2016-10-17 13:00:06.164995',1,'',NULL),(145,'app.jobs.ServiceReminder','2016-10-18 13:00:04.170627','2016-10-18 13:00:06.100870',1,'',NULL),(146,'app.jobs.ServiceReminder','2016-10-19 13:00:04.010771','2016-10-19 13:00:05.880182',1,'',NULL),(147,'app.jobs.ServiceReminder','2016-10-20 13:00:04.513472','2016-10-20 13:00:06.396263',1,'',NULL),(148,'app.jobs.ServiceReminder','2016-10-21 13:00:04.790050','2016-10-21 13:00:06.715537',1,'',NULL),(149,'app.jobs.ServiceReminder','2016-10-22 13:00:04.962097','2016-10-22 13:00:06.903983',1,'',NULL),(150,'app.jobs.ServiceReminder','2016-10-23 13:00:04.686201','2016-10-23 13:00:06.579808',1,'',NULL),(151,'app.jobs.ServiceReminder','2016-10-24 13:00:05.122938','2016-10-24 13:00:07.154724',1,'',NULL),(152,'app.jobs.ServiceReminder','2016-10-25 13:00:04.070794','2016-10-25 13:00:05.972182',1,'',NULL),(153,'app.jobs.ServiceReminder','2016-10-26 13:00:05.372650','2016-10-26 13:00:07.243544',1,'',NULL),(154,'app.jobs.ServiceReminder','2016-10-27 13:00:04.755425','2016-10-27 13:00:06.626458',1,'',NULL),(155,'app.jobs.ServiceReminder','2016-10-28 13:00:04.395765','2016-10-28 13:00:06.339061',1,'',NULL),(156,'app.jobs.ServiceReminder','2016-10-29 13:00:04.822941','2016-10-29 13:00:06.729024',1,'',NULL),(157,'app.jobs.ServiceReminder','2016-10-30 13:00:04.322286','2016-10-30 13:00:06.273073',1,'',NULL),(158,'app.jobs.ServiceReminder','2016-10-31 13:00:05.017679','2016-10-31 13:00:06.971992',1,'',NULL),(159,'app.jobs.ServiceReminder','2016-11-01 13:00:04.318457','2016-11-01 13:00:06.205112',1,'',NULL),(160,'app.jobs.ServiceReminder','2016-11-02 13:00:04.626433','2016-11-02 13:00:06.598091',1,'',NULL),(161,'app.jobs.ServiceReminder','2016-11-03 13:00:04.286401','2016-11-03 13:00:06.235265',1,'',NULL),(162,'app.jobs.ServiceReminder','2016-11-04 13:00:04.431934','2016-11-04 13:00:06.535476',1,'',NULL),(163,'app.jobs.ServiceReminder','2016-11-05 13:00:04.675214','2016-11-05 13:00:06.696757',1,'',NULL),(164,'app.jobs.ServiceReminder','2016-11-06 14:00:04.753266','2016-11-06 14:00:06.824212',1,'',NULL),(165,'app.jobs.ServiceReminder','2016-11-07 14:00:05.334990','2016-11-07 14:00:07.683669',1,'',NULL),(166,'app.jobs.ServiceReminder','2016-11-08 14:00:04.266705','2016-11-08 14:00:06.482390',1,'',NULL),(167,'app.jobs.ServiceReminder','2016-11-09 14:00:04.818203','2016-11-09 14:00:06.777316',1,'',NULL),(168,'app.jobs.ServiceReminder','2016-11-10 14:00:04.837813','2016-11-10 14:00:06.774407',1,'',NULL),(169,'app.jobs.ServiceReminder','2016-11-11 14:00:05.068670','2016-11-11 14:00:07.041285',1,'',NULL),(170,'app.jobs.ServiceReminder','2016-11-12 14:00:04.307993','2016-11-12 14:00:06.264308',1,'',NULL),(171,'app.jobs.ServiceReminder','2016-11-13 14:00:04.400325','2016-11-13 14:00:06.336632',1,'',NULL),(172,'app.jobs.ServiceReminder','2016-11-14 14:00:04.807528','2016-11-14 14:00:06.783878',1,'',NULL),(173,'app.jobs.ServiceReminder','2016-11-15 14:00:03.883587','2016-11-15 14:00:17.736761',1,'',NULL),(174,'app.jobs.ServiceReminder','2016-11-16 14:00:04.090806','2016-11-16 14:00:05.967767',1,'',NULL),(175,'app.jobs.ServiceReminder','2016-11-17 14:00:04.383571','2016-11-17 14:00:06.206816',1,'',NULL),(176,'app.jobs.ServiceReminder','2016-11-18 14:00:03.927318','2016-11-18 14:00:18.745011',1,'',NULL),(177,'app.jobs.ServiceReminder','2016-11-19 14:00:03.868655','2016-11-19 14:00:16.916630',1,'',NULL),(178,'app.jobs.ServiceReminder','2016-11-20 14:00:04.273764','2016-11-20 14:00:06.124464',1,'',NULL),(179,'app.jobs.ServiceReminder','2016-11-21 14:00:05.296023','2016-11-21 14:00:07.122427',1,'',NULL),(180,'app.jobs.ServiceReminder','2016-11-22 14:00:04.964039','2016-11-22 14:00:19.692583',1,'',NULL),(181,'app.jobs.ServiceReminder','2016-11-23 14:00:04.150313','2016-11-23 14:00:05.998828',1,'',NULL),(182,'app.jobs.ServiceReminder','2016-11-24 14:00:04.739203','2016-11-24 14:00:06.578739',1,'',NULL),(183,'app.jobs.ServiceReminder','2016-11-25 14:00:04.282714','2016-11-25 14:00:39.107540',1,'',NULL),(184,'app.jobs.ServiceReminder','2016-11-26 14:00:04.190911','2016-11-26 14:00:09.687467',1,'',NULL),(185,'app.jobs.ServiceReminder','2016-11-27 14:00:04.571135','2016-11-27 14:00:13.496455',1,'',NULL),(186,'app.jobs.ServiceReminder','2016-11-28 14:00:05.323392','2016-11-28 14:00:07.247312',1,'',NULL),(187,'app.jobs.ServiceReminder','2016-11-29 14:00:03.938912','2016-11-29 14:00:05.792619',1,'',NULL),(188,'app.jobs.ServiceReminder','2016-11-30 14:00:04.762523','2016-11-30 14:00:15.917670',1,'',NULL),(189,'app.jobs.ServiceReminder','2016-12-01 14:00:05.217801','2016-12-01 14:00:07.077439',1,'',NULL),(190,'app.jobs.ServiceReminder','2016-12-02 14:00:04.113893','2016-12-02 14:00:07.998062',1,'',NULL),(191,'app.jobs.ServiceReminder','2016-12-03 14:00:03.961995','2016-12-03 14:00:05.861713',1,'',NULL),(192,'app.jobs.ServiceReminder','2016-12-04 14:00:04.804147','2016-12-04 14:00:10.291652',1,'',NULL),(193,'app.jobs.ServiceReminder','2016-12-05 14:00:05.431367','2016-12-05 14:00:07.393858',1,'',NULL),(194,'app.jobs.ServiceReminder','2016-12-06 14:00:04.686260','2016-12-06 14:00:06.526590',1,'',NULL),(195,'app.jobs.ServiceReminder','2016-12-07 14:00:04.589914','2016-12-07 14:00:06.439310',1,'',NULL),(196,'app.jobs.ServiceReminder','2016-12-08 14:00:05.329059','2016-12-08 14:00:07.172464',1,'',NULL),(197,'app.jobs.ServiceReminder','2016-12-09 14:00:04.072867','2016-12-09 14:00:05.912806',1,'',NULL),(198,'app.jobs.ServiceReminder','2016-12-10 14:00:03.989979','2016-12-10 14:00:16.558115',1,'',NULL),(199,'app.jobs.ServiceReminder','2016-12-11 14:00:04.702079','2016-12-11 14:00:13.665092',1,'',NULL),(200,'app.jobs.ServiceReminder','2016-12-12 14:00:04.427837','2016-12-12 14:00:06.294604',1,'',NULL),(201,'app.jobs.ServiceReminder','2016-12-13 14:00:04.813910','2016-12-13 14:00:08.717057',1,'',NULL),(202,'app.jobs.ServiceReminder','2016-12-14 14:00:05.081483','2016-12-14 14:00:06.903449',1,'',NULL),(203,'app.jobs.ServiceReminder','2016-12-15 14:00:05.006821','2016-12-15 14:00:08.868864',1,'',NULL),(204,'app.jobs.ServiceReminder','2016-12-16 14:00:05.379971','2016-12-16 14:00:14.487275',1,'',NULL),(205,'app.jobs.ServiceReminder','2016-12-17 14:00:04.657411','2016-12-17 14:00:06.548985',1,'',NULL),(206,'app.jobs.ServiceReminder','2016-12-18 14:00:04.696432','2016-12-18 14:00:06.627837',1,'',NULL),(207,'app.jobs.ServiceReminder','2016-12-19 14:00:05.833503','2016-12-19 14:00:07.716079',1,'',NULL),(208,'app.jobs.ServiceReminder','2016-12-20 14:00:05.251327','2016-12-20 14:00:07.265361',1,'',NULL),(209,'app.jobs.ServiceReminder','2016-12-21 14:00:05.202964','2016-12-21 14:00:07.111232',1,'',NULL),(210,'app.jobs.ServiceReminder','2016-12-22 14:00:04.795407','2016-12-22 14:00:07.539445',1,'',NULL),(211,'app.jobs.ServiceReminder','2016-12-23 14:00:05.779598','2016-12-23 14:00:08.625992',1,'',NULL),(212,'app.jobs.ServiceReminder','2016-12-24 14:00:05.288669','2016-12-24 14:00:07.168662',1,'',NULL),(213,'app.jobs.ServiceReminder','2016-12-25 14:00:05.124060','2016-12-25 14:00:07.869483',1,'',NULL),(214,'app.jobs.ServiceReminder','2016-12-26 14:00:04.522575','2016-12-26 14:00:06.416735',1,'',NULL),(215,'app.jobs.ServiceReminder','2016-12-27 14:00:05.290508','2016-12-27 14:00:07.384131',1,'',NULL),(216,'app.jobs.ServiceReminder','2016-12-28 14:00:04.523548','2016-12-28 14:00:06.361186',1,'',NULL),(217,'app.jobs.ServiceReminder','2016-12-29 14:00:04.924364','2016-12-29 14:00:07.378105',1,'',NULL),(218,'app.jobs.ServiceReminder','2016-12-30 14:00:04.328492','2016-12-30 14:00:06.203908',1,'',NULL),(219,'app.jobs.ServiceReminder','2016-12-31 14:00:05.123272','2016-12-31 14:00:07.867809',1,'',NULL),(220,'app.jobs.ServiceReminder','2017-01-01 14:00:04.371116','2017-01-01 14:00:08.120972',1,'',NULL),(221,'app.jobs.ServiceReminder','2017-01-02 14:00:05.076130','2017-01-02 14:00:06.969336',1,'',NULL),(222,'app.jobs.ServiceReminder','2017-01-03 14:00:04.074844','2017-01-03 14:00:05.930512',1,'',NULL),(223,'app.jobs.ServiceReminder','2017-01-04 14:00:04.595619','2017-01-04 14:00:06.459720',1,'',NULL),(224,'app.jobs.ServiceReminder','2017-01-05 14:00:04.875354','2017-01-05 14:00:06.720790',1,'',NULL),(225,'app.jobs.ServiceReminder','2017-01-06 14:00:04.834443','2017-01-06 14:00:19.371941',1,'',NULL),(226,'app.jobs.ServiceReminder','2017-01-07 14:00:03.948411','2017-01-07 14:00:05.819460',1,'',NULL),(227,'app.jobs.ServiceReminder','2017-01-08 14:00:04.045271','2017-01-08 14:00:05.877682',1,'',NULL),(228,'app.jobs.ServiceReminder','2017-01-09 14:00:04.065658','2017-01-09 14:00:13.057427',1,'',NULL),(229,'app.jobs.ServiceReminder','2017-01-10 14:00:04.858071','2017-01-10 14:00:12.260240',1,'',NULL),(230,'app.jobs.ServiceReminder','2017-01-11 14:00:04.382336','2017-01-11 14:00:15.307412',1,'',NULL),(231,'app.jobs.ServiceReminder','2017-01-12 14:00:04.416180','2017-01-12 14:00:06.251427',1,'',NULL),(232,'app.jobs.ServiceReminder','2017-01-13 14:00:04.398451','2017-01-13 14:00:06.286083',1,'',NULL),(233,'app.jobs.ServiceReminder','2017-01-14 14:00:03.848116','2017-01-14 14:00:09.335746',1,'',NULL),(234,'app.jobs.ServiceReminder','2017-01-15 14:00:03.933380','2017-01-15 14:00:05.837094',1,'',NULL),(235,'app.jobs.ServiceReminder','2017-01-16 14:00:05.159760','2017-01-16 14:00:07.026550',1,'',NULL),(236,'app.jobs.ServiceReminder','2017-01-17 14:00:05.088268','2017-01-17 14:00:06.940527',1,'',NULL),(237,'app.jobs.ServiceReminder','2017-01-18 14:00:04.722934','2017-01-18 14:00:10.333852',1,'',NULL),(238,'app.jobs.ServiceReminder','2017-01-19 14:00:04.901025','2017-01-19 14:00:06.767568',1,'',NULL),(239,'app.jobs.ServiceReminder','2017-01-20 14:00:04.109254','2017-01-20 14:00:06.035954',1,'',NULL),(240,'app.jobs.ServiceReminder','2017-01-21 14:00:05.225417','2017-01-21 14:00:07.103712',1,'',NULL),(241,'app.jobs.ServiceReminder','2017-01-22 14:00:03.679877','2017-01-22 14:00:05.567536',1,'',NULL),(242,'app.jobs.ServiceReminder','2017-01-23 14:00:04.205383','2017-01-23 14:00:06.097177',1,'',NULL),(243,'app.jobs.ServiceReminder','2017-01-24 14:00:05.383671','2017-01-24 14:00:07.255038',1,'',NULL),(244,'app.jobs.ServiceReminder','2017-01-25 14:00:04.571068','2017-01-25 14:00:06.483769',1,'',NULL),(245,'app.jobs.ServiceReminder','2017-01-26 14:00:04.899785','2017-01-26 14:00:06.741308',1,'',NULL),(246,'app.jobs.ServiceReminder','2017-01-27 14:00:04.348983','2017-01-27 14:00:06.189044',1,'',NULL),(247,'app.jobs.ServiceReminder','2017-01-28 14:00:04.671274','2017-01-28 14:00:06.565427',1,'',NULL),(248,'app.jobs.ServiceReminder','2017-01-29 14:00:04.877870','2017-01-29 14:00:06.802738',1,'',NULL),(249,'app.jobs.ServiceReminder','2017-01-30 14:00:03.744381','2017-01-30 14:00:05.604819',1,'',NULL),(250,'app.jobs.ServiceReminder','2017-01-31 14:00:05.106847','2017-01-31 14:00:06.965505',1,'',NULL),(251,'app.jobs.ServiceReminder','2017-02-01 14:00:03.896747','2017-02-01 14:00:05.723385',1,'',NULL),(252,'app.jobs.ServiceReminder','2017-02-02 14:00:03.550292','2017-02-02 14:00:05.399718',1,'',NULL),(253,'app.jobs.ServiceReminder','2017-02-03 14:00:04.042141','2017-02-03 14:00:28.746051',1,'',NULL),(254,'app.jobs.ServiceReminder','2017-02-04 14:00:04.869231','2017-02-04 14:00:10.469707',1,'',NULL),(255,'app.jobs.ServiceReminder','2017-02-05 14:00:04.857090','2017-02-05 14:00:06.670222',1,'',NULL),(256,'app.jobs.ServiceReminder','2017-02-06 14:00:04.476005','2017-02-06 14:00:06.353783',1,'',NULL),(257,'app.jobs.ServiceReminder','2017-02-07 14:00:03.791138','2017-02-07 14:00:05.646554',1,'',NULL),(258,'app.jobs.ServiceReminder','2017-02-08 14:00:03.861075','2017-02-08 14:00:05.807739',1,'',NULL),(259,'app.jobs.ServiceReminder','2017-02-09 14:00:04.552039','2017-02-09 14:00:06.431375',1,'',NULL),(260,'app.jobs.ServiceReminder','2017-02-10 14:00:03.960962','2017-02-10 14:00:05.787708',1,'',NULL),(261,'app.jobs.ServiceReminder','2017-02-11 14:00:05.149732','2017-02-11 14:00:07.062043',1,'',NULL),(262,'app.jobs.ServiceReminder','2017-02-12 14:00:04.531385','2017-02-12 14:00:06.388120',1,'',NULL),(263,'app.jobs.ServiceReminder','2017-02-13 14:00:03.609070','2017-02-13 14:00:05.354366',1,'',NULL),(264,'app.jobs.ServiceReminder','2017-02-14 14:00:03.589950','2017-02-14 14:00:05.408637',1,'',NULL),(265,'app.jobs.ServiceReminder','2017-02-15 14:00:05.989898','2017-02-15 14:00:07.720065',1,'',NULL),(266,'app.jobs.ServiceReminder','2017-02-16 14:00:05.505877','2017-02-16 14:00:07.300007',1,'',NULL),(267,'app.jobs.ServiceReminder','2017-02-17 14:00:05.177908','2017-02-17 14:00:12.227587',1,'',NULL),(268,'app.jobs.ServiceReminder','2017-02-18 14:00:04.972081','2017-02-18 14:00:06.729084',1,'',NULL),(269,'app.jobs.ServiceReminder','2017-02-19 14:00:04.109889','2017-02-19 14:00:20.203306',1,'',NULL),(270,'app.jobs.ServiceReminder','2017-02-20 14:00:03.868063','2017-02-20 14:00:05.728547',1,'',NULL),(271,'app.jobs.ServiceReminder','2017-02-21 14:00:04.255238','2017-02-21 14:00:08.460786',1,'',NULL),(272,'app.jobs.ServiceReminder','2017-02-22 14:00:03.555656','2017-02-22 14:00:05.287325',1,'',NULL),(273,'app.jobs.ServiceReminder','2017-02-23 14:00:04.827455','2017-02-23 14:00:06.596216',1,'',NULL),(274,'app.jobs.ServiceReminder','2017-02-24 14:00:03.620725','2017-02-24 14:00:05.409035',1,'',NULL),(275,'app.jobs.ServiceReminder','2017-02-25 14:00:03.813786','2017-02-25 14:00:05.527981',1,'',NULL),(276,'app.jobs.ServiceReminder','2017-02-26 14:00:04.784714','2017-02-26 14:00:17.132569',1,'',NULL),(277,'app.jobs.ServiceReminder','2017-02-27 14:00:04.742855','2017-02-27 14:00:06.408579',1,'',NULL),(278,'app.jobs.ServiceReminder','2017-02-28 14:00:04.697376','2017-02-28 14:00:06.413665',1,'',NULL),(279,'app.jobs.ServiceReminder','2017-03-01 14:00:03.380415','2017-03-01 14:00:05.078897',1,'',NULL),(280,'app.jobs.ServiceReminder','2017-03-02 14:00:03.459006','2017-03-02 14:00:05.224621',1,'',NULL),(281,'app.jobs.ServiceReminder','2017-03-03 14:00:03.499388','2017-03-03 14:00:05.232726',1,'',NULL),(282,'app.jobs.ServiceReminder','2017-03-04 14:00:05.199699','2017-03-04 14:00:10.502376',1,'',NULL),(283,'app.jobs.ServiceReminder','2017-03-05 14:00:03.283500','2017-03-05 14:00:04.990813',1,'',NULL),(284,'app.jobs.ServiceReminder','2017-03-06 14:00:03.784148','2017-03-06 14:00:05.467750',1,'',NULL),(285,'app.jobs.ServiceReminder','2017-03-07 14:00:04.952058','2017-03-07 14:00:06.655253',1,'',NULL),(286,'app.jobs.ServiceReminder','2017-03-08 14:00:04.850381','2017-03-08 14:00:06.560498',1,'',NULL),(287,'app.jobs.ServiceReminder','2017-03-09 14:00:03.888905','2017-03-09 14:00:05.583783',1,'',NULL),(288,'app.jobs.ServiceReminder','2017-03-10 14:00:04.935654','2017-03-10 14:00:08.487053',0,'quest(\'post\', url, data=data, json=json, **kwargs)\n  File \"/opt/wellnet_server/venv/local/lib/python2.7/site-packages/requests/api.py\", line 53, in request\n    return session.request(method=method, url=url, **kwargs)\n  File \"/opt/wellnet_server/venv/local/lib/python2.7/site-packages/requests/sessions.py\", line 468, in request\n    resp = self.send(prep, **send_kwargs)\n  File \"/opt/wellnet_server/venv/local/lib/python2.7/site-packages/requests/sessions.py\", line 576, in send\n    r = adapter.send(request, **kwargs)\n  File \"/opt/wellnet_server/venv/local/lib/python2.7/site-packages/requests/adapters.py\", line 437, in send\n    raise ConnectionError(e, request=request)\nConnectionError: HTTPConnectionPool(host=\'104.236.156.119\', port=3675): Max retries exceeded with url: /restconf/operations/server/send-message (Caused by NewConnectionError(\'<requests.packages.urllib3.connection.HTTPConnection object at 0x7efefe8a3810>: Failed to establish a new connection: [Errno 111] Connection refused\',))\n',NULL),(289,'app.jobs.ServiceReminder','2017-03-11 14:00:04.308431','2017-03-11 14:00:05.987444',1,'',NULL),(290,'app.jobs.ServiceReminder','2017-03-12 13:00:03.430454','2017-03-12 13:00:05.269118',1,'',NULL),(291,'app.jobs.ServiceReminder','2017-03-13 13:00:03.853911','2017-03-13 13:00:05.582039',1,'',NULL),(292,'app.jobs.ServiceReminder','2017-03-14 13:00:04.177979','2017-03-14 13:00:05.950137',1,'',NULL),(293,'app.jobs.ServiceReminder','2017-03-15 13:00:03.584950','2017-03-15 13:00:05.311818',1,'',NULL),(294,'app.jobs.ServiceReminder','2017-03-16 13:00:04.725028','2017-03-16 13:00:06.438536',1,'',NULL),(295,'app.jobs.ServiceReminder','2017-03-17 13:00:03.919698','2017-03-17 13:00:05.583419',1,'',NULL),(296,'app.jobs.ServiceReminder','2017-03-18 13:00:05.681464','2017-03-18 13:00:07.392554',1,'',NULL),(297,'app.jobs.ServiceReminder','2017-03-19 13:00:05.152751','2017-03-19 13:00:08.796544',0,'quest(\'post\', url, data=data, json=json, **kwargs)\n  File \"/opt/wellnet_server/venv/local/lib/python2.7/site-packages/requests/api.py\", line 53, in request\n    return session.request(method=method, url=url, **kwargs)\n  File \"/opt/wellnet_server/venv/local/lib/python2.7/site-packages/requests/sessions.py\", line 468, in request\n    resp = self.send(prep, **send_kwargs)\n  File \"/opt/wellnet_server/venv/local/lib/python2.7/site-packages/requests/sessions.py\", line 576, in send\n    r = adapter.send(request, **kwargs)\n  File \"/opt/wellnet_server/venv/local/lib/python2.7/site-packages/requests/adapters.py\", line 437, in send\n    raise ConnectionError(e, request=request)\nConnectionError: HTTPConnectionPool(host=\'104.236.156.119\', port=3675): Max retries exceeded with url: /restconf/operations/server/send-message (Caused by NewConnectionError(\'<requests.packages.urllib3.connection.HTTPConnection object at 0x7fc566f9b790>: Failed to establish a new connection: [Errno 111] Connection refused\',))\n',NULL),(298,'app.jobs.ServiceReminder','2017-03-20 13:00:04.887754','2017-03-20 13:00:06.603391',1,'',NULL),(299,'app.jobs.ServiceReminder','2017-03-21 13:00:05.384842','2017-03-21 13:00:07.103005',1,'',NULL),(300,'app.jobs.ServiceReminder','2017-03-22 13:00:03.518393','2017-03-22 13:00:05.233915',1,'',NULL),(301,'app.jobs.ServiceReminder','2017-03-23 13:00:05.310785','2017-03-23 13:00:07.033842',1,'',NULL),(302,'app.jobs.ServiceReminder','2017-03-24 13:00:04.230203','2017-03-24 13:00:05.949245',1,'',NULL),(303,'app.jobs.ServiceReminder','2017-03-25 13:00:03.779182','2017-03-25 13:00:05.580407',1,'',NULL),(304,'app.jobs.ServiceReminder','2017-03-26 13:00:04.146958','2017-03-26 13:00:05.918000',1,'',NULL),(305,'app.jobs.ServiceReminder','2017-03-27 13:00:05.544801','2017-03-27 13:00:07.280280',1,'',NULL),(306,'app.jobs.ServiceReminder','2017-03-28 13:00:05.624313','2017-03-28 13:00:07.333547',1,'',NULL),(307,'app.jobs.ServiceReminder','2017-03-29 13:00:04.989317','2017-03-29 13:00:06.717251',1,'',NULL),(308,'app.jobs.ServiceReminder','2017-03-30 13:00:04.049565','2017-03-30 13:00:05.763358',1,'',NULL),(309,'app.jobs.ServiceReminder','2017-03-31 13:00:04.312050','2017-03-31 13:00:06.010107',1,'',NULL),(310,'app.jobs.ServiceReminder','2017-04-01 13:00:05.501551','2017-04-01 13:00:07.204431',1,'',NULL),(311,'app.jobs.ServiceReminder','2017-04-02 13:00:04.004155','2017-04-02 13:00:05.837449',1,'',NULL),(312,'app.jobs.ServiceReminder','2017-04-03 13:00:04.559128','2017-04-03 13:00:06.321698',1,'',NULL),(313,'app.jobs.ServiceReminder','2017-04-04 13:00:04.784366','2017-04-04 13:00:06.539181',1,'',NULL),(314,'app.jobs.ServiceReminder','2017-04-05 13:00:04.049002','2017-04-05 13:00:05.919302',1,'',NULL),(315,'app.jobs.ServiceReminder','2017-04-07 13:00:03.929178','2017-04-07 13:00:05.629120',1,'',NULL),(316,'app.jobs.ServiceReminder','2017-04-08 13:00:03.210114','2017-04-08 13:00:04.912399',1,'',NULL),(317,'app.jobs.ServiceReminder','2017-04-09 13:00:03.775173','2017-04-09 13:00:05.476235',1,'',NULL),(318,'app.jobs.ServiceReminder','2017-04-10 13:00:05.384835','2017-04-10 13:00:07.117405',1,'',NULL),(319,'app.jobs.ServiceReminder','2017-04-11 13:00:04.828706','2017-04-11 13:00:06.493131',1,'',NULL),(320,'app.jobs.ServiceReminder','2017-04-12 13:00:05.679826','2017-04-12 13:00:07.416287',1,'',NULL),(321,'app.jobs.ServiceReminder','2017-04-13 13:00:04.637348','2017-04-13 13:00:06.366872',1,'',NULL),(322,'app.jobs.ServiceReminder','2017-04-14 13:00:04.217961','2017-04-14 13:00:05.947847',1,'',NULL),(323,'app.jobs.ServiceReminder','2017-04-15 13:00:04.084934','2017-04-15 13:00:05.819518',1,'',NULL),(324,'app.jobs.ServiceReminder','2017-04-16 13:00:04.546042','2017-04-16 13:00:06.266070',1,'',NULL),(325,'app.jobs.ServiceReminder','2017-04-17 13:00:04.494262','2017-04-17 13:00:06.265392',1,'',NULL),(326,'app.jobs.ServiceReminder','2017-04-18 13:00:04.174872','2017-04-18 13:00:05.894794',1,'',NULL),(327,'app.jobs.ServiceReminder','2017-04-19 13:00:04.572781','2017-04-19 13:00:06.285981',1,'',NULL),(328,'app.jobs.ServiceReminder','2017-04-20 13:00:05.169908','2017-04-20 13:00:06.875226',1,'',NULL),(329,'app.jobs.ServiceReminder','2017-04-21 13:00:04.106550','2017-04-21 13:00:05.789929',1,'',NULL),(330,'app.jobs.ServiceReminder','2017-04-22 13:00:05.388427','2017-04-22 13:00:07.137424',1,'',NULL),(331,'app.jobs.ServiceReminder','2017-04-23 13:00:05.505981','2017-04-23 13:00:07.192489',1,'',NULL),(332,'app.jobs.ServiceReminder','2017-04-24 13:00:05.422074','2017-04-24 13:00:07.124599',1,'',NULL),(333,'app.jobs.ServiceReminder','2017-04-25 13:00:04.510755','2017-04-25 13:00:06.223679',1,'',NULL),(334,'app.jobs.ServiceReminder','2017-04-26 13:00:04.743494','2017-04-26 13:00:06.425251',1,'',NULL),(335,'app.jobs.ServiceReminder','2017-04-27 13:00:04.891081','2017-04-27 13:00:06.631660',1,'',NULL),(336,'app.jobs.ServiceReminder','2017-04-28 13:00:03.839438','2017-04-28 13:00:05.516969',1,'',NULL),(337,'app.jobs.ServiceReminder','2017-04-29 13:00:04.379636','2017-04-29 13:00:06.061404',1,'',NULL),(338,'app.jobs.ServiceReminder','2017-04-30 13:00:03.941466','2017-04-30 13:00:05.738884',1,'',NULL),(339,'app.jobs.ServiceReminder','2017-05-01 13:00:03.979100','2017-05-01 13:00:05.676158',1,'',NULL),(340,'app.jobs.ServiceReminder','2017-05-02 13:00:04.741718','2017-05-02 13:00:06.434415',1,'',NULL),(341,'app.jobs.ServiceReminder','2017-05-03 13:00:03.484773','2017-05-03 13:00:05.245525',1,'',NULL),(342,'app.jobs.ServiceReminder','2017-05-04 13:00:04.288392','2017-05-04 13:00:06.007812',1,'',NULL),(343,'app.jobs.ServiceReminder','2017-05-05 13:00:04.116550','2017-05-05 13:00:05.790219',1,'',NULL),(344,'app.jobs.ServiceReminder','2017-05-06 13:00:05.055091','2017-05-06 13:00:06.812192',1,'',NULL),(345,'app.jobs.ServiceReminder','2017-05-07 13:00:04.397679','2017-05-07 13:00:06.095369',1,'',NULL),(346,'app.jobs.ServiceReminder','2017-05-08 13:00:04.075084','2017-05-08 13:00:05.841449',1,'',NULL),(347,'app.jobs.ServiceReminder','2017-05-09 13:00:03.920398','2017-05-09 13:00:05.602911',1,'',NULL),(348,'app.jobs.ServiceReminder','2017-05-10 13:00:04.814082','2017-05-10 13:00:06.512811',1,'',NULL),(349,'app.jobs.ServiceReminder','2017-05-11 13:00:03.872239','2017-05-11 13:00:05.628707',1,'',NULL),(350,'app.jobs.ServiceReminder','2017-05-12 13:00:04.853958','2017-05-12 13:00:06.519051',1,'',NULL),(351,'app.jobs.ServiceReminder','2017-05-13 13:00:04.768392','2017-05-13 13:00:06.504272',1,'',NULL),(352,'app.jobs.ServiceReminder','2017-05-14 13:00:03.965466','2017-05-14 13:00:05.667252',1,'',NULL),(353,'app.jobs.ServiceReminder','2017-05-15 13:00:04.427298','2017-05-15 13:00:06.154390',1,'',NULL),(354,'app.jobs.ServiceReminder','2017-05-16 13:00:04.386984','2017-05-16 13:00:06.100188',1,'',NULL),(355,'app.jobs.ServiceReminder','2017-05-17 13:00:04.753606','2017-05-17 13:00:06.529481',1,'',NULL),(356,'app.jobs.ServiceReminder','2017-05-18 13:00:04.884322','2017-05-18 13:00:06.568410',1,'',NULL),(357,'app.jobs.ServiceReminder','2017-05-19 13:00:04.807039','2017-05-19 13:00:06.557128',1,'',NULL),(358,'app.jobs.ServiceReminder','2017-05-20 13:00:04.693461','2017-05-20 13:00:06.351995',1,'',NULL),(359,'app.jobs.ServiceReminder','2017-05-21 13:00:03.980890','2017-05-21 13:00:05.792431',1,'',NULL),(360,'app.jobs.ServiceReminder','2017-05-22 13:00:04.955045','2017-05-22 13:00:06.704872',1,'',NULL),(361,'app.jobs.ServiceReminder','2017-05-23 13:00:04.530551','2017-05-23 13:00:06.261161',1,'',NULL),(362,'app.jobs.ServiceReminder','2017-05-24 13:00:05.077826','2017-05-24 13:00:06.745360',1,'',NULL),(363,'app.jobs.ServiceReminder','2017-05-25 13:00:04.985446','2017-05-25 13:00:06.649069',1,'',NULL),(364,'app.jobs.ServiceReminder','2017-05-26 13:00:04.412326','2017-05-26 13:00:06.096886',1,'',NULL),(365,'app.jobs.ServiceReminder','2017-05-27 13:00:03.914108','2017-05-27 13:00:05.697144',1,'',NULL),(366,'app.jobs.ServiceReminder','2017-05-28 13:00:05.115527','2017-05-28 13:00:06.810708',1,'',NULL),(367,'app.jobs.ServiceReminder','2017-05-29 13:00:05.035601','2017-05-29 13:00:06.958355',1,'',NULL),(368,'app.jobs.ServiceReminder','2017-05-30 13:00:04.125290','2017-05-30 13:00:07.840627',0,'quest(\'post\', url, data=data, json=json, **kwargs)\n  File \"/opt/wellnet_server/venv/local/lib/python2.7/site-packages/requests/api.py\", line 53, in request\n    return session.request(method=method, url=url, **kwargs)\n  File \"/opt/wellnet_server/venv/local/lib/python2.7/site-packages/requests/sessions.py\", line 468, in request\n    resp = self.send(prep, **send_kwargs)\n  File \"/opt/wellnet_server/venv/local/lib/python2.7/site-packages/requests/sessions.py\", line 576, in send\n    r = adapter.send(request, **kwargs)\n  File \"/opt/wellnet_server/venv/local/lib/python2.7/site-packages/requests/adapters.py\", line 437, in send\n    raise ConnectionError(e, request=request)\nConnectionError: HTTPConnectionPool(host=\'104.236.156.119\', port=3675): Max retries exceeded with url: /restconf/operations/server/send-message (Caused by NewConnectionError(\'<requests.packages.urllib3.connection.HTTPConnection object at 0x7fb362022890>: Failed to establish a new connection: [Errno 111] Connection refused\',))\n',NULL),(369,'app.jobs.ServiceReminder','2017-05-31 13:00:04.439490','2017-05-31 13:00:06.111704',1,'',NULL),(370,'app.jobs.ServiceReminder','2017-06-01 13:00:05.727061','2017-06-01 13:00:07.641559',1,'',NULL),(371,'app.jobs.ServiceReminder','2017-06-02 13:00:04.289372','2017-06-02 13:00:06.093748',1,'',NULL),(372,'app.jobs.ServiceReminder','2017-06-03 13:00:03.452375','2017-06-03 13:00:05.259148',1,'',NULL),(373,'app.jobs.ServiceReminder','2017-06-04 13:00:05.078124','2017-06-04 13:00:06.758116',1,'',NULL),(374,'app.jobs.ServiceReminder','2017-06-05 13:00:05.069559','2017-06-05 13:00:06.805378',1,'',NULL),(375,'app.jobs.ServiceReminder','2017-06-06 13:00:03.935176','2017-06-06 13:00:05.676736',1,'',NULL),(376,'app.jobs.ServiceReminder','2017-06-07 13:00:03.816399','2017-06-07 13:00:07.235649',0,'quest(\'post\', url, data=data, json=json, **kwargs)\n  File \"/opt/wellnet_server/venv/local/lib/python2.7/site-packages/requests/api.py\", line 53, in request\n    return session.request(method=method, url=url, **kwargs)\n  File \"/opt/wellnet_server/venv/local/lib/python2.7/site-packages/requests/sessions.py\", line 468, in request\n    resp = self.send(prep, **send_kwargs)\n  File \"/opt/wellnet_server/venv/local/lib/python2.7/site-packages/requests/sessions.py\", line 576, in send\n    r = adapter.send(request, **kwargs)\n  File \"/opt/wellnet_server/venv/local/lib/python2.7/site-packages/requests/adapters.py\", line 437, in send\n    raise ConnectionError(e, request=request)\nConnectionError: HTTPConnectionPool(host=\'104.236.156.119\', port=3675): Max retries exceeded with url: /restconf/operations/server/send-message (Caused by NewConnectionError(\'<requests.packages.urllib3.connection.HTTPConnection object at 0x7f53c9350810>: Failed to establish a new connection: [Errno 111] Connection refused\',))\n',NULL),(377,'app.jobs.ServiceReminder','2017-06-08 13:00:05.338488','2017-06-08 13:00:07.024077',1,'',NULL),(378,'app.jobs.ServiceReminder','2017-06-09 13:00:04.812339','2017-06-09 13:00:06.497374',1,'',NULL),(379,'app.jobs.ServiceReminder','2017-06-10 13:00:04.940471','2017-06-10 13:00:06.765523',1,'',NULL),(380,'app.jobs.ServiceReminder','2017-06-11 13:00:04.140470','2017-06-11 13:00:05.852599',1,'',NULL),(381,'app.jobs.ServiceReminder','2017-06-12 13:00:04.526203','2017-06-12 13:00:06.216811',1,'',NULL),(382,'app.jobs.ServiceReminder','2017-06-13 13:00:05.238513','2017-06-13 13:00:06.996528',1,'',NULL),(383,'app.jobs.ServiceReminder','2017-06-14 13:00:05.408995','2017-06-14 13:00:07.142299',1,'',NULL),(384,'app.jobs.ServiceReminder','2017-06-15 13:00:05.782984','2017-06-15 13:00:07.504460',1,'',NULL),(385,'app.jobs.ServiceReminder','2017-06-16 13:00:03.778040','2017-06-16 13:00:05.546778',1,'',NULL),(386,'app.jobs.ServiceReminder','2017-06-17 13:00:05.497698','2017-06-17 13:00:58.344149',1,'',NULL),(387,'app.jobs.ServiceReminder','2017-06-18 13:00:03.525422','2017-06-18 13:00:15.768697',1,'',NULL),(388,'app.jobs.ServiceReminder','2017-06-19 13:00:05.092794','2017-06-19 13:00:06.836148',1,'',NULL);
/*!40000 ALTER TABLE `django_cron_cronjoblog` ENABLE KEYS */;
UNLOCK TABLES;

--
-- Table structure for table `django_migrations`
--

DROP TABLE IF EXISTS `django_migrations`;
/*!40101 SET @saved_cs_client     = @@character_set_client */;
/*!40101 SET character_set_client = utf8 */;
CREATE TABLE `django_migrations` (
  `id` int(11) NOT NULL AUTO_INCREMENT,
  `app` varchar(255) NOT NULL,
  `name` varchar(255) NOT NULL,
  `applied` datetime(6) NOT NULL,
  PRIMARY KEY (`id`)
) ENGINE=MyISAM AUTO_INCREMENT=15 DEFAULT CHARSET=latin1;
/*!40101 SET character_set_client = @saved_cs_client */;

--
-- Dumping data for table `django_migrations`
--

LOCK TABLES `django_migrations` WRITE;
/*!40000 ALTER TABLE `django_migrations` DISABLE KEYS */;
INSERT INTO `django_migrations` VALUES (1,'contenttypes','0001_initial','2016-04-14 18:43:42.258575'),(2,'contenttypes','0002_remove_content_type_name','2016-04-14 18:43:44.829632'),(3,'auth','0001_initial','2016-04-14 18:43:49.334047'),(4,'auth','0002_alter_permission_name_max_length','2016-04-14 18:43:50.910672'),(5,'auth','0003_alter_user_email_max_length','2016-04-14 18:43:52.207181'),(6,'auth','0004_alter_user_username_opts','2016-04-14 18:43:53.513599'),(7,'auth','0005_alter_user_last_login_null','2016-04-14 18:43:54.800203'),(8,'auth','0006_require_contenttypes_0002','2016-04-14 18:43:56.082376'),(9,'services','0001_initial','2016-04-14 18:45:02.378566'),(10,'admin','0001_initial','2016-04-14 18:45:05.298516'),(11,'sessions','0001_initial','2016-04-14 18:45:07.453521'),(12,'sites','0001_initial','2016-04-14 19:40:34.015024'),(13,'django_cron','0001_initial','2016-05-27 10:14:25.345985'),(14,'django_cron','0002_remove_max_length_from_CronJobLog_message','2016-05-27 10:14:26.527650');
/*!40000 ALTER TABLE `django_migrations` ENABLE KEYS */;
UNLOCK TABLES;

--
-- Table structure for table `django_session`
--

DROP TABLE IF EXISTS `django_session`;
/*!40101 SET @saved_cs_client     = @@character_set_client */;
/*!40101 SET character_set_client = utf8 */;
CREATE TABLE `django_session` (
  `session_key` varchar(40) NOT NULL,
  `session_data` longtext NOT NULL,
  `expire_date` datetime(6) NOT NULL,
  PRIMARY KEY (`session_key`),
  KEY `django_session_de54fa62` (`expire_date`)
) ENGINE=MyISAM DEFAULT CHARSET=latin1;
/*!40101 SET character_set_client = @saved_cs_client */;

--
-- Dumping data for table `django_session`
--

LOCK TABLES `django_session` WRITE;
/*!40000 ALTER TABLE `django_session` DISABLE KEYS */;
INSERT INTO `django_session` VALUES ('c7pv4rs2xr51fqzsl0ix75x66xjswuq7','OGIyOGNhNjViMmViNmQyNDdkZjM3MmMwZTIxZGZhYjA1ZDRjZjYwMzp7Il9hdXRoX3VzZXJfaGFzaCI6Ijg5MDI4ZDk4ZDMzMDY2Nzk1MDczZDkxMDVhNjQ3MzU3NjE2NDljNDgiLCJfYXV0aF91c2VyX2JhY2tlbmQiOiJkamFuZ28uY29udHJpYi5hdXRoLmJhY2tlbmRzLk1vZGVsQmFja2VuZCIsIl9hdXRoX3VzZXJfaWQiOiI1In0=','2016-05-06 04:17:27.750761'),('1jh7atu4nlyc9hzh9cp1ax0f0pfkq1dm','ZTY4M2MyZThhNWNkZDFmYzE1MmIzZDRhMmNmYjE4MWM3MzE3ZDhmNzp7Il9hdXRoX3VzZXJfaGFzaCI6ImFiMjUwOWNkODhmNTI0ODBiMjg1MjU4NTgzYzI3MTY1OGQ1OThlNDkiLCJfYXV0aF91c2VyX2JhY2tlbmQiOiJkamFuZ28uY29udHJpYi5hdXRoLmJhY2tlbmRzLk1vZGVsQmFja2VuZCIsIl9hdXRoX3VzZXJfaWQiOiIxIn0=','2016-05-12 03:59:42.306307'),('05bwgmu8mj8ta0lwwccg97cgtgp5t54u','YTRmNWY5ZGUzZDY2ZmRlMjllNGVmMTljZGM0ZmFjMmFmYTUxMjkwZjp7Il9hdXRoX3VzZXJfaGFzaCI6IjE5ODNjM2M2NjJhN2Y0OTQ4MGRiMTM2MWNmNmFhZDhmNmJmZjc3ZDQiLCJfYXV0aF91c2VyX2lkIjoiNiIsIl9hdXRoX3VzZXJfYmFja2VuZCI6ImRqYW5nby5jb250cmliLmF1dGguYmFja2VuZHMuTW9kZWxCYWNrZW5kIn0=','2016-05-02 16:14:30.138362'),('lpn2ucykqcf2rvg0s0g6gg9qfa1sn8sg','M2E0ODYwNGY0MTdhMWVmM2M5NWJlYTI1YTBmM2U4OTliNDdkMTBhYzp7Il9hdXRoX3VzZXJfaGFzaCI6IjEyMWQxY2EzY2UwYTU3ZDcxNGU5MjEyMjZjYmY2ODc1N2ZkZDk4ZmIiLCJfYXV0aF91c2VyX2lkIjoiNyIsIl9hdXRoX3VzZXJfYmFja2VuZCI6ImRqYW5nby5jb250cmliLmF1dGguYmFja2VuZHMuTW9kZWxCYWNrZW5kIn0=','2016-05-04 06:47:11.479824'),('u2unkxaarvkxrwnsdgmjdjqxkbb8swnv','YzJmNTQwMGMwZTFjOTMzZjQxMTExMzI0OWYxYTcyYmVlMjM4ZWUxMTp7Il9hdXRoX3VzZXJfaGFzaCI6IjljZTJhMjAyOGJiZDc3MzVlZjgxMzExNWRhMjIxYTViN2NmODg2ZDMiLCJfYXV0aF91c2VyX2JhY2tlbmQiOiJkamFuZ28uY29udHJpYi5hdXRoLmJhY2tlbmRzLk1vZGVsQmFja2VuZCIsIl9hdXRoX3VzZXJfaWQiOiI0In0=','2016-05-06 06:47:37.944826'),('99fnnct0l1kfe21ng82nf81vtvj2wr1v','ZDA3ZDZiYjUyZjkxZGE0NjIxMjM0NjhhMWFjOWJkZDFjMzg2YmJjMjp7Il9hdXRoX3VzZXJfaGFzaCI6IjhkYzBlNzE0ZDI1MGY4YWFlNDQ1ZmYwNWFkNGU4M2M1MjNlYWI0OGQiLCJfYXV0aF91c2VyX2lkIjoiMTUiLCJfYXV0aF91c2VyX2JhY2tlbmQiOiJkamFuZ28uY29udHJpYi5hdXRoLmJhY2tlbmRzLk1vZGVsQmFja2VuZCJ9','2016-05-06 09:06:11.180270'),('6b3ht7vhhttshqmbsv20wjx9xi51hbhf','MThhZWVhZjMwMmUyNDYzZTRiZjE5NTUzOWE0ZmQyMTdlZWM5YzMzMjp7Il9hdXRoX3VzZXJfaGFzaCI6IjYxNjAzM2EyZGM4ODE0N2VjNjE0YzhmYTJjNjA2MDZlMjZmMWJjMzIiLCJfYXV0aF91c2VyX2JhY2tlbmQiOiJkamFuZ28uY29udHJpYi5hdXRoLmJhY2tlbmRzLk1vZGVsQmFja2VuZCIsIl9hdXRoX3VzZXJfaWQiOiIzIn0=','2016-05-27 13:32:50.700787'),('o20oxro1cq5tp36p41cpily7j3w5gtlu','MThhZWVhZjMwMmUyNDYzZTRiZjE5NTUzOWE0ZmQyMTdlZWM5YzMzMjp7Il9hdXRoX3VzZXJfaGFzaCI6IjYxNjAzM2EyZGM4ODE0N2VjNjE0YzhmYTJjNjA2MDZlMjZmMWJjMzIiLCJfYXV0aF91c2VyX2JhY2tlbmQiOiJkamFuZ28uY29udHJpYi5hdXRoLmJhY2tlbmRzLk1vZGVsQmFja2VuZCIsIl9hdXRoX3VzZXJfaWQiOiIzIn0=','2016-05-12 04:29:17.079811'),('93e8tsq8iaornu5gyhh5gnetj69pnb0e','NjFkMTRiMzZiYTViMTQ2OGRmMjIwOWZmYjdmZmY4Nzg3ZTY0YjUxNjp7Il9hdXRoX3VzZXJfaGFzaCI6IjFiNmQ0MGY3M2U0Yjg0ZTcwY2QwZjgxYTdmMzc0YzI4NjZmNWY5MzgiLCJfYXV0aF91c2VyX2JhY2tlbmQiOiJkamFuZ28uY29udHJpYi5hdXRoLmJhY2tlbmRzLk1vZGVsQmFja2VuZCIsIl9hdXRoX3VzZXJfaWQiOiIxNCJ9','2016-05-06 10:10:52.330436'),('f9ceezi6o9dxcoaidgm0vx04nsx8hstb','MTBkZmM2NGY1YTQxMmIyMjBjODYwNmU4ZmQ1OGZiODEyZjZkMTI0Mzp7Il9hdXRoX3VzZXJfaGFzaCI6IjAwMmM0MzU2NzFlNzBiNGZmMmRhNjVkMWM3ODI1ZjIwOTZhNTc4M2QiLCJfYXV0aF91c2VyX2JhY2tlbmQiOiJkamFuZ28uY29udHJpYi5hdXRoLmJhY2tlbmRzLk1vZGVsQmFja2VuZCIsIl9hdXRoX3VzZXJfaWQiOiIxOCJ9','2016-05-06 10:41:47.324141'),('ypse9sviz339nc1q21bj637pa7rv004u','YTlmYTNjZWY2NTRlNTQ1Nzg0YWY5M2RkZWJjZjRmNzgxOGZkNDAxOTp7Il9hdXRoX3VzZXJfaGFzaCI6IjlhZjA3OWIwMWUwNjA1NzQ0ZjJiNjMzOWIyN2RkZTIzY2Q5ZTQ5MzAiLCJfYXV0aF91c2VyX2JhY2tlbmQiOiJkamFuZ28uY29udHJpYi5hdXRoLmJhY2tlbmRzLk1vZGVsQmFja2VuZCIsIl9hdXRoX3VzZXJfaWQiOiIyIn0=','2016-05-17 03:23:28.857891'),('3f4a8jen1hai35go6tzv35qaskvhihfo','ZWI0ZTc5YzE5ZTRkYWM2ZmMwNDhkZTE5NzhlZDI0NDc5ZTRhN2UwMTp7Il9hdXRoX3VzZXJfaGFzaCI6ImVlZDZiZTI0Y2I5YTcyNWM5Yjg0ZDVkMTk5ZjRiYjJkNjA1NzkzNmIiLCJfYXV0aF91c2VyX2JhY2tlbmQiOiJkamFuZ28uY29udHJpYi5hdXRoLmJhY2tlbmRzLk1vZGVsQmFja2VuZCIsIl9hdXRoX3VzZXJfaWQiOiIyMyJ9','2016-05-20 12:07:05.775852'),('tz3kikveprsow2lirqjdzgjz52pnv053','YzJmNTQwMGMwZTFjOTMzZjQxMTExMzI0OWYxYTcyYmVlMjM4ZWUxMTp7Il9hdXRoX3VzZXJfaGFzaCI6IjljZTJhMjAyOGJiZDc3MzVlZjgxMzExNWRhMjIxYTViN2NmODg2ZDMiLCJfYXV0aF91c2VyX2JhY2tlbmQiOiJkamFuZ28uY29udHJpYi5hdXRoLmJhY2tlbmRzLk1vZGVsQmFja2VuZCIsIl9hdXRoX3VzZXJfaWQiOiI0In0=','2016-05-25 12:29:40.948586'),('ygiotkmxgw9ysnr6oox0c4ucwzz05kfc','MThhZWVhZjMwMmUyNDYzZTRiZjE5NTUzOWE0ZmQyMTdlZWM5YzMzMjp7Il9hdXRoX3VzZXJfaGFzaCI6IjYxNjAzM2EyZGM4ODE0N2VjNjE0YzhmYTJjNjA2MDZlMjZmMWJjMzIiLCJfYXV0aF91c2VyX2JhY2tlbmQiOiJkamFuZ28uY29udHJpYi5hdXRoLmJhY2tlbmRzLk1vZGVsQmFja2VuZCIsIl9hdXRoX3VzZXJfaWQiOiIzIn0=','2016-07-23 09:27:04.304537'),('d1qlmj7znnxtdwlr50evehl8f25esye4','MThhZWVhZjMwMmUyNDYzZTRiZjE5NTUzOWE0ZmQyMTdlZWM5YzMzMjp7Il9hdXRoX3VzZXJfaGFzaCI6IjYxNjAzM2EyZGM4ODE0N2VjNjE0YzhmYTJjNjA2MDZlMjZmMWJjMzIiLCJfYXV0aF91c2VyX2JhY2tlbmQiOiJkamFuZ28uY29udHJpYi5hdXRoLmJhY2tlbmRzLk1vZGVsQmFja2VuZCIsIl9hdXRoX3VzZXJfaWQiOiIzIn0=','2016-05-28 10:59:04.015458'),('j22x8dx8z0vu53p3axq6q3icpwo6o31x','YzJmNTQwMGMwZTFjOTMzZjQxMTExMzI0OWYxYTcyYmVlMjM4ZWUxMTp7Il9hdXRoX3VzZXJfaGFzaCI6IjljZTJhMjAyOGJiZDc3MzVlZjgxMzExNWRhMjIxYTViN2NmODg2ZDMiLCJfYXV0aF91c2VyX2JhY2tlbmQiOiJkamFuZ28uY29udHJpYi5hdXRoLmJhY2tlbmRzLk1vZGVsQmFja2VuZCIsIl9hdXRoX3VzZXJfaWQiOiI0In0=','2016-07-19 11:37:05.204068'),('ql5qesoozohxeljxy931tt3phfnfj15u','ZTY4M2MyZThhNWNkZDFmYzE1MmIzZDRhMmNmYjE4MWM3MzE3ZDhmNzp7Il9hdXRoX3VzZXJfaGFzaCI6ImFiMjUwOWNkODhmNTI0ODBiMjg1MjU4NTgzYzI3MTY1OGQ1OThlNDkiLCJfYXV0aF91c2VyX2JhY2tlbmQiOiJkamFuZ28uY29udHJpYi5hdXRoLmJhY2tlbmRzLk1vZGVsQmFja2VuZCIsIl9hdXRoX3VzZXJfaWQiOiIxIn0=','2016-06-10 10:15:19.172806'),('p24kyiz7u4ictparou0g3jobnk35ow0e','YzJmNTQwMGMwZTFjOTMzZjQxMTExMzI0OWYxYTcyYmVlMjM4ZWUxMTp7Il9hdXRoX3VzZXJfaGFzaCI6IjljZTJhMjAyOGJiZDc3MzVlZjgxMzExNWRhMjIxYTViN2NmODg2ZDMiLCJfYXV0aF91c2VyX2JhY2tlbmQiOiJkamFuZ28uY29udHJpYi5hdXRoLmJhY2tlbmRzLk1vZGVsQmFja2VuZCIsIl9hdXRoX3VzZXJfaWQiOiI0In0=','2016-07-23 09:40:37.049648'),('7fkmxmz7ymzty2fxzg6haxrf8pq0xs5n','YTlmYTNjZWY2NTRlNTQ1Nzg0YWY5M2RkZWJjZjRmNzgxOGZkNDAxOTp7Il9hdXRoX3VzZXJfaGFzaCI6IjlhZjA3OWIwMWUwNjA1NzQ0ZjJiNjMzOWIyN2RkZTIzY2Q5ZTQ5MzAiLCJfYXV0aF91c2VyX2JhY2tlbmQiOiJkamFuZ28uY29udHJpYi5hdXRoLmJhY2tlbmRzLk1vZGVsQmFja2VuZCIsIl9hdXRoX3VzZXJfaWQiOiIyIn0=','2016-09-03 07:30:10.690156'),('hg6cysipt3lin72hddjo2bxh9xv6tpef','Mzk1MThkNzVjN2U5YWNiNTg2YTA0Zjk2OTQyNTk3NmE5ZGZlMTNhMjp7Il9hdXRoX3VzZXJfaGFzaCI6ImNmNmRmNDI3OTBkZTYwMThjODU0Njg5ZjI2ZjQzNDVlZWU1ZmI5MjIiLCJfYXV0aF91c2VyX2JhY2tlbmQiOiJkamFuZ28uY29udHJpYi5hdXRoLmJhY2tlbmRzLk1vZGVsQmFja2VuZCIsIl9hdXRoX3VzZXJfaWQiOiIzNCJ9','2016-09-06 12:42:04.996806'),('0skqa3kj6qd1p5c9x201o5h0k52slmkv','M2ZhYzMwZjk3NjQyZDcwY2I0MjIwMzdiMDg3NDhjZWQ2OTExZjg0MDp7Il9hdXRoX3VzZXJfaGFzaCI6IjQxNzM5MDI4ZDM2YjU1MjkxMGFlYzg3MTZiZTQxNDdkNTJhZDAwNTMiLCJfYXV0aF91c2VyX2JhY2tlbmQiOiJkamFuZ28uY29udHJpYi5hdXRoLmJhY2tlbmRzLk1vZGVsQmFja2VuZCIsIl9hdXRoX3VzZXJfaWQiOiIzNCJ9','2016-09-15 11:01:34.538114'),('h4ku6f6grw0xei3a8qebaolky7oynywi','YTlmYTNjZWY2NTRlNTQ1Nzg0YWY5M2RkZWJjZjRmNzgxOGZkNDAxOTp7Il9hdXRoX3VzZXJfaGFzaCI6IjlhZjA3OWIwMWUwNjA1NzQ0ZjJiNjMzOWIyN2RkZTIzY2Q5ZTQ5MzAiLCJfYXV0aF91c2VyX2JhY2tlbmQiOiJkamFuZ28uY29udHJpYi5hdXRoLmJhY2tlbmRzLk1vZGVsQmFja2VuZCIsIl9hdXRoX3VzZXJfaWQiOiIyIn0=','2016-09-26 07:47:00.315215'),('v4ckbzy0opg6y0tu0uzr9umv8cewwc24','ZTgxMTllYWJiODIwZjg2Y2E5MDY0ZGYwZGE2NWQ1MzFmODNhOWQ3Zjp7Il9hdXRoX3VzZXJfaGFzaCI6IjY0YmRiZTE4NGJjYjM5NjdiZjg2Y2NmZjgzYTA3YTEyNTBlMGFlZTIiLCJfYXV0aF91c2VyX2JhY2tlbmQiOiJkamFuZ28uY29udHJpYi5hdXRoLmJhY2tlbmRzLk1vZGVsQmFja2VuZCIsIl9hdXRoX3VzZXJfaWQiOiIxIn0=','2016-09-06 12:49:55.584561'),('jv683dqtyfsesoiptlz976co5cb4anqc','ZTVlMzQzMTM2NzE0MjFmYjQxMDI1NDE2NjEwYzljNWNiYWI3NGE4Njp7Il9hdXRoX3VzZXJfaGFzaCI6ImY1NzViMzg2ZWQ2ZDI2ODhjZWM0ZjMyNWYwYjgyNzQ2NzljMmJhZDMiLCJfYXV0aF91c2VyX2JhY2tlbmQiOiJkamFuZ28uY29udHJpYi5hdXRoLmJhY2tlbmRzLk1vZGVsQmFja2VuZCIsIl9hdXRoX3VzZXJfaWQiOiIzNiJ9','2016-09-26 11:42:36.519796'),('ego29muac95i44k6nkbp81d90gm0y2zy','ZTVlMzQzMTM2NzE0MjFmYjQxMDI1NDE2NjEwYzljNWNiYWI3NGE4Njp7Il9hdXRoX3VzZXJfaGFzaCI6ImY1NzViMzg2ZWQ2ZDI2ODhjZWM0ZjMyNWYwYjgyNzQ2NzljMmJhZDMiLCJfYXV0aF91c2VyX2JhY2tlbmQiOiJkamFuZ28uY29udHJpYi5hdXRoLmJhY2tlbmRzLk1vZGVsQmFja2VuZCIsIl9hdXRoX3VzZXJfaWQiOiIzNiJ9','2016-09-26 11:42:33.303616'),('25ywl10v20cjyfbx0akch25bjfa3dveg','ZTVlMzQzMTM2NzE0MjFmYjQxMDI1NDE2NjEwYzljNWNiYWI3NGE4Njp7Il9hdXRoX3VzZXJfaGFzaCI6ImY1NzViMzg2ZWQ2ZDI2ODhjZWM0ZjMyNWYwYjgyNzQ2NzljMmJhZDMiLCJfYXV0aF91c2VyX2JhY2tlbmQiOiJkamFuZ28uY29udHJpYi5hdXRoLmJhY2tlbmRzLk1vZGVsQmFja2VuZCIsIl9hdXRoX3VzZXJfaWQiOiIzNiJ9','2016-09-26 11:42:42.640977'),('vvav83thy726kpszv8jpbsw5obqhvbgt','ZTVlMzQzMTM2NzE0MjFmYjQxMDI1NDE2NjEwYzljNWNiYWI3NGE4Njp7Il9hdXRoX3VzZXJfaGFzaCI6ImY1NzViMzg2ZWQ2ZDI2ODhjZWM0ZjMyNWYwYjgyNzQ2NzljMmJhZDMiLCJfYXV0aF91c2VyX2JhY2tlbmQiOiJkamFuZ28uY29udHJpYi5hdXRoLmJhY2tlbmRzLk1vZGVsQmFja2VuZCIsIl9hdXRoX3VzZXJfaWQiOiIzNiJ9','2016-09-26 11:42:46.708102'),('f0i0t5pty1wa71rifyj5e9825hbeqll9','ODJkZjBiZDk5MzExNTMxODk0NzM5MTlkMTcyM2JkNWEzNDM4OTFiMzp7Il9hdXRoX3VzZXJfaGFzaCI6ImQxNmY4NjM4NzM0MjU0Zjk1OGJkMjMyMjBkNzJkMTU2YjQxMDNmODEiLCJfYXV0aF91c2VyX2JhY2tlbmQiOiJkamFuZ28uY29udHJpYi5hdXRoLmJhY2tlbmRzLk1vZGVsQmFja2VuZCIsIl9hdXRoX3VzZXJfaWQiOiIzNyJ9','2016-10-03 07:19:11.167280'),('xvpc17mci1sdixe1va1fbbmm86hofdwm','ZTVlMzQzMTM2NzE0MjFmYjQxMDI1NDE2NjEwYzljNWNiYWI3NGE4Njp7Il9hdXRoX3VzZXJfaGFzaCI6ImY1NzViMzg2ZWQ2ZDI2ODhjZWM0ZjMyNWYwYjgyNzQ2NzljMmJhZDMiLCJfYXV0aF91c2VyX2JhY2tlbmQiOiJkamFuZ28uY29udHJpYi5hdXRoLmJhY2tlbmRzLk1vZGVsQmFja2VuZCIsIl9hdXRoX3VzZXJfaWQiOiIzNiJ9','2016-09-26 11:42:47.200968'),('km8jgc0uypojngsiia3s51whelh216l9','M2ZhYzMwZjk3NjQyZDcwY2I0MjIwMzdiMDg3NDhjZWQ2OTExZjg0MDp7Il9hdXRoX3VzZXJfaGFzaCI6IjQxNzM5MDI4ZDM2YjU1MjkxMGFlYzg3MTZiZTQxNDdkNTJhZDAwNTMiLCJfYXV0aF91c2VyX2JhY2tlbmQiOiJkamFuZ28uY29udHJpYi5hdXRoLmJhY2tlbmRzLk1vZGVsQmFja2VuZCIsIl9hdXRoX3VzZXJfaWQiOiIzNCJ9','2016-10-05 05:44:21.894997'),('iwljgx3tpgrvkyn3zsp1u8lls8z818sn','M2ZhYzMwZjk3NjQyZDcwY2I0MjIwMzdiMDg3NDhjZWQ2OTExZjg0MDp7Il9hdXRoX3VzZXJfaGFzaCI6IjQxNzM5MDI4ZDM2YjU1MjkxMGFlYzg3MTZiZTQxNDdkNTJhZDAwNTMiLCJfYXV0aF91c2VyX2JhY2tlbmQiOiJkamFuZ28uY29udHJpYi5hdXRoLmJhY2tlbmRzLk1vZGVsQmFja2VuZCIsIl9hdXRoX3VzZXJfaWQiOiIzNCJ9','2016-10-05 06:05:22.268739'),('wk9rak9cdrhv2fslpbjiqifa9xvj5l1a','M2ZhYzMwZjk3NjQyZDcwY2I0MjIwMzdiMDg3NDhjZWQ2OTExZjg0MDp7Il9hdXRoX3VzZXJfaGFzaCI6IjQxNzM5MDI4ZDM2YjU1MjkxMGFlYzg3MTZiZTQxNDdkNTJhZDAwNTMiLCJfYXV0aF91c2VyX2JhY2tlbmQiOiJkamFuZ28uY29udHJpYi5hdXRoLmJhY2tlbmRzLk1vZGVsQmFja2VuZCIsIl9hdXRoX3VzZXJfaWQiOiIzNCJ9','2016-10-05 06:12:07.195144'),('hu4ukivvbvtw63l2dzqc1dy1fzumzr9j','ZTgxMTllYWJiODIwZjg2Y2E5MDY0ZGYwZGE2NWQ1MzFmODNhOWQ3Zjp7Il9hdXRoX3VzZXJfaGFzaCI6IjY0YmRiZTE4NGJjYjM5NjdiZjg2Y2NmZjgzYTA3YTEyNTBlMGFlZTIiLCJfYXV0aF91c2VyX2JhY2tlbmQiOiJkamFuZ28uY29udHJpYi5hdXRoLmJhY2tlbmRzLk1vZGVsQmFja2VuZCIsIl9hdXRoX3VzZXJfaWQiOiIxIn0=','2016-10-08 05:18:51.885614'),('b7rh26z19uyy7tsegthyepn4r63rvwnm','YTk0MzM1ZjllZmI0MGMwODlkZmYwMGJkYjQ0MDM4ODFmZmNkNWQ0ODp7fQ==','2016-10-10 14:55:53.443019'),('1auchma2wlhw0at9jx2bsi8k4877x3ja','N2I1NDE0YmRkM2RlZDJiNmM4OWI0MTY2NGUxOWQwZTk4YmYwYWJkNDp7Il9hdXRoX3VzZXJfaGFzaCI6IjFiMzAxM2Q4NzhmZGI4YTRjNTNhMjE0ZTM4YWMxNjJiMjllZWM1MDQiLCJfYXV0aF91c2VyX2JhY2tlbmQiOiJkamFuZ28uY29udHJpYi5hdXRoLmJhY2tlbmRzLk1vZGVsQmFja2VuZCIsIl9hdXRoX3VzZXJfaWQiOiI0MiJ9','2016-11-15 09:35:02.879688'),('v62kn62goqlcwnnhiwaw13pqhks1lmvs','N2I1NDE0YmRkM2RlZDJiNmM4OWI0MTY2NGUxOWQwZTk4YmYwYWJkNDp7Il9hdXRoX3VzZXJfaGFzaCI6IjFiMzAxM2Q4NzhmZGI4YTRjNTNhMjE0ZTM4YWMxNjJiMjllZWM1MDQiLCJfYXV0aF91c2VyX2JhY2tlbmQiOiJkamFuZ28uY29udHJpYi5hdXRoLmJhY2tlbmRzLk1vZGVsQmFja2VuZCIsIl9hdXRoX3VzZXJfaWQiOiI0MiJ9','2016-11-15 14:40:14.619986'),('gv2g1si5hauv82jifr379b5m7jmf2xil','YTlmYTNjZWY2NTRlNTQ1Nzg0YWY5M2RkZWJjZjRmNzgxOGZkNDAxOTp7Il9hdXRoX3VzZXJfaGFzaCI6IjlhZjA3OWIwMWUwNjA1NzQ0ZjJiNjMzOWIyN2RkZTIzY2Q5ZTQ5MzAiLCJfYXV0aF91c2VyX2JhY2tlbmQiOiJkamFuZ28uY29udHJpYi5hdXRoLmJhY2tlbmRzLk1vZGVsQmFja2VuZCIsIl9hdXRoX3VzZXJfaWQiOiIyIn0=','2016-11-10 04:19:49.109445'),('facatnbcj4adw74ztrsaa0lm6d5lxvob','MGVmMWEwZGMzYjBhMmU5YTc5NjRlYTcyYzE4ZDI1YzNhZjY4MDlkMzp7Il9hdXRoX3VzZXJfaGFzaCI6ImRiNTlkZDVkYWRmM2MwNWRhNzNlMjkzZTM3ZjRkOWJkZmIzYTgzNzAiLCJfYXV0aF91c2VyX2JhY2tlbmQiOiJkamFuZ28uY29udHJpYi5hdXRoLmJhY2tlbmRzLk1vZGVsQmFja2VuZCIsIl9hdXRoX3VzZXJfaWQiOiIzNiJ9','2016-11-07 06:15:44.503362'),('n6ovk3xzds6e09kh8007f9xvgkm02w15','ODJkZjBiZDk5MzExNTMxODk0NzM5MTlkMTcyM2JkNWEzNDM4OTFiMzp7Il9hdXRoX3VzZXJfaGFzaCI6ImQxNmY4NjM4NzM0MjU0Zjk1OGJkMjMyMjBkNzJkMTU2YjQxMDNmODEiLCJfYXV0aF91c2VyX2JhY2tlbmQiOiJkamFuZ28uY29udHJpYi5hdXRoLmJhY2tlbmRzLk1vZGVsQmFja2VuZCIsIl9hdXRoX3VzZXJfaWQiOiIzNyJ9','2016-12-23 10:56:12.071448'),('6kwk8wmxx4pql5m1hqrojeldame45qfx','ZDhjOGQxYjMxYzVhYWM3ZmE3MzNlZTA3OTM2ODMzNWU5MmFiMTM0Yzp7Il9hdXRoX3VzZXJfaGFzaCI6Ijk0ZDRjNTY3NjY3MDgyMzVlOTMwMTYwZTNiMjQ1ZmJiMjg5NjNkZTciLCJfYXV0aF91c2VyX2JhY2tlbmQiOiJkamFuZ28uY29udHJpYi5hdXRoLmJhY2tlbmRzLk1vZGVsQmFja2VuZCIsIl9hdXRoX3VzZXJfaWQiOiIzOCJ9','2016-12-03 09:36:52.255759'),('rd9qsxm1x5cv0kp92bn7xxbq7bty01w1','YzJmNTQwMGMwZTFjOTMzZjQxMTExMzI0OWYxYTcyYmVlMjM4ZWUxMTp7Il9hdXRoX3VzZXJfaGFzaCI6IjljZTJhMjAyOGJiZDc3MzVlZjgxMzExNWRhMjIxYTViN2NmODg2ZDMiLCJfYXV0aF91c2VyX2JhY2tlbmQiOiJkamFuZ28uY29udHJpYi5hdXRoLmJhY2tlbmRzLk1vZGVsQmFja2VuZCIsIl9hdXRoX3VzZXJfaWQiOiI0In0=','2016-11-24 06:35:58.835539'),('kse20isbrlny0fbzlzbto79v1s6590jj','M2ZhYzMwZjk3NjQyZDcwY2I0MjIwMzdiMDg3NDhjZWQ2OTExZjg0MDp7Il9hdXRoX3VzZXJfaGFzaCI6IjQxNzM5MDI4ZDM2YjU1MjkxMGFlYzg3MTZiZTQxNDdkNTJhZDAwNTMiLCJfYXV0aF91c2VyX2JhY2tlbmQiOiJkamFuZ28uY29udHJpYi5hdXRoLmJhY2tlbmRzLk1vZGVsQmFja2VuZCIsIl9hdXRoX3VzZXJfaWQiOiIzNCJ9','2016-12-07 07:08:53.659277'),('sha6v45gey0mgcyxviuqt9d3jq7t0jh0','NjIzYzg0YWYzMjYxNmY2YjFkZDNjNDc0MjNhMzA3M2NmOThjZTc4ODp7Il9hdXRoX3VzZXJfaGFzaCI6ImQ1YjJkYjE1OWQ4NGFlNzZiOTUxMjVlOGEzYmU3ZTNlMTczNjZjMjYiLCJfYXV0aF91c2VyX2JhY2tlbmQiOiJkamFuZ28uY29udHJpYi5hdXRoLmJhY2tlbmRzLk1vZGVsQmFja2VuZCIsIl9hdXRoX3VzZXJfaWQiOiI0NCJ9','2016-12-23 07:56:08.684997'),('nha7advza2zbp8qewvs4vynx3jmjonmy','ZDhjOGQxYjMxYzVhYWM3ZmE3MzNlZTA3OTM2ODMzNWU5MmFiMTM0Yzp7Il9hdXRoX3VzZXJfaGFzaCI6Ijk0ZDRjNTY3NjY3MDgyMzVlOTMwMTYwZTNiMjQ1ZmJiMjg5NjNkZTciLCJfYXV0aF91c2VyX2JhY2tlbmQiOiJkamFuZ28uY29udHJpYi5hdXRoLmJhY2tlbmRzLk1vZGVsQmFja2VuZCIsIl9hdXRoX3VzZXJfaWQiOiIzOCJ9','2017-02-14 03:50:25.914668'),('bz9hdd2hw5hs6e0yt0yj96efkpggmark','YTk0MzM1ZjllZmI0MGMwODlkZmYwMGJkYjQ0MDM4ODFmZmNkNWQ0ODp7fQ==','2017-01-24 04:29:13.734584'),('bu4awqynq0zse0yckyd64ae3ewn1pb6r','YTk0MzM1ZjllZmI0MGMwODlkZmYwMGJkYjQ0MDM4ODFmZmNkNWQ0ODp7fQ==','2017-01-24 04:29:14.403079'),('qzl009u843j7gi9rxx37ta9ocypfqgwh','YTk0MzM1ZjllZmI0MGMwODlkZmYwMGJkYjQ0MDM4ODFmZmNkNWQ0ODp7fQ==','2017-01-24 04:29:14.529268'),('qx7e6o6vr9gwyfngy7hym7eigllzi6v3','YTlmYTNjZWY2NTRlNTQ1Nzg0YWY5M2RkZWJjZjRmNzgxOGZkNDAxOTp7Il9hdXRoX3VzZXJfaGFzaCI6IjlhZjA3OWIwMWUwNjA1NzQ0ZjJiNjMzOWIyN2RkZTIzY2Q5ZTQ5MzAiLCJfYXV0aF91c2VyX2JhY2tlbmQiOiJkamFuZ28uY29udHJpYi5hdXRoLmJhY2tlbmRzLk1vZGVsQmFja2VuZCIsIl9hdXRoX3VzZXJfaWQiOiIyIn0=','2017-03-12 08:02:50.418704'),('bowfbyoihk6oadjguyr9dg0bvtjzfnms','YTlmYTNjZWY2NTRlNTQ1Nzg0YWY5M2RkZWJjZjRmNzgxOGZkNDAxOTp7Il9hdXRoX3VzZXJfaGFzaCI6IjlhZjA3OWIwMWUwNjA1NzQ0ZjJiNjMzOWIyN2RkZTIzY2Q5ZTQ5MzAiLCJfYXV0aF91c2VyX2JhY2tlbmQiOiJkamFuZ28uY29udHJpYi5hdXRoLmJhY2tlbmRzLk1vZGVsQmFja2VuZCIsIl9hdXRoX3VzZXJfaWQiOiIyIn0=','2017-03-12 08:02:47.931811'),('gfg2622g3vynb4flkx8qgijcvtkwgk6p','ODJkZjBiZDk5MzExNTMxODk0NzM5MTlkMTcyM2JkNWEzNDM4OTFiMzp7Il9hdXRoX3VzZXJfaGFzaCI6ImQxNmY4NjM4NzM0MjU0Zjk1OGJkMjMyMjBkNzJkMTU2YjQxMDNmODEiLCJfYXV0aF91c2VyX2JhY2tlbmQiOiJkamFuZ28uY29udHJpYi5hdXRoLmJhY2tlbmRzLk1vZGVsQmFja2VuZCIsIl9hdXRoX3VzZXJfaWQiOiIzNyJ9','2017-03-20 10:47:44.585636'),('ecf0hepiq88jkugdbyfba4u5ijqhvqz5','YzJmNTQwMGMwZTFjOTMzZjQxMTExMzI0OWYxYTcyYmVlMjM4ZWUxMTp7Il9hdXRoX3VzZXJfaGFzaCI6IjljZTJhMjAyOGJiZDc3MzVlZjgxMzExNWRhMjIxYTViN2NmODg2ZDMiLCJfYXV0aF91c2VyX2JhY2tlbmQiOiJkamFuZ28uY29udHJpYi5hdXRoLmJhY2tlbmRzLk1vZGVsQmFja2VuZCIsIl9hdXRoX3VzZXJfaWQiOiI0In0=','2017-04-06 07:12:28.346213'),('4q14mgew3dnc9rndgy9l5u3x6qdc748g','YzJmNTQwMGMwZTFjOTMzZjQxMTExMzI0OWYxYTcyYmVlMjM4ZWUxMTp7Il9hdXRoX3VzZXJfaGFzaCI6IjljZTJhMjAyOGJiZDc3MzVlZjgxMzExNWRhMjIxYTViN2NmODg2ZDMiLCJfYXV0aF91c2VyX2JhY2tlbmQiOiJkamFuZ28uY29udHJpYi5hdXRoLmJhY2tlbmRzLk1vZGVsQmFja2VuZCIsIl9hdXRoX3VzZXJfaWQiOiI0In0=','2017-04-06 07:24:45.851156'),('auz15rqemahqpcrqanl7tz7vfz2t332o','YzJmNTQwMGMwZTFjOTMzZjQxMTExMzI0OWYxYTcyYmVlMjM4ZWUxMTp7Il9hdXRoX3VzZXJfaGFzaCI6IjljZTJhMjAyOGJiZDc3MzVlZjgxMzExNWRhMjIxYTViN2NmODg2ZDMiLCJfYXV0aF91c2VyX2JhY2tlbmQiOiJkamFuZ28uY29udHJpYi5hdXRoLmJhY2tlbmRzLk1vZGVsQmFja2VuZCIsIl9hdXRoX3VzZXJfaWQiOiI0In0=','2017-04-06 09:39:42.682938'),('gbvd5pbhs1ab22opa100i9isvisgm096','YTk0MzM1ZjllZmI0MGMwODlkZmYwMGJkYjQ0MDM4ODFmZmNkNWQ0ODp7fQ==','2017-04-06 09:39:09.726981'),('6tdesqbjq89jccbyeo0rophsgzq1okuw','YTk0MzM1ZjllZmI0MGMwODlkZmYwMGJkYjQ0MDM4ODFmZmNkNWQ0ODp7fQ==','2017-04-06 09:39:43.224298'),('atxno6khwfdvnek4sd0h8ld1u1zb9a92','YTk0MzM1ZjllZmI0MGMwODlkZmYwMGJkYjQ0MDM4ODFmZmNkNWQ0ODp7fQ==','2017-04-06 09:39:49.871606'),('ecguxgpcotdh1ueur058bd951zvs5ye5','YTk0MzM1ZjllZmI0MGMwODlkZmYwMGJkYjQ0MDM4ODFmZmNkNWQ0ODp7fQ==','2017-04-06 09:39:51.704240'),('t6u9ds5i3ramrdk7c9vrcoukrj0mgjnw','Y2Q1ZjNkNjM4ZjRiOWY1OTExZTNmMDk5NDFiNGIyYzM3OTFkYjg5Mjp7Il9hdXRoX3VzZXJfaGFzaCI6ImQ1NDkyZjQ3MWZiNDYwNjllZDQxZDNkZmZmZjg3NTQ1MzM2NGExYTQiLCJfYXV0aF91c2VyX2JhY2tlbmQiOiJkamFuZ28uY29udHJpYi5hdXRoLmJhY2tlbmRzLk1vZGVsQmFja2VuZCIsIl9hdXRoX3VzZXJfaWQiOiIzNCJ9','2017-04-07 05:16:53.572696'),('8ybvci9bkcshfsfo3bie6v2i477wiq2k','YzJmNTQwMGMwZTFjOTMzZjQxMTExMzI0OWYxYTcyYmVlMjM4ZWUxMTp7Il9hdXRoX3VzZXJfaGFzaCI6IjljZTJhMjAyOGJiZDc3MzVlZjgxMzExNWRhMjIxYTViN2NmODg2ZDMiLCJfYXV0aF91c2VyX2JhY2tlbmQiOiJkamFuZ28uY29udHJpYi5hdXRoLmJhY2tlbmRzLk1vZGVsQmFja2VuZCIsIl9hdXRoX3VzZXJfaWQiOiI0In0=','2017-04-07 10:57:38.147631'),('s0kjqgzwaeb8i67rgg6veq4inpw5cayi','YzJmNTQwMGMwZTFjOTMzZjQxMTExMzI0OWYxYTcyYmVlMjM4ZWUxMTp7Il9hdXRoX3VzZXJfaGFzaCI6IjljZTJhMjAyOGJiZDc3MzVlZjgxMzExNWRhMjIxYTViN2NmODg2ZDMiLCJfYXV0aF91c2VyX2JhY2tlbmQiOiJkamFuZ28uY29udHJpYi5hdXRoLmJhY2tlbmRzLk1vZGVsQmFja2VuZCIsIl9hdXRoX3VzZXJfaWQiOiI0In0=','2017-04-07 10:57:44.378006'),('lvp0dsy2rrwbkgno9ba4zko87evp2t54','YzJmNTQwMGMwZTFjOTMzZjQxMTExMzI0OWYxYTcyYmVlMjM4ZWUxMTp7Il9hdXRoX3VzZXJfaGFzaCI6IjljZTJhMjAyOGJiZDc3MzVlZjgxMzExNWRhMjIxYTViN2NmODg2ZDMiLCJfYXV0aF91c2VyX2JhY2tlbmQiOiJkamFuZ28uY29udHJpYi5hdXRoLmJhY2tlbmRzLk1vZGVsQmFja2VuZCIsIl9hdXRoX3VzZXJfaWQiOiI0In0=','2017-04-07 10:57:44.310473'),('0erscbnww82d2rjs6hx8ehezmjosso1n','YzJmNTQwMGMwZTFjOTMzZjQxMTExMzI0OWYxYTcyYmVlMjM4ZWUxMTp7Il9hdXRoX3VzZXJfaGFzaCI6IjljZTJhMjAyOGJiZDc3MzVlZjgxMzExNWRhMjIxYTViN2NmODg2ZDMiLCJfYXV0aF91c2VyX2JhY2tlbmQiOiJkamFuZ28uY29udHJpYi5hdXRoLmJhY2tlbmRzLk1vZGVsQmFja2VuZCIsIl9hdXRoX3VzZXJfaWQiOiI0In0=','2017-04-07 10:57:44.458523'),('z2la0wmy7mihkj8cp0qhj0ayftgdxjkx','YzJmNTQwMGMwZTFjOTMzZjQxMTExMzI0OWYxYTcyYmVlMjM4ZWUxMTp7Il9hdXRoX3VzZXJfaGFzaCI6IjljZTJhMjAyOGJiZDc3MzVlZjgxMzExNWRhMjIxYTViN2NmODg2ZDMiLCJfYXV0aF91c2VyX2JhY2tlbmQiOiJkamFuZ28uY29udHJpYi5hdXRoLmJhY2tlbmRzLk1vZGVsQmFja2VuZCIsIl9hdXRoX3VzZXJfaWQiOiI0In0=','2017-04-07 10:57:44.955604'),('mf6xtb50xys2gbf89iyiyqo0qh76o4sb','YzJmNTQwMGMwZTFjOTMzZjQxMTExMzI0OWYxYTcyYmVlMjM4ZWUxMTp7Il9hdXRoX3VzZXJfaGFzaCI6IjljZTJhMjAyOGJiZDc3MzVlZjgxMzExNWRhMjIxYTViN2NmODg2ZDMiLCJfYXV0aF91c2VyX2JhY2tlbmQiOiJkamFuZ28uY29udHJpYi5hdXRoLmJhY2tlbmRzLk1vZGVsQmFja2VuZCIsIl9hdXRoX3VzZXJfaWQiOiI0In0=','2017-04-07 10:57:45.465980'),('7gqk9qvcbkeqj9yuqm6xmcjzap8gs1hy','YzJmNTQwMGMwZTFjOTMzZjQxMTExMzI0OWYxYTcyYmVlMjM4ZWUxMTp7Il9hdXRoX3VzZXJfaGFzaCI6IjljZTJhMjAyOGJiZDc3MzVlZjgxMzExNWRhMjIxYTViN2NmODg2ZDMiLCJfYXV0aF91c2VyX2JhY2tlbmQiOiJkamFuZ28uY29udHJpYi5hdXRoLmJhY2tlbmRzLk1vZGVsQmFja2VuZCIsIl9hdXRoX3VzZXJfaWQiOiI0In0=','2017-04-07 10:57:49.464470'),('dtyz8n1ymx9e4n27dw9tmyazd73gtxoh','YzJmNTQwMGMwZTFjOTMzZjQxMTExMzI0OWYxYTcyYmVlMjM4ZWUxMTp7Il9hdXRoX3VzZXJfaGFzaCI6IjljZTJhMjAyOGJiZDc3MzVlZjgxMzExNWRhMjIxYTViN2NmODg2ZDMiLCJfYXV0aF91c2VyX2JhY2tlbmQiOiJkamFuZ28uY29udHJpYi5hdXRoLmJhY2tlbmRzLk1vZGVsQmFja2VuZCIsIl9hdXRoX3VzZXJfaWQiOiI0In0=','2017-04-07 10:58:27.832428'),('as5nnjqbse057afa4icb0huqlo1yg7fg','YzJmNTQwMGMwZTFjOTMzZjQxMTExMzI0OWYxYTcyYmVlMjM4ZWUxMTp7Il9hdXRoX3VzZXJfaGFzaCI6IjljZTJhMjAyOGJiZDc3MzVlZjgxMzExNWRhMjIxYTViN2NmODg2ZDMiLCJfYXV0aF91c2VyX2JhY2tlbmQiOiJkamFuZ28uY29udHJpYi5hdXRoLmJhY2tlbmRzLk1vZGVsQmFja2VuZCIsIl9hdXRoX3VzZXJfaWQiOiI0In0=','2017-04-07 10:58:29.748475'),('k4fcsnfhuzz4gl9ovl4917o1l154uwqm','YzJmNTQwMGMwZTFjOTMzZjQxMTExMzI0OWYxYTcyYmVlMjM4ZWUxMTp7Il9hdXRoX3VzZXJfaGFzaCI6IjljZTJhMjAyOGJiZDc3MzVlZjgxMzExNWRhMjIxYTViN2NmODg2ZDMiLCJfYXV0aF91c2VyX2JhY2tlbmQiOiJkamFuZ28uY29udHJpYi5hdXRoLmJhY2tlbmRzLk1vZGVsQmFja2VuZCIsIl9hdXRoX3VzZXJfaWQiOiI0In0=','2017-04-07 10:58:30.453856'),('hcw9h49yrq8gsh56a7utnh1p4nquigec','YzJmNTQwMGMwZTFjOTMzZjQxMTExMzI0OWYxYTcyYmVlMjM4ZWUxMTp7Il9hdXRoX3VzZXJfaGFzaCI6IjljZTJhMjAyOGJiZDc3MzVlZjgxMzExNWRhMjIxYTViN2NmODg2ZDMiLCJfYXV0aF91c2VyX2JhY2tlbmQiOiJkamFuZ28uY29udHJpYi5hdXRoLmJhY2tlbmRzLk1vZGVsQmFja2VuZCIsIl9hdXRoX3VzZXJfaWQiOiI0In0=','2017-04-07 10:58:31.578429'),('ciiyiofm8go88gxjrk48mz89mjb8h16c','YzJmNTQwMGMwZTFjOTMzZjQxMTExMzI0OWYxYTcyYmVlMjM4ZWUxMTp7Il9hdXRoX3VzZXJfaGFzaCI6IjljZTJhMjAyOGJiZDc3MzVlZjgxMzExNWRhMjIxYTViN2NmODg2ZDMiLCJfYXV0aF91c2VyX2JhY2tlbmQiOiJkamFuZ28uY29udHJpYi5hdXRoLmJhY2tlbmRzLk1vZGVsQmFja2VuZCIsIl9hdXRoX3VzZXJfaWQiOiI0In0=','2017-04-07 10:58:40.556098'),('efndagtjs5ixxw1q6ko56kg701h3gd9m','YzJmNTQwMGMwZTFjOTMzZjQxMTExMzI0OWYxYTcyYmVlMjM4ZWUxMTp7Il9hdXRoX3VzZXJfaGFzaCI6IjljZTJhMjAyOGJiZDc3MzVlZjgxMzExNWRhMjIxYTViN2NmODg2ZDMiLCJfYXV0aF91c2VyX2JhY2tlbmQiOiJkamFuZ28uY29udHJpYi5hdXRoLmJhY2tlbmRzLk1vZGVsQmFja2VuZCIsIl9hdXRoX3VzZXJfaWQiOiI0In0=','2017-04-07 10:58:42.876665'),('niznkk290nhl946gblfwjy2wcqgabdj1','YzJmNTQwMGMwZTFjOTMzZjQxMTExMzI0OWYxYTcyYmVlMjM4ZWUxMTp7Il9hdXRoX3VzZXJfaGFzaCI6IjljZTJhMjAyOGJiZDc3MzVlZjgxMzExNWRhMjIxYTViN2NmODg2ZDMiLCJfYXV0aF91c2VyX2JhY2tlbmQiOiJkamFuZ28uY29udHJpYi5hdXRoLmJhY2tlbmRzLk1vZGVsQmFja2VuZCIsIl9hdXRoX3VzZXJfaWQiOiI0In0=','2017-04-07 10:58:40.555522'),('ttzcvd6aft63fytt4rbod5gi1ht1stas','YzJmNTQwMGMwZTFjOTMzZjQxMTExMzI0OWYxYTcyYmVlMjM4ZWUxMTp7Il9hdXRoX3VzZXJfaGFzaCI6IjljZTJhMjAyOGJiZDc3MzVlZjgxMzExNWRhMjIxYTViN2NmODg2ZDMiLCJfYXV0aF91c2VyX2JhY2tlbmQiOiJkamFuZ28uY29udHJpYi5hdXRoLmJhY2tlbmRzLk1vZGVsQmFja2VuZCIsIl9hdXRoX3VzZXJfaWQiOiI0In0=','2017-04-07 10:58:40.575983'),('c29osgaoaxykh79cf3ak9g1nvb5qu14p','YzJmNTQwMGMwZTFjOTMzZjQxMTExMzI0OWYxYTcyYmVlMjM4ZWUxMTp7Il9hdXRoX3VzZXJfaGFzaCI6IjljZTJhMjAyOGJiZDc3MzVlZjgxMzExNWRhMjIxYTViN2NmODg2ZDMiLCJfYXV0aF91c2VyX2JhY2tlbmQiOiJkamFuZ28uY29udHJpYi5hdXRoLmJhY2tlbmRzLk1vZGVsQmFja2VuZCIsIl9hdXRoX3VzZXJfaWQiOiI0In0=','2017-04-07 10:58:43.564628'),('mbaf5yq9l548bgk0wz7ha4fgo7zr6fcj','YWRlZDY3NzA2ZGIwNTQwNjBkNWEyYWE4ZmE5MDU3YWQ0NTUxZTdlZjp7Il9hdXRoX3VzZXJfaGFzaCI6IjI3ZGQ1ZmFmNzMwZGQxZDdlY2M0MzAwMmFjNmEyYjlhY2MyYWJlYjciLCJfYXV0aF91c2VyX2JhY2tlbmQiOiJkamFuZ28uY29udHJpYi5hdXRoLmJhY2tlbmRzLk1vZGVsQmFja2VuZCIsIl9hdXRoX3VzZXJfaWQiOiIzOCJ9','2017-04-07 11:36:02.958480'),('qxmb0t88j0coz37cm2hrqek23yvsvu4u','YWRlZDY3NzA2ZGIwNTQwNjBkNWEyYWE4ZmE5MDU3YWQ0NTUxZTdlZjp7Il9hdXRoX3VzZXJfaGFzaCI6IjI3ZGQ1ZmFmNzMwZGQxZDdlY2M0MzAwMmFjNmEyYjlhY2MyYWJlYjciLCJfYXV0aF91c2VyX2JhY2tlbmQiOiJkamFuZ28uY29udHJpYi5hdXRoLmJhY2tlbmRzLk1vZGVsQmFja2VuZCIsIl9hdXRoX3VzZXJfaWQiOiIzOCJ9','2017-04-07 11:56:06.568928'),('o1tbz5z3eotupx13atfw9e84m3gdbzpz','ZGExNDE4MzEwZTIwMDY4YTYwNmE5NzE0YTMxYjY4YzgyY2Q2ZGM1MDp7Il9hdXRoX3VzZXJfaGFzaCI6ImVlNzY2OTcyODI0MjNjNGRmZmI5NmZkNzA5YzYxY2IzZWJkMGZjM2QiLCJfYXV0aF91c2VyX2JhY2tlbmQiOiJkamFuZ28uY29udHJpYi5hdXRoLmJhY2tlbmRzLk1vZGVsQmFja2VuZCIsIl9hdXRoX3VzZXJfaWQiOiIzNiJ9','2017-04-08 03:46:00.177497'),('9ex91nsq5e4emc7pu5unbzmhrlein153','ZWJmYTRlNGE1YmM5MTcwNTcwZDkwNzc0NDU2ODdjNGFlOGZlZDUxMTp7Il9hdXRoX3VzZXJfaGFzaCI6ImFhYWUzZDM3ZmE0YjdhZTM3MGY2NDliNjZjYjMxOGE1NzA1MzUzM2YiLCJfYXV0aF91c2VyX2lkIjoiNTYiLCJfYXV0aF91c2VyX2JhY2tlbmQiOiJkamFuZ28uY29udHJpYi5hdXRoLmJhY2tlbmRzLk1vZGVsQmFja2VuZCJ9','2017-04-08 13:07:01.300201'),('7zdoo3waalg5e5s2v8465r5ubr481fi4','YjY1MjczZTcxYWQ2YTVjMDYyMjg4YWYxZWIwMTJlNmEyNDhhYjUxNDp7Il9hdXRoX3VzZXJfaGFzaCI6IjNmNjYzYjAyYzNjMDY2NzdlNTc3MmQyOWVkZWZhNDA2ZTI0MGQ1OGQiLCJfYXV0aF91c2VyX2JhY2tlbmQiOiJkamFuZ28uY29udHJpYi5hdXRoLmJhY2tlbmRzLk1vZGVsQmFja2VuZCIsIl9hdXRoX3VzZXJfaWQiOiI1NCJ9','2017-04-11 06:37:57.643756'),('h4tf3t2qn46kyerjn1c1wjjghjz28qlf','MWY4ZWIwYjE4M2JhNjJiMjkzZmEzMzYxYWJjOTg1YWMzZDFjMjQwNTp7Il9hdXRoX3VzZXJfaGFzaCI6ImU4NzlmNDQ1MjFiNjY3MGZmYjM3NGVlZjQ3NmYwZDJkNmMzYmJlZTEiLCJfYXV0aF91c2VyX2JhY2tlbmQiOiJkamFuZ28uY29udHJpYi5hdXRoLmJhY2tlbmRzLk1vZGVsQmFja2VuZCIsIl9hdXRoX3VzZXJfaWQiOiI0NSJ9','2017-04-14 10:31:50.616403'),('hi86qrf55upj872xr659upqnbjcz8wxk','YTM5OGIwZjllOGE3Y2YxZjI4YmNmYWY4ZThmZDI3OTI0YzZmMmJhZTp7Il9hdXRoX3VzZXJfaGFzaCI6IjY0ZjNhMjM5YzhmMmVhMWY3OTA5MmMzMjQzN2RmNjM2NTJiNWQ3YTUiLCJfYXV0aF91c2VyX2JhY2tlbmQiOiJkamFuZ28uY29udHJpYi5hdXRoLmJhY2tlbmRzLk1vZGVsQmFja2VuZCIsIl9hdXRoX3VzZXJfaWQiOiI0MSJ9','2017-04-15 06:13:35.735995'),('rhthqgzh37mh157nnxah3qnk2lfago5d','YzFiNjdiNmM5NDhjYmE2OWY4NjRlYjZiYTgzMzA5ZWVmZDU5NmQ4Mzp7Il9hdXRoX3VzZXJfaGFzaCI6IjNmMDM2NDhmNzJjODNhNWFkODI0Y2E2NmZlMGRkNmUyMDBhOGVmMjAiLCJfYXV0aF91c2VyX2JhY2tlbmQiOiJkamFuZ28uY29udHJpYi5hdXRoLmJhY2tlbmRzLk1vZGVsQmFja2VuZCIsIl9hdXRoX3VzZXJfaWQiOiIzMyJ9','2017-04-22 08:36:04.522836'),('bl1jl917rd2ndlomp3y2a5hog59a8gy7','YzFiNjdiNmM5NDhjYmE2OWY4NjRlYjZiYTgzMzA5ZWVmZDU5NmQ4Mzp7Il9hdXRoX3VzZXJfaGFzaCI6IjNmMDM2NDhmNzJjODNhNWFkODI0Y2E2NmZlMGRkNmUyMDBhOGVmMjAiLCJfYXV0aF91c2VyX2JhY2tlbmQiOiJkamFuZ28uY29udHJpYi5hdXRoLmJhY2tlbmRzLk1vZGVsQmFja2VuZCIsIl9hdXRoX3VzZXJfaWQiOiIzMyJ9','2017-04-22 08:35:59.423921'),('2mv5k0i0a6ge4u5km6hws8aq6if9p1ai','YzFiNjdiNmM5NDhjYmE2OWY4NjRlYjZiYTgzMzA5ZWVmZDU5NmQ4Mzp7Il9hdXRoX3VzZXJfaGFzaCI6IjNmMDM2NDhmNzJjODNhNWFkODI0Y2E2NmZlMGRkNmUyMDBhOGVmMjAiLCJfYXV0aF91c2VyX2JhY2tlbmQiOiJkamFuZ28uY29udHJpYi5hdXRoLmJhY2tlbmRzLk1vZGVsQmFja2VuZCIsIl9hdXRoX3VzZXJfaWQiOiIzMyJ9','2017-04-22 08:36:02.257214'),('p9hxsmxvjiezm50ez83qzuh14ztgqt5y','YzFiNjdiNmM5NDhjYmE2OWY4NjRlYjZiYTgzMzA5ZWVmZDU5NmQ4Mzp7Il9hdXRoX3VzZXJfaGFzaCI6IjNmMDM2NDhmNzJjODNhNWFkODI0Y2E2NmZlMGRkNmUyMDBhOGVmMjAiLCJfYXV0aF91c2VyX2JhY2tlbmQiOiJkamFuZ28uY29udHJpYi5hdXRoLmJhY2tlbmRzLk1vZGVsQmFja2VuZCIsIl9hdXRoX3VzZXJfaWQiOiIzMyJ9','2017-04-22 08:56:58.379631'),('csecbv2bakhryv2hvey4dor11vrh4ro6','Y2Q1ZjNkNjM4ZjRiOWY1OTExZTNmMDk5NDFiNGIyYzM3OTFkYjg5Mjp7Il9hdXRoX3VzZXJfaGFzaCI6ImQ1NDkyZjQ3MWZiNDYwNjllZDQxZDNkZmZmZjg3NTQ1MzM2NGExYTQiLCJfYXV0aF91c2VyX2JhY2tlbmQiOiJkamFuZ28uY29udHJpYi5hdXRoLmJhY2tlbmRzLk1vZGVsQmFja2VuZCIsIl9hdXRoX3VzZXJfaWQiOiIzNCJ9','2017-04-28 07:51:46.365454'),('k06tz5go6jd68b9p1qas6wskvu1v60dp','ODJkZjBiZDk5MzExNTMxODk0NzM5MTlkMTcyM2JkNWEzNDM4OTFiMzp7Il9hdXRoX3VzZXJfaGFzaCI6ImQxNmY4NjM4NzM0MjU0Zjk1OGJkMjMyMjBkNzJkMTU2YjQxMDNmODEiLCJfYXV0aF91c2VyX2JhY2tlbmQiOiJkamFuZ28uY29udHJpYi5hdXRoLmJhY2tlbmRzLk1vZGVsQmFja2VuZCIsIl9hdXRoX3VzZXJfaWQiOiIzNyJ9','2017-04-29 04:58:04.832207'),('j0ndy2sm581wwyc6f0w6ce9ut6okdzni','YzFiNjdiNmM5NDhjYmE2OWY4NjRlYjZiYTgzMzA5ZWVmZDU5NmQ4Mzp7Il9hdXRoX3VzZXJfaGFzaCI6IjNmMDM2NDhmNzJjODNhNWFkODI0Y2E2NmZlMGRkNmUyMDBhOGVmMjAiLCJfYXV0aF91c2VyX2JhY2tlbmQiOiJkamFuZ28uY29udHJpYi5hdXRoLmJhY2tlbmRzLk1vZGVsQmFja2VuZCIsIl9hdXRoX3VzZXJfaWQiOiIzMyJ9','2017-04-27 03:38:47.851727'),('g3nx15np16ym7gdfct13p806xlxij26b','YjY2MTdiYTYxNjZkMjljZTdiMjkzNDU4MGZiMTEzN2RlNzUyYWNhODp7Il9hdXRoX3VzZXJfaGFzaCI6ImQ0MDM2YjQ5MjRhMGRlNjkwZWMwYmI1ZTc5NDZjYjg1Yzg4YWVmOWEiLCJfYXV0aF91c2VyX2JhY2tlbmQiOiJkamFuZ28uY29udHJpYi5hdXRoLmJhY2tlbmRzLk1vZGVsQmFja2VuZCIsIl9hdXRoX3VzZXJfaWQiOiI0NiJ9','2017-05-01 09:25:38.619748'),('h798q8kr806xzt4fctpnaz4g5wrnlh60','YzFiNjdiNmM5NDhjYmE2OWY4NjRlYjZiYTgzMzA5ZWVmZDU5NmQ4Mzp7Il9hdXRoX3VzZXJfaGFzaCI6IjNmMDM2NDhmNzJjODNhNWFkODI0Y2E2NmZlMGRkNmUyMDBhOGVmMjAiLCJfYXV0aF91c2VyX2JhY2tlbmQiOiJkamFuZ28uY29udHJpYi5hdXRoLmJhY2tlbmRzLk1vZGVsQmFja2VuZCIsIl9hdXRoX3VzZXJfaWQiOiIzMyJ9','2017-05-02 04:21:00.518141'),('ndh4g0uifbtc4c6uirlefbda63j535t5','YTk0MzM1ZjllZmI0MGMwODlkZmYwMGJkYjQ0MDM4ODFmZmNkNWQ0ODp7fQ==','2017-05-10 04:23:06.683089'),('8hg4xar9hxta890nw7p74jmof17wy4m7','YTk0MzM1ZjllZmI0MGMwODlkZmYwMGJkYjQ0MDM4ODFmZmNkNWQ0ODp7fQ==','2017-05-10 04:23:09.186276'),('ftkaxcakq6vnor3jhsdxib4vxyuxt23y','YTk0MzM1ZjllZmI0MGMwODlkZmYwMGJkYjQ0MDM4ODFmZmNkNWQ0ODp7fQ==','2017-05-05 01:47:50.600874'),('99s3dgy7qag70rk4rdos812p34ntzk4u','YTM5OGIwZjllOGE3Y2YxZjI4YmNmYWY4ZThmZDI3OTI0YzZmMmJhZTp7Il9hdXRoX3VzZXJfaGFzaCI6IjY0ZjNhMjM5YzhmMmVhMWY3OTA5MmMzMjQzN2RmNjM2NTJiNWQ3YTUiLCJfYXV0aF91c2VyX2JhY2tlbmQiOiJkamFuZ28uY29udHJpYi5hdXRoLmJhY2tlbmRzLk1vZGVsQmFja2VuZCIsIl9hdXRoX3VzZXJfaWQiOiI0MSJ9','2017-05-03 03:34:46.957643'),('gy0yqe8mb9f15yttt9z4i9280gnbft5x','YTM5OGIwZjllOGE3Y2YxZjI4YmNmYWY4ZThmZDI3OTI0YzZmMmJhZTp7Il9hdXRoX3VzZXJfaGFzaCI6IjY0ZjNhMjM5YzhmMmVhMWY3OTA5MmMzMjQzN2RmNjM2NTJiNWQ3YTUiLCJfYXV0aF91c2VyX2JhY2tlbmQiOiJkamFuZ28uY29udHJpYi5hdXRoLmJhY2tlbmRzLk1vZGVsQmFja2VuZCIsIl9hdXRoX3VzZXJfaWQiOiI0MSJ9','2017-05-03 03:34:44.096443'),('sme1189qcc44ihperlql34swiq84lujf','YzFiNjdiNmM5NDhjYmE2OWY4NjRlYjZiYTgzMzA5ZWVmZDU5NmQ4Mzp7Il9hdXRoX3VzZXJfaGFzaCI6IjNmMDM2NDhmNzJjODNhNWFkODI0Y2E2NmZlMGRkNmUyMDBhOGVmMjAiLCJfYXV0aF91c2VyX2JhY2tlbmQiOiJkamFuZ28uY29udHJpYi5hdXRoLmJhY2tlbmRzLk1vZGVsQmFja2VuZCIsIl9hdXRoX3VzZXJfaWQiOiIzMyJ9','2017-05-06 12:44:09.275860'),('yare53htspery3b1um5ma3d99q1alnlj','YTM5OGIwZjllOGE3Y2YxZjI4YmNmYWY4ZThmZDI3OTI0YzZmMmJhZTp7Il9hdXRoX3VzZXJfaGFzaCI6IjY0ZjNhMjM5YzhmMmVhMWY3OTA5MmMzMjQzN2RmNjM2NTJiNWQ3YTUiLCJfYXV0aF91c2VyX2JhY2tlbmQiOiJkamFuZ28uY29udHJpYi5hdXRoLmJhY2tlbmRzLk1vZGVsQmFja2VuZCIsIl9hdXRoX3VzZXJfaWQiOiI0MSJ9','2017-05-03 03:34:53.875445'),('b3cpqqcaym4z4jh15v6j9ktl65f25pep','YTM5OGIwZjllOGE3Y2YxZjI4YmNmYWY4ZThmZDI3OTI0YzZmMmJhZTp7Il9hdXRoX3VzZXJfaGFzaCI6IjY0ZjNhMjM5YzhmMmVhMWY3OTA5MmMzMjQzN2RmNjM2NTJiNWQ3YTUiLCJfYXV0aF91c2VyX2JhY2tlbmQiOiJkamFuZ28uY29udHJpYi5hdXRoLmJhY2tlbmRzLk1vZGVsQmFja2VuZCIsIl9hdXRoX3VzZXJfaWQiOiI0MSJ9','2017-05-05 05:38:38.209289'),('ff67xi3piop21vkh1o91er0cu8buve95','NWY2ZWMwNWQ3ZGU0NTE5Zjk3ZTNjMWYwZmVhM2FiOGQ3ODNmNTE4Njp7Il9hdXRoX3VzZXJfaGFzaCI6IjczNjVjZGU4YzEzZTk4OWNmYWFjNmJhNTUzM2ExZjY1YzRiZmY0ZjciLCJfYXV0aF91c2VyX2JhY2tlbmQiOiJkamFuZ28uY29udHJpYi5hdXRoLmJhY2tlbmRzLk1vZGVsQmFja2VuZCIsIl9hdXRoX3VzZXJfaWQiOiI0OSJ9','2017-05-08 03:40:01.214413'),('m8ec73ijtydiy9vfiv0ojv9grjgy2fn0','YzJmNTQwMGMwZTFjOTMzZjQxMTExMzI0OWYxYTcyYmVlMjM4ZWUxMTp7Il9hdXRoX3VzZXJfaGFzaCI6IjljZTJhMjAyOGJiZDc3MzVlZjgxMzExNWRhMjIxYTViN2NmODg2ZDMiLCJfYXV0aF91c2VyX2JhY2tlbmQiOiJkamFuZ28uY29udHJpYi5hdXRoLmJhY2tlbmRzLk1vZGVsQmFja2VuZCIsIl9hdXRoX3VzZXJfaWQiOiI0In0=','2017-05-10 03:44:21.437904'),('3pfth4o81odx61m57ef63r9hydn5s9p8','MDQ2NzRiN2QwOTlhNTM3ZDkyOTI3NDc4MjUxMGM0YjQ0YjU0ZDdlMTp7Il9hdXRoX3VzZXJfaGFzaCI6ImM3ZmI0MTZlMWE5YTNmYTFiNTRhMWRhYjk1NTg1M2FlOTc3MzkwOGUiLCJfYXV0aF91c2VyX2JhY2tlbmQiOiJkamFuZ28uY29udHJpYi5hdXRoLmJhY2tlbmRzLk1vZGVsQmFja2VuZCIsIl9hdXRoX3VzZXJfaWQiOiIxIn0=','2017-05-10 13:20:40.906678'),('cxon9jphh1z5c77mbuxmhukcl3tkga0w','NWM1NzcwZmVjNGUxZjI1NDlkNDM3MWM4N2FlNmRlMmVjYTRiYjA2OTp7Il9hdXRoX3VzZXJfaGFzaCI6ImI3M2JkMjE2ZTJmZmVmMjRjOGY3OTAxMzFjMWE0YjNlYTFmYzllNzIiLCJfYXV0aF91c2VyX2JhY2tlbmQiOiJkamFuZ28uY29udHJpYi5hdXRoLmJhY2tlbmRzLk1vZGVsQmFja2VuZCIsIl9hdXRoX3VzZXJfaWQiOiI1OCJ9','2017-05-19 10:25:54.220862'),('59s95oio2pf56k7ykil3imetqjdzbkr3','NWM1NzcwZmVjNGUxZjI1NDlkNDM3MWM4N2FlNmRlMmVjYTRiYjA2OTp7Il9hdXRoX3VzZXJfaGFzaCI6ImI3M2JkMjE2ZTJmZmVmMjRjOGY3OTAxMzFjMWE0YjNlYTFmYzllNzIiLCJfYXV0aF91c2VyX2JhY2tlbmQiOiJkamFuZ28uY29udHJpYi5hdXRoLmJhY2tlbmRzLk1vZGVsQmFja2VuZCIsIl9hdXRoX3VzZXJfaWQiOiI1OCJ9','2017-05-19 10:26:00.427874'),('cmghmresje9f94dxejlj5sb0zmyb73mg','NWM1NzcwZmVjNGUxZjI1NDlkNDM3MWM4N2FlNmRlMmVjYTRiYjA2OTp7Il9hdXRoX3VzZXJfaGFzaCI6ImI3M2JkMjE2ZTJmZmVmMjRjOGY3OTAxMzFjMWE0YjNlYTFmYzllNzIiLCJfYXV0aF91c2VyX2JhY2tlbmQiOiJkamFuZ28uY29udHJpYi5hdXRoLmJhY2tlbmRzLk1vZGVsQmFja2VuZCIsIl9hdXRoX3VzZXJfaWQiOiI1OCJ9','2017-05-19 10:26:00.823027'),('e3yk4gqekp7cbrgxtinttnzg8khbkk3c','YTlmYTNjZWY2NTRlNTQ1Nzg0YWY5M2RkZWJjZjRmNzgxOGZkNDAxOTp7Il9hdXRoX3VzZXJfaGFzaCI6IjlhZjA3OWIwMWUwNjA1NzQ0ZjJiNjMzOWIyN2RkZTIzY2Q5ZTQ5MzAiLCJfYXV0aF91c2VyX2JhY2tlbmQiOiJkamFuZ28uY29udHJpYi5hdXRoLmJhY2tlbmRzLk1vZGVsQmFja2VuZCIsIl9hdXRoX3VzZXJfaWQiOiIyIn0=','2017-05-23 09:13:40.409289'),('my7d8n7xjkltt4wbn5lmtwwftuejbihh','YjY2MTdiYTYxNjZkMjljZTdiMjkzNDU4MGZiMTEzN2RlNzUyYWNhODp7Il9hdXRoX3VzZXJfaGFzaCI6ImQ0MDM2YjQ5MjRhMGRlNjkwZWMwYmI1ZTc5NDZjYjg1Yzg4YWVmOWEiLCJfYXV0aF91c2VyX2JhY2tlbmQiOiJkamFuZ28uY29udHJpYi5hdXRoLmJhY2tlbmRzLk1vZGVsQmFja2VuZCIsIl9hdXRoX3VzZXJfaWQiOiI0NiJ9','2017-05-25 09:35:44.726342'),('8autd1igfmco4zhk6p7frhza9u8ec74y','YTlmYTNjZWY2NTRlNTQ1Nzg0YWY5M2RkZWJjZjRmNzgxOGZkNDAxOTp7Il9hdXRoX3VzZXJfaGFzaCI6IjlhZjA3OWIwMWUwNjA1NzQ0ZjJiNjMzOWIyN2RkZTIzY2Q5ZTQ5MzAiLCJfYXV0aF91c2VyX2JhY2tlbmQiOiJkamFuZ28uY29udHJpYi5hdXRoLmJhY2tlbmRzLk1vZGVsQmFja2VuZCIsIl9hdXRoX3VzZXJfaWQiOiIyIn0=','2017-05-23 09:13:44.728987'),('zmdambeea7pxen5679ihqre9fv3efp5f','YzFiNjdiNmM5NDhjYmE2OWY4NjRlYjZiYTgzMzA5ZWVmZDU5NmQ4Mzp7Il9hdXRoX3VzZXJfaGFzaCI6IjNmMDM2NDhmNzJjODNhNWFkODI0Y2E2NmZlMGRkNmUyMDBhOGVmMjAiLCJfYXV0aF91c2VyX2JhY2tlbmQiOiJkamFuZ28uY29udHJpYi5hdXRoLmJhY2tlbmRzLk1vZGVsQmFja2VuZCIsIl9hdXRoX3VzZXJfaWQiOiIzMyJ9','2017-05-27 10:29:38.750926'),('kychfun98icswcavzn9i5sjg091z1vg4','YTlmYTNjZWY2NTRlNTQ1Nzg0YWY5M2RkZWJjZjRmNzgxOGZkNDAxOTp7Il9hdXRoX3VzZXJfaGFzaCI6IjlhZjA3OWIwMWUwNjA1NzQ0ZjJiNjMzOWIyN2RkZTIzY2Q5ZTQ5MzAiLCJfYXV0aF91c2VyX2JhY2tlbmQiOiJkamFuZ28uY29udHJpYi5hdXRoLmJhY2tlbmRzLk1vZGVsQmFja2VuZCIsIl9hdXRoX3VzZXJfaWQiOiIyIn0=','2017-05-29 04:26:12.749552'),('9404r49h53ngvzt6nvx8oplin6bd5dku','Y2Q1ZjNkNjM4ZjRiOWY1OTExZTNmMDk5NDFiNGIyYzM3OTFkYjg5Mjp7Il9hdXRoX3VzZXJfaGFzaCI6ImQ1NDkyZjQ3MWZiNDYwNjllZDQxZDNkZmZmZjg3NTQ1MzM2NGExYTQiLCJfYXV0aF91c2VyX2JhY2tlbmQiOiJkamFuZ28uY29udHJpYi5hdXRoLmJhY2tlbmRzLk1vZGVsQmFja2VuZCIsIl9hdXRoX3VzZXJfaWQiOiIzNCJ9','2017-05-29 13:13:58.082857'),('354gd4ulo09qntdeeg0wb7vva9i0zw3d','NTMwYWRhNjE0YTAzYmQ2ZjQyMGMzZjU4YmNkYmRiZDZlZWJiZjA2Nzp7Il9hdXRoX3VzZXJfaGFzaCI6IjA4ODMyMTc2MzMxNDZjMzVmOTQ4OGM4YzQ5OTg5ODcyNmQyNTI2ZjQiLCJfYXV0aF91c2VyX2JhY2tlbmQiOiJkamFuZ28uY29udHJpYi5hdXRoLmJhY2tlbmRzLk1vZGVsQmFja2VuZCIsIl9hdXRoX3VzZXJfaWQiOiI1NiJ9','2017-06-01 05:29:39.464753'),('nzho338g6itcbykhjh6iwd45lyf73nrq','MDk5ZmU3YTFmZTdlY2VmMzZkYWM0ODQ4MWIwNDIzODI1YTgzNWE5MDp7Il9hdXRoX3VzZXJfaGFzaCI6IjlmYTkyODVhNzk1YTVlMDBlYWUyODhiN2U2YTFiNGU4MDliOGFkNmUiLCJfYXV0aF91c2VyX2JhY2tlbmQiOiJkamFuZ28uY29udHJpYi5hdXRoLmJhY2tlbmRzLk1vZGVsQmFja2VuZCIsIl9hdXRoX3VzZXJfaWQiOiI1MCJ9','2017-06-01 06:54:34.877260'),('74u342umckwah20ch71j6fgji0cii1ig','Y2M0YmQwNDAxNjNkYTdkOThjZDU1NDYwZmEwZjJjZTQ4OGFjOWRmNjp7Il9hdXRoX3VzZXJfaGFzaCI6IjhiOTAxYzFlOWY4YTAzNGY3YzE2NWQyMTI2YzZiOWMwNjk4NTcyNjYiLCJfYXV0aF91c2VyX2JhY2tlbmQiOiJkamFuZ28uY29udHJpYi5hdXRoLmJhY2tlbmRzLk1vZGVsQmFja2VuZCIsIl9hdXRoX3VzZXJfaWQiOiI1OSJ9','2017-06-02 06:07:45.534031'),('b6yhjqyfs9dxjt5z7t8rry4fp8su1js9','Y2M0YmQwNDAxNjNkYTdkOThjZDU1NDYwZmEwZjJjZTQ4OGFjOWRmNjp7Il9hdXRoX3VzZXJfaGFzaCI6IjhiOTAxYzFlOWY4YTAzNGY3YzE2NWQyMTI2YzZiOWMwNjk4NTcyNjYiLCJfYXV0aF91c2VyX2JhY2tlbmQiOiJkamFuZ28uY29udHJpYi5hdXRoLmJhY2tlbmRzLk1vZGVsQmFja2VuZCIsIl9hdXRoX3VzZXJfaWQiOiI1OSJ9','2017-06-01 12:29:37.268690'),('g82sdi5cg8yfz6e5ymf6jwufvxoi97z0','YTM5OGIwZjllOGE3Y2YxZjI4YmNmYWY4ZThmZDI3OTI0YzZmMmJhZTp7Il9hdXRoX3VzZXJfaGFzaCI6IjY0ZjNhMjM5YzhmMmVhMWY3OTA5MmMzMjQzN2RmNjM2NTJiNWQ3YTUiLCJfYXV0aF91c2VyX2JhY2tlbmQiOiJkamFuZ28uY29udHJpYi5hdXRoLmJhY2tlbmRzLk1vZGVsQmFja2VuZCIsIl9hdXRoX3VzZXJfaWQiOiI0MSJ9','2017-06-03 05:34:03.549203'),('qoqg2zwbvblz5y0a5ox6rlrhvcmun0wn','YzFiNjdiNmM5NDhjYmE2OWY4NjRlYjZiYTgzMzA5ZWVmZDU5NmQ4Mzp7Il9hdXRoX3VzZXJfaGFzaCI6IjNmMDM2NDhmNzJjODNhNWFkODI0Y2E2NmZlMGRkNmUyMDBhOGVmMjAiLCJfYXV0aF91c2VyX2JhY2tlbmQiOiJkamFuZ28uY29udHJpYi5hdXRoLmJhY2tlbmRzLk1vZGVsQmFja2VuZCIsIl9hdXRoX3VzZXJfaWQiOiIzMyJ9','2017-06-10 11:11:01.548479'),('5mwnuzvth9bu1hg67yemysyihzxik4ys','ODJkZjBiZDk5MzExNTMxODk0NzM5MTlkMTcyM2JkNWEzNDM4OTFiMzp7Il9hdXRoX3VzZXJfaGFzaCI6ImQxNmY4NjM4NzM0MjU0Zjk1OGJkMjMyMjBkNzJkMTU2YjQxMDNmODEiLCJfYXV0aF91c2VyX2JhY2tlbmQiOiJkamFuZ28uY29udHJpYi5hdXRoLmJhY2tlbmRzLk1vZGVsQmFja2VuZCIsIl9hdXRoX3VzZXJfaWQiOiIzNyJ9','2017-06-05 10:44:18.105711'),('t0p62kq5fp4ir58ejvc5uy1nrb8vaw91','MWY4ZWIwYjE4M2JhNjJiMjkzZmEzMzYxYWJjOTg1YWMzZDFjMjQwNTp7Il9hdXRoX3VzZXJfaGFzaCI6ImU4NzlmNDQ1MjFiNjY3MGZmYjM3NGVlZjQ3NmYwZDJkNmMzYmJlZTEiLCJfYXV0aF91c2VyX2JhY2tlbmQiOiJkamFuZ28uY29udHJpYi5hdXRoLmJhY2tlbmRzLk1vZGVsQmFja2VuZCIsIl9hdXRoX3VzZXJfaWQiOiI0NSJ9','2017-06-06 06:26:13.505180'),('mjullvp4l5wxgfbizpapsm4tzrxj3m0g','MWY4ZWIwYjE4M2JhNjJiMjkzZmEzMzYxYWJjOTg1YWMzZDFjMjQwNTp7Il9hdXRoX3VzZXJfaGFzaCI6ImU4NzlmNDQ1MjFiNjY3MGZmYjM3NGVlZjQ3NmYwZDJkNmMzYmJlZTEiLCJfYXV0aF91c2VyX2JhY2tlbmQiOiJkamFuZ28uY29udHJpYi5hdXRoLmJhY2tlbmRzLk1vZGVsQmFja2VuZCIsIl9hdXRoX3VzZXJfaWQiOiI0NSJ9','2017-06-20 10:35:31.447701'),('jdzufnfz5uof8ltp9hozsjtgzw8lszvl','YWRlZDY3NzA2ZGIwNTQwNjBkNWEyYWE4ZmE5MDU3YWQ0NTUxZTdlZjp7Il9hdXRoX3VzZXJfaGFzaCI6IjI3ZGQ1ZmFmNzMwZGQxZDdlY2M0MzAwMmFjNmEyYjlhY2MyYWJlYjciLCJfYXV0aF91c2VyX2JhY2tlbmQiOiJkamFuZ28uY29udHJpYi5hdXRoLmJhY2tlbmRzLk1vZGVsQmFja2VuZCIsIl9hdXRoX3VzZXJfaWQiOiIzOCJ9','2017-06-15 12:23:23.559276'),('33eyj11y8uei60w2e9kbooc9hv4sw8vp','MDQ2NzRiN2QwOTlhNTM3ZDkyOTI3NDc4MjUxMGM0YjQ0YjU0ZDdlMTp7Il9hdXRoX3VzZXJfaGFzaCI6ImM3ZmI0MTZlMWE5YTNmYTFiNTRhMWRhYjk1NTg1M2FlOTc3MzkwOGUiLCJfYXV0aF91c2VyX2JhY2tlbmQiOiJkamFuZ28uY29udHJpYi5hdXRoLmJhY2tlbmRzLk1vZGVsQmFja2VuZCIsIl9hdXRoX3VzZXJfaWQiOiIxIn0=','2017-06-16 12:00:54.393360'),('zeyyi1lg98d03wn7lkglp888sywojhrg','NjE1OWRkMGU1OGVjOTBmZDIwNTNlYzhhZDUxMjRlM2MzZmQ0ZDE5ZTp7Il9hdXRoX3VzZXJfaGFzaCI6ImQ4MjM2NGNkNzBkN2EyZDBjNDMzM2Q2ZjRjMzA4NTdkY2VkYTk5MTEiLCJfYXV0aF91c2VyX2lkIjoiNjEiLCJfYXV0aF91c2VyX2JhY2tlbmQiOiJkamFuZ28uY29udHJpYi5hdXRoLmJhY2tlbmRzLk1vZGVsQmFja2VuZCJ9','2017-06-16 13:16:15.208959'),('snsjmgdz0kbb6fc16p4gzwa59itc0nwq','ODBmNjExZDNiMzIyNzIwZjZiZmUwZjQwZTVjNTk2MjAzNmZjMDg5MTp7Il9hdXRoX3VzZXJfaGFzaCI6ImEzOGYxODBjNzY0Yzk5ZjA1NDE3ZDIxMTQ2MTFlM2YxNDcxNTZkYzYiLCJfYXV0aF91c2VyX2JhY2tlbmQiOiJkamFuZ28uY29udHJpYi5hdXRoLmJhY2tlbmRzLk1vZGVsQmFja2VuZCIsIl9hdXRoX3VzZXJfaWQiOiI2MCJ9','2017-06-19 10:27:29.565260'),('5grfij0gweomztb82svf7lwbx3ocq161','ODJkZjBiZDk5MzExNTMxODk0NzM5MTlkMTcyM2JkNWEzNDM4OTFiMzp7Il9hdXRoX3VzZXJfaGFzaCI6ImQxNmY4NjM4NzM0MjU0Zjk1OGJkMjMyMjBkNzJkMTU2YjQxMDNmODEiLCJfYXV0aF91c2VyX2JhY2tlbmQiOiJkamFuZ28uY29udHJpYi5hdXRoLmJhY2tlbmRzLk1vZGVsQmFja2VuZCIsIl9hdXRoX3VzZXJfaWQiOiIzNyJ9','2017-06-21 06:14:09.153563'),('cf9uj4c7smvkdr1l142oiquimegvdzd9','Y2M0YmQwNDAxNjNkYTdkOThjZDU1NDYwZmEwZjJjZTQ4OGFjOWRmNjp7Il9hdXRoX3VzZXJfaGFzaCI6IjhiOTAxYzFlOWY4YTAzNGY3YzE2NWQyMTI2YzZiOWMwNjk4NTcyNjYiLCJfYXV0aF91c2VyX2JhY2tlbmQiOiJkamFuZ28uY29udHJpYi5hdXRoLmJhY2tlbmRzLk1vZGVsQmFja2VuZCIsIl9hdXRoX3VzZXJfaWQiOiI1OSJ9','2017-06-21 14:18:40.361418'),('hsnoudm1cdmiufwh8pxa5o1b6t74mwtw','Y2Q1ZjNkNjM4ZjRiOWY1OTExZTNmMDk5NDFiNGIyYzM3OTFkYjg5Mjp7Il9hdXRoX3VzZXJfaGFzaCI6ImQ1NDkyZjQ3MWZiNDYwNjllZDQxZDNkZmZmZjg3NTQ1MzM2NGExYTQiLCJfYXV0aF91c2VyX2JhY2tlbmQiOiJkamFuZ28uY29udHJpYi5hdXRoLmJhY2tlbmRzLk1vZGVsQmFja2VuZCIsIl9hdXRoX3VzZXJfaWQiOiIzNCJ9','2017-06-22 13:08:48.267342');
/*!40000 ALTER TABLE `django_session` ENABLE KEYS */;
UNLOCK TABLES;

--
-- Table structure for table `django_site`
--

DROP TABLE IF EXISTS `django_site`;
/*!40101 SET @saved_cs_client     = @@character_set_client */;
/*!40101 SET character_set_client = utf8 */;
CREATE TABLE `django_site` (
  `id` int(11) NOT NULL AUTO_INCREMENT,
  `domain` varchar(100) NOT NULL,
  `name` varchar(50) NOT NULL,
  PRIMARY KEY (`id`)
) ENGINE=MyISAM AUTO_INCREMENT=2 DEFAULT CHARSET=latin1;
/*!40101 SET character_set_client = @saved_cs_client */;

--
-- Dumping data for table `django_site`
--

LOCK TABLES `django_site` WRITE;
/*!40000 ALTER TABLE `django_site` DISABLE KEYS */;
INSERT INTO `django_site` VALUES (1,'sales.wellnetservices.com','WellNet Services');
/*!40000 ALTER TABLE `django_site` ENABLE KEYS */;
UNLOCK TABLES;

--
-- Table structure for table `services_baseuser`
--

DROP TABLE IF EXISTS `services_baseuser`;
/*!40101 SET @saved_cs_client     = @@character_set_client */;
/*!40101 SET character_set_client = utf8 */;
CREATE TABLE `services_baseuser` (
  `id` int(11) NOT NULL AUTO_INCREMENT,
  `password` varchar(128) NOT NULL,
  `last_login` datetime(6) DEFAULT NULL,
  `is_superuser` tinyint(1) NOT NULL,
  `username` varchar(30) NOT NULL,
  `first_name` varchar(30) NOT NULL,
  `last_name` varchar(30) NOT NULL,
  `email` varchar(254) NOT NULL,
  `is_staff` tinyint(1) NOT NULL,
  `is_active` tinyint(1) NOT NULL,
  `date_joined` datetime(6) NOT NULL,
  `phone_number` varchar(10) NOT NULL,
  `force_password_change` tinyint(1) NOT NULL,
  PRIMARY KEY (`id`),
  UNIQUE KEY `username` (`username`)
) ENGINE=MyISAM AUTO_INCREMENT=63 DEFAULT CHARSET=latin1;
/*!40101 SET character_set_client = @saved_cs_client */;

--
-- Dumping data for table `services_baseuser`
--

LOCK TABLES `services_baseuser` WRITE;
/*!40000 ALTER TABLE `services_baseuser` DISABLE KEYS */;
INSERT INTO `services_baseuser` VALUES (1,'pbkdf2_sha256$20000$cZ2GYhVWmdF4$nArWZoXHvLPcn4mpXAAFec09wypvWBr+8QscuiExJBU=','2017-06-13 11:03:24.617378',1,'prakash','','','prakash@forktechnologies.com',1,1,'2016-04-14 18:50:17.259943','9986074009',0),(2,'pbkdf2_sha256$20000$aFbd9ae6wbRs$lJhj3lOZUCAZJxK/fgMy4dOk2aoW6y08szD6o7d+wvE=','2017-06-05 07:48:05.934979',0,'sridhar','','','sridhar@wellnetservices.com',1,1,'2016-04-15 10:10:49.009480','',0),(3,'pbkdf2_sha256$20000$NYm01AUd2qv1$1x+IaJGkRDsMfATLwdSJSV85KYchOOmScw3oDYcBScE=','2016-08-22 06:20:51.417698',0,'Hitesh','','','hitesh@wellnetservices.com',0,0,'2016-04-18 09:41:28.448158','',0),(4,'pbkdf2_sha256$20000$qYGfmiSOyb4F$R1jxSyqxCLd+cqRCA/gjHY9lbWe31VAFFuFoze+Y4u8=','2017-04-26 03:44:20.375971',0,'Shailendra','','','shailendra@wellnetservices.com',1,1,'2016-04-18 09:49:07.634254','',0),(41,'pbkdf2_sha256$20000$dLVHV4qmfNwV$RhJROAhD5xsFMWGsHL8P07S8YgSK8VcyuCz7qtrTOfw=','2017-05-20 05:34:02.525515',0,'tyreparkjnr','','','jnr@cherryagencies.com',1,1,'2016-10-08 06:29:44.271509','',0),(6,'pbkdf2_sha256$20000$BebXcpGEUX7s$x3Ue2rNtGzBOYbA58khc0tVhfAuVtT7rfzKuj8IrKac=','2017-02-26 08:33:33.720490',0,'suresh','','','suresh@wellnetservices.com',1,1,'2016-04-18 13:06:41.054710','',0),(42,'pbkdf2_sha256$20000$K9ogCe2dQe7W$qZdBXZkw6vvvP3V4lcstS63hNDbLaWkJ5IMXOeOYUpM=','2017-03-25 03:52:17.523098',0,'arjun','','','arjun.vasista1705@gmail.com',1,1,'2016-10-17 04:24:02.233390','',0),(39,'pbkdf2_sha256$20000$aiBBDUDrlkxZ$kGuVxA+r+OZ8b1v45YAtiLaz+JQESDGkRzZI+vmi7Nc=','2017-04-26 03:48:19.059479',0,'Tyreparkrnr','','','rnr@cherryagencies.com',1,1,'2016-10-04 06:37:29.784058','',0),(40,'pbkdf2_sha256$20000$IttKzPZHse0C$26OURG6WxiHRZE9yX10qYnHw8yDG2VxsYNNge6iaj04=','2017-05-03 14:54:38.407975',0,'Motoadda','','','avinash@motoadda.com',1,1,'2016-10-05 13:58:29.374299','',0),(37,'pbkdf2_sha256$20000$nivTxOORSoTb$hmHqTJBydGD4TBya1kWT4rg1xPbWVHrBQbJdRkcCLH8=','2017-06-07 06:14:08.080369',0,'Tyreparkkhr','','','khr@cherryagencies.com',1,1,'2016-09-19 06:50:31.595290','',0),(38,'pbkdf2_sha256$20000$ElYSThyINT7Z$fy4XjTvS7Tr/1Ku8DSFicMhSGpTOgkEqDJH3fr71YgQ=','2017-06-01 12:23:22.541132',0,'Tyreparkbtm','','','btm@cherryagencies.com',1,1,'2016-10-01 06:41:00.648214','',0),(25,'pbkdf2_sha256$20000$NwrI928YG5Zt$3jg6MW3zEU/NTk0eDkwyojAxRmt1yU2QNlbAnk/UAys=','2016-05-14 11:29:51.969366',0,'darshan','','','darshan@wellnetservices.com',0,0,'2016-05-12 03:47:54.541082','',0),(36,'pbkdf2_sha256$20000$1EcyOEd3t8Fi$fotaY2lBz/T5euNolq9BXf/0EzvDhHuf/wyG/9jJ2Wg=','2017-06-05 07:49:01.699987',0,'suhas','','','suhas@wellnetservices.com',1,1,'2016-09-12 07:54:11.956144','',0),(35,'pbkdf2_sha256$20000$a32SUJuV4TET$ywh2+xbXyg9/yPO0HOC+nSvpv0YRQO4QebGyUajsVhU=','2017-05-27 04:01:33.638014',0,'konarkjnr','','','konarks.rajendra@gmail.com',1,1,'2016-09-08 05:16:01.369416','',0),(34,'pbkdf2_sha256$20000$7qCnhtcmtcNQ$CCShq+7XxH0ap+l/Xa9YBK+iZFhbrPg2Gyr/6OWUlQs=','2017-06-08 13:08:47.243060',0,'Cherry1indiranagar','','','inr@cherryagencies.com',1,1,'2016-08-22 05:59:22.071115','',0),(32,'pbkdf2_sha256$20000$6oeqUavmeVZT$qSbxziADtIDxl2CpF2JEkXwQwxRSUGNEwpqJ6O5OFms=',NULL,0,'Cherryindiranagar','','','',0,0,'2016-08-20 07:05:18.960296','',1),(33,'pbkdf2_sha256$20000$AoZDz6y2XSDK$7enZXTGRB7j5/aVFUp/X9Qd1sIJsncZN1rmGvQJEX/8=','2017-05-29 01:28:29.273268',0,'Cherryelectroniccity','','','elc@cherryagencies.com',1,1,'2016-08-20 07:21:01.236750','',0),(31,'pbkdf2_sha256$20000$nXPDEnjerKT7$AdbB+XyLyylu9D7ToLfB8gbm894aN46KiuPCHuyk24w=',NULL,0,'Bestserve','','','utsav.shetty@bestserve.in',1,1,'2016-08-17 04:09:25.592063','',1),(30,'pbkdf2_sha256$20000$YQrv7s2XNFPY$Z7DOkKL/zaUtYWnvDriT4UrVr0yPIFZ1B+ovAAMQWl0=',NULL,0,'S.Mohammed','','','goodrichpestcontrol@gmail.com',0,0,'2016-06-03 13:00:45.976073','',1),(43,'pbkdf2_sha256$20000$mqoXxmDLtXn6$LWvwVoHI4Xp+wNu4tr3Ja4N0IUyx5EL7Fy8CoIrDcso=',NULL,0,'bahubali','','','bahubali1571992@gmail.com',1,1,'2016-10-17 04:29:23.493061','',0),(44,'pbkdf2_sha256$20000$kxQAK75XnGjo$sRuufepzXPzYqlSt8RE0iPW7jyMihLE2m8cxGlUgJcI=','2016-12-15 03:56:12.472982',0,'tyreparkypr','','','ypr@cherryagencies.com',0,0,'2016-10-24 06:37:31.341553','',0),(45,'pbkdf2_sha256$20000$DYddmKLnVZl5$PjciNevIwB+juqRUgMz1QpDABxeT496GnfJy1u8QJGA=','2017-06-06 10:35:30.325323',0,'tyrepark1ypr','','','ypr@cherryagencies.com',1,1,'2016-10-27 07:22:47.101833','',0),(46,'pbkdf2_sha256$20000$1Ax7dmUwdkvv$PVqgCHZGn6vRbOrezLdeTE1IcCIvVKhLciOqEIgpvmY=','2017-05-11 09:35:43.671142',0,'expresscarcare','','','info@siliconcabs.in',1,1,'2016-11-15 06:11:24.167283','',0),(47,'pbkdf2_sha256$20000$SD5iivIXm2m7$ZqTysz/vFUmFrS4rsbOuanpo6Ck3JK/dQZmkhf0Px5k=',NULL,0,'tyreparkbsk','','','bsk@cherryagencies.com',0,0,'2016-11-18 04:49:42.373283','',1),(48,'pbkdf2_sha256$20000$FtS3zMzwTi4j$5ejfBYRZLarZNxNKi4KhuXuweEG/rQyoEQxkrSw6HYk=',NULL,0,'shuprashinenride','','','director@thebosscarz.com',1,1,'2016-12-08 09:36:24.229340','',1),(49,'pbkdf2_sha256$20000$7T0wm2VhElQX$2+QyvuRV6ZN5xcBx/ad3eOI5RgCg6zM7w+hPszr2jNs=','2017-05-29 01:40:21.259473',0,'sudarshanexpresscarcare','','','sudarshanexpresscarcare.in@gmail.com',1,1,'2016-12-24 06:11:15.255654','',0),(50,'pbkdf2_sha256$20000$Tt887iSNCfd6$Un5mQVHoieY7nOTSBSAREK8rNNdrQGrlUQAHvnhG/OY=','2017-05-18 06:54:33.850727',0,'autofusion','','','usmankhan31199@gmail.com',1,1,'2017-01-07 04:09:05.560298','',0),(51,'pbkdf2_sha256$20000$1fRdipdyCOVY$SRRKK/7RdIbHUV5bqviC8lb09X+3Vb1i5zOAZ1EuDZ4=',NULL,0,'autofusioninr','','','usmankhan31199@gmail.com',0,0,'2017-01-07 04:12:39.805336','',1),(52,'pbkdf2_sha256$20000$RvmwVlM1dD3O$ThCf+Re5wbPejsQJ+1JEBhADI6sGcEXXQ5gOmbZdZnE=',NULL,0,'refreshcarspa','','','refreshcarspa@gmail.com',1,1,'2017-01-09 04:00:23.753046','',1),(53,'pbkdf2_sha256$20000$DwQqH8MM3dKG$qjGG0nd3Q73uBWl7N4iD1B3rL3JOjmtvOQC0DUbXb3k=',NULL,0,'imaginepestservices','','','imaginepestservices@gmail.com',0,1,'2017-02-28 11:29:41.745905','',1),(54,'pbkdf2_sha256$20000$U2YTSfU8G6GE$nX53ja4h2wTkqyNyvaMuj2a/sD54mhT2+Kpn27TTckk=','2017-03-28 06:37:56.559900',0,'rapidcarcare','','','rapidcarcare12@gmail.com',1,1,'2017-03-01 09:39:24.878879','',0),(55,'pbkdf2_sha256$20000$OkSOmaf2NS0d$riCg/DQeDxmiP2UcfR0crV8B+C5LYKMYXYR4ddm4d9U=',NULL,0,'carwashnwipe','','','carwashnwipe@gmail.com',0,1,'2017-03-08 07:38:56.604865','',0),(59,'pbkdf2_sha256$20000$6O4bTZPVj5vo$l3/UoZCV+PlkkekXmKgah3u1Kn+t6kApRk0OOgeM5ow=','2017-06-07 14:18:39.296244',0,'aaryacarspa','','','aaryacarspa@gmail.com',1,1,'2017-05-18 11:30:01.094589','',0),(57,'pbkdf2_sha256$20000$sZE8ApJn3wtg$JDflDYhFV1kERgg0oeBFa7dJ1xq9CPXwNQ3uX/rZq28=',NULL,0,'tyreparkbhf','','','',1,1,'2017-04-25 04:52:35.348585','',1),(56,'pbkdf2_sha256$20000$fGB8scLSweqv$lG+0W4EATKuJBhL0GfYPpKDGgmezSykVwK69uuHhjPw=','2017-05-18 05:29:38.429285',0,'manupitstop','','','kishan_ind@yahoo.com',1,1,'2017-03-25 03:42:56.095827','',0),(58,'pbkdf2_sha256$20000$dnPDwKwyrXL2$oh1DKVdoP0AMW8lyn6HSr1o/xgx2m2Az9wi/5aaSoYA=','2017-05-05 10:25:59.773559',0,'sriraghavendramotors','','','srmotors97@yahoo.co.in',1,1,'2017-05-03 07:42:12.486139','',0),(60,'pbkdf2_sha256$20000$o5fmhYwOm7X1$+OhR/zqNYEwngZt1vsvwcP5REvAFupfPQ5DovU/DY6Q=','2017-06-06 03:20:46.330894',0,'ultimatecars','','','ultimatebcs@gmail.com',1,1,'2017-05-26 04:30:08.017308','',0),(61,'pbkdf2_sha256$20000$a39dtDVKdkW1$r7vDExOVAx4uXU2pP94YpH0fdKSoHFAejVHFM1lbgto=','2017-06-02 07:33:00.242578',0,'minervamotors','','','minervamotorsone@gmail.com',1,1,'2017-06-02 03:06:13.971718','',0),(62,'pbkdf2_sha256$20000$pQRmN7ulRlFL$orvNdOkTdzt2sVUMdLEKyvZO/PcHy2/rnNgEVfRWAhE=',NULL,0,'rotechmotors','','','rotechmotorsblr@gmail.com',1,1,'2017-06-02 03:22:18.620930','',1);
/*!40000 ALTER TABLE `services_baseuser` ENABLE KEYS */;
UNLOCK TABLES;

--
-- Table structure for table `services_baseuser_groups`
--

DROP TABLE IF EXISTS `services_baseuser_groups`;
/*!40101 SET @saved_cs_client     = @@character_set_client */;
/*!40101 SET character_set_client = utf8 */;
CREATE TABLE `services_baseuser_groups` (
  `id` int(11) NOT NULL AUTO_INCREMENT,
  `baseuser_id` int(11) NOT NULL,
  `group_id` int(11) NOT NULL,
  PRIMARY KEY (`id`),
  UNIQUE KEY `baseuser_id` (`baseuser_id`,`group_id`),
  KEY `services_baseuser_groups_6d53673b` (`baseuser_id`),
  KEY `services_baseuser_groups_0e939a4f` (`group_id`)
) ENGINE=MyISAM AUTO_INCREMENT=62 DEFAULT CHARSET=latin1;
/*!40101 SET character_set_client = @saved_cs_client */;

--
-- Dumping data for table `services_baseuser_groups`
--

LOCK TABLES `services_baseuser_groups` WRITE;
/*!40000 ALTER TABLE `services_baseuser_groups` DISABLE KEYS */;
INSERT INTO `services_baseuser_groups` VALUES (1,2,1),(2,3,2),(3,4,2),(34,35,3),(5,6,2),(43,44,3),(38,39,3),(33,34,3),(42,43,2),(32,33,3),(37,38,3),(24,25,2),(36,37,3),(41,42,2),(35,36,2),(31,32,3),(40,41,3),(39,40,3),(30,31,3),(29,30,3),(44,45,3),(45,46,3),(46,47,3),(47,48,3),(48,49,3),(49,50,3),(50,51,3),(51,52,3),(52,53,3),(53,54,3),(54,55,3),(55,56,3),(56,57,3),(57,58,3),(58,59,3),(59,60,3),(60,61,3),(61,62,3);
/*!40000 ALTER TABLE `services_baseuser_groups` ENABLE KEYS */;
UNLOCK TABLES;

--
-- Table structure for table `services_baseuser_user_permissions`
--

DROP TABLE IF EXISTS `services_baseuser_user_permissions`;
/*!40101 SET @saved_cs_client     = @@character_set_client */;
/*!40101 SET character_set_client = utf8 */;
CREATE TABLE `services_baseuser_user_permissions` (
  `id` int(11) NOT NULL AUTO_INCREMENT,
  `baseuser_id` int(11) NOT NULL,
  `permission_id` int(11) NOT NULL,
  PRIMARY KEY (`id`),
  UNIQUE KEY `baseuser_id` (`baseuser_id`,`permission_id`),
  KEY `services_baseuser_user_permissions_6d53673b` (`baseuser_id`),
  KEY `services_baseuser_user_permissions_8373b171` (`permission_id`)
) ENGINE=MyISAM DEFAULT CHARSET=latin1;
/*!40101 SET character_set_client = @saved_cs_client */;

--
-- Dumping data for table `services_baseuser_user_permissions`
--

LOCK TABLES `services_baseuser_user_permissions` WRITE;
/*!40000 ALTER TABLE `services_baseuser_user_permissions` DISABLE KEYS */;
/*!40000 ALTER TABLE `services_baseuser_user_permissions` ENABLE KEYS */;
UNLOCK TABLES;

--
-- Table structure for table `services_booking`
--

DROP TABLE IF EXISTS `services_booking`;
/*!40101 SET @saved_cs_client     = @@character_set_client */;
/*!40101 SET character_set_client = utf8 */;
CREATE TABLE `services_booking` (
  `id` int(11) NOT NULL AUTO_INCREMENT,
  `gross_amount` decimal(30,2) NOT NULL,
  `amount` decimal(30,2) NOT NULL,
  `service_tax` decimal(30,2) NOT NULL,
  `vat` decimal(30,2) NOT NULL,
  `cheque_dd_number` varchar(15) DEFAULT NULL,
  `cheque_dd_date` date NOT NULL,
  `utr_number` varchar(30) DEFAULT NULL,
  `transfer_date` date DEFAULT NULL,
  `bank_name` varchar(255) DEFAULT NULL,
  `bank_branch` varchar(255) DEFAULT NULL,
  `realisation_date` date DEFAULT NULL,
  `is_immediate` tinyint(1) NOT NULL,
  `expected_delivery_date` date NOT NULL,
  `order_delivery_date` date DEFAULT NULL,
  `order_delivery_type` int(11) NOT NULL,
  `courier_company_name` varchar(255) DEFAULT NULL,
  `pod_number` varchar(255) DEFAULT NULL,
  `person_name` varchar(255) DEFAULT NULL,
  `contact_number` varchar(10) DEFAULT NULL,
  `is_cancelled` tinyint(1) NOT NULL,
  `cancel_reason` varchar(255) DEFAULT NULL,
  `created_date` date NOT NULL,
  `updated` date NOT NULL,
  `send_receipt` tinyint(1) NOT NULL,
  `createdBy_id` int(11) NOT NULL,
  `payment_type_id` int(11) NOT NULL,
  `updatedBy_id` int(11) NOT NULL,
  `createdFor_id` int(11) NOT NULL,
  PRIMARY KEY (`id`),
  KEY `services_booking_c35609d3` (`createdBy_id`),
  KEY `services_booking_1e6d9cc6` (`payment_type_id`),
  KEY `services_booking_10d4336a` (`updatedBy_id`),
  KEY `services_booking_5598cfa7` (`createdFor_id`)
) ENGINE=MyISAM AUTO_INCREMENT=18 DEFAULT CHARSET=latin1;
/*!40101 SET character_set_client = @saved_cs_client */;

--
-- Dumping data for table `services_booking`
--

LOCK TABLES `services_booking` WRITE;
/*!40000 ALTER TABLE `services_booking` DISABLE KEYS */;
/*!40000 ALTER TABLE `services_booking` ENABLE KEYS */;
UNLOCK TABLES;

--
-- Table structure for table `services_channelpartner`
--

DROP TABLE IF EXISTS `services_channelpartner`;
/*!40101 SET @saved_cs_client     = @@character_set_client */;
/*!40101 SET character_set_client = utf8 */;
CREATE TABLE `services_channelpartner` (
  `baseuser_ptr_id` int(11) NOT NULL,
  `company_name` varchar(255) NOT NULL,
  `hire_date` date NOT NULL,
  `company_address` varchar(255) NOT NULL,
  `number_of_staff` int(11) NOT NULL,
  `number_of_branches` int(11) NOT NULL,
  `number_of_products` int(11) NOT NULL,
  `year_of_establishment` int(11) NOT NULL,
  `pin_code` varchar(6) NOT NULL,
  `landline` varchar(11) NOT NULL,
  `licence_number` varchar(255) NOT NULL,
  `company_pan_number` varchar(10) NOT NULL,
  `is_sub_dealer` tinyint(1) NOT NULL,
  `city_id` int(11) NOT NULL,
  `createdBy_id` int(11) NOT NULL,
  `manager_id` int(11) NOT NULL,
  PRIMARY KEY (`baseuser_ptr_id`),
  KEY `services_channelpartner_c7141997` (`city_id`),
  KEY `services_channelpartner_c35609d3` (`createdBy_id`),
  KEY `services_channelpartner_8784215c` (`manager_id`)
) ENGINE=MyISAM DEFAULT CHARSET=latin1;
/*!40101 SET character_set_client = @saved_cs_client */;

--
-- Dumping data for table `services_channelpartner`
--

LOCK TABLES `services_channelpartner` WRITE;
/*!40000 ALTER TABLE `services_channelpartner` DISABLE KEYS */;
INSERT INTO `services_channelpartner` VALUES (39,'Tyre park Rnr','2016-10-04','#115 lal bagh fort road near minerva circle next to to nandhini hotel Bangalore',4,38,2,1990,'560004','08033054843','29070326427','AABCC4619F',0,1,4,4),(38,'Cherry agencies pvt ltd','2016-10-01','#115, lalbagh fort road, next to nandhini hotel, near minerva circle, bangalore.',4,1,2,1990,'560004','08041270702','29070326427','AABCC4619F',0,1,4,4),(35,'Konark\'s The House of Car Accessories','2016-09-08','# 473, East End Main road, Jayanagar, 9th block, Bangalore 560069',8,3,30,2005,'560069','08041504556','29870453445','AAHFK6364Q',0,1,4,4),(37,'Tyre Park KH Road','2016-09-19','#115 lal bagh fort road next to nandini hotel near Minerva circle Bangalore',5,28,5,1990,'560004','08041656035','29070326427','AABCC4619F',0,1,4,4),(34,'Tyre Park Indiranagar','2016-08-22','#115 lal bagh fort road,next to nandhini hotel,near minerva circle,Bangalore',4,38,2,1990,'560004','08033054843','29070326427','AABCC4619F',0,1,4,4),(32,'Cherry agencies pvt ltd','2016-08-20','#115 lal bagh fort road,next to nandhini hotel, near minerva circle Bangalore',4,28,2,1990,'560004','08033054843','29070326427','AABCC4619F',0,1,4,4),(33,'Tyre Park Electronic city','2016-08-20','#115 lal bagh fort road,next to nandhini hotel,near minerva circle Bangalore',4,28,2,1990,'560004','08033054843','29070326427','AABCC4619F',0,1,4,4),(30,'Good rich pest control','2016-06-03','#6/10, 4th cross, 1st main, Maruthi nagar\r\nMadiwala new extension, Bangalore',5,1,12,2016,'560068','08042177775','CAXP8499EST001','CAXPS8499E',0,1,3,3),(31,'Best serve pest management pvt ltd','2016-08-17','#372/2, ground floor, lokesh building\r\nHogebandi garden, near DLF new town,\r\nBegur road, bangalore',20,1,10,2012,'560068','08060500605','U24100KA2012PTC064496','AAFCB0465J',0,1,4,4),(40,'Dreamers and Doers','2016-10-05','No. 52, CMH Road, indira Nagar 2nd stage, bangalore',5,1,10,2010,'560038','8722912345','29541101635','ATQPR5541Q',0,1,36,36),(41,'Cherry agencies pvt ltd','2016-10-08','No.115, lalbagh fort road, next to nandini hotel, near minerva circle, bangalore',4,1,2,1990,'560004','08042180028','29070326427','AABCC4619F',0,1,36,36),(44,'Cherry Agencies Pvt Ltd','2016-10-24','No.115, Lalbagh fort road, near nandini hotel, Minerva circle',5,1,1,1990,'560027','08041656035','29070326427','AABCC4619F',0,1,36,36),(45,'Cherry agencies pvt ltd','2016-10-27','No.115, lalbagh fort road, near nandini hotel minerva circle',5,1,1,1990,'560027','08041656035','29070326427','AABCC4619F',0,1,36,36),(46,'Express Car Care','2016-11-15','#1780, 80 feet road, HSR Layout,\r\nSector-1, 19th Main Road,\r\nBangalore 560102',4,1,3,2016,'560102','08068006800','AXNPG7316DSD001','AXNPG7316D',0,1,42,42),(47,'Cherry Agencies Pvt Ltd','2016-11-18','#115, lalbagh forr road, near minerva circle, bangalore',5,1,1,1990,'560027','08041656035','29070326427','AABCC4619F',0,1,36,2),(48,'Shupra Shine N Ride','2016-12-08','#12, 23rd A Main, 7th A Cross, J P Nagar 2nd Phase, opp to R V Dental College,  Bangalore - 560078',4,1,4,2014,'560078','8197079999','290202108101','AMWPP0479L',0,1,42,42),(49,'Sudarshan Express Car Care','2016-12-24','No 107, Doddathogur, Bettadasapura Circle, Behind SNN Raj Neeladri Apartments, Begur Hobli, Bangalore',6,1,10,2016,'560100','8123443888','29231100496','AGTPR6176R',0,1,42,36),(50,'Auto Fusion','2017-01-07','#12, Patel Narayan Reddy Layout, 80 feet Road, 6th Block, Koramangala, Bengaluru',1,1,1,2017,'560095','08041505576','29370457018','Auto Fusio',0,1,36,2),(51,'Auto Fusion','2017-01-07','#12, Patel Narayan Reddy Layout, 80 feet Road, 6th Block, Koramangala, Bengaluru',1,1,1,2017,'560095','08041505576','29370457018','Auto Fusio',0,1,36,2),(52,'Refresh Car Spa','2017-01-09','Market Square, No. 12/5, Kaikondrahalli, Varthur Hobli, Sarjapura Road, Bangalore',4,1,1,2014,'560037','08040906883','1111112222233333','mkjih65894',0,1,36,36),(53,'Imagine Pest Services','2017-02-28','No.39, 515 Colony, HAL 3rd Stage, New Thippasandra, Bangalore',10,1,15,2006,'560075','08025286634','BJOPP2029JSD00J','BJOPP2029J',0,1,36,42),(54,'Rapid Car Care','2017-03-01','#1163, Pandit Jawaharlal Nehru Road, BEML Layout, Beside Kaapikatte, Rajarajeshwari Nagar, Bangalore 560098',5,1,20,2016,'560098','08028605757','00000000','ADFPA8881A',0,1,42,42),(55,'Car Wash N Wipe','2017-03-08','#785, MES Road, Muthyalanagar, Gokula Extension, Bangalore',8,1,6,2014,'560013','08023450544','29421205200','AAJFC5493N',0,1,36,36),(56,'Manu PitStop','2017-03-25','No.4, K R Garden, 8th Block, Koramangala, Bangalore',3,1,5,2015,'560095','08040905773','29831258470','ABAFM2988E',0,1,36,2),(57,'Cherry Agencies Pvt Ltd','2017-04-25','#115, Lalbagh fort road, Near Minerva circle, Bangalore',1,1,1,1990,'560027','08041656035','29070326427','AABCC4619F',0,1,36,2),(58,'Sri Raghavendra Motors','2017-05-03','No.132/2&132/3, Opp Tyco Electronics, Hoodie Graphite Road, Bangalore',25,1,10,1997,'560048','08028543797','29340581340','ABUFS2119R',0,1,36,36),(59,'Aarya Car Wash & Spa','2017-05-18','# 450C Rajiv Gandhi Nagar, NTI 1st Phase, AMCO Layout Main Road, Bangalore, Near Narayana Olympiad School',5,1,1,2017,'560092','8553449595','12345678911','AZJPN7010R',0,1,36,2),(60,'Ultimate Cars','2017-05-26','# 74, Vidyaranyapura Tindlu Main Road, Bangalore',5,1,1,2013,'560097','8867771666','29891208773','AMBPT3482G',0,1,36,36),(61,'Minerva Motors & Company','2017-06-02','# 16, 13th A Cross, Thyagaraja Nagar, Basavanagudi, Bangalore',7,1,1,1992,'560004','9341234360','29061225865','AMFPS9369D',0,1,36,36),(62,'Rotech Motors','2017-06-02','# 2, 2nd Cross, Opp SBI, Papareddy Palya, Nagarabhavi 2nd Stage, Bangalore',15,1,1,2013,'560072','08023215701','29951166060','AGIPL4009E',0,1,36,36);
/*!40000 ALTER TABLE `services_channelpartner` ENABLE KEYS */;
UNLOCK TABLES;

--
-- Table structure for table `services_channelpartner_segments`
--

DROP TABLE IF EXISTS `services_channelpartner_segments`;
/*!40101 SET @saved_cs_client     = @@character_set_client */;
/*!40101 SET character_set_client = utf8 */;
CREATE TABLE `services_channelpartner_segments` (
  `id` int(11) NOT NULL AUTO_INCREMENT,
  `channelpartner_id` int(11) NOT NULL,
  `channelpartnersegment_id` int(11) NOT NULL,
  PRIMARY KEY (`id`),
  UNIQUE KEY `channelpartner_id` (`channelpartner_id`,`channelpartnersegment_id`),
  KEY `services_channelpartner_segments_8078d0b9` (`channelpartner_id`),
  KEY `services_channelpartner_segments_78584483` (`channelpartnersegment_id`)
) ENGINE=MyISAM AUTO_INCREMENT=92 DEFAULT CHARSET=latin1;
/*!40101 SET character_set_client = @saved_cs_client */;

--
-- Dumping data for table `services_channelpartner_segments`
--

LOCK TABLES `services_channelpartner_segments` WRITE;
/*!40000 ALTER TABLE `services_channelpartner_segments` DISABLE KEYS */;
INSERT INTO `services_channelpartner_segments` VALUES (50,39,8),(47,38,8),(46,37,8),(69,55,6),(78,48,6),(76,35,7),(77,54,6),(42,34,8),(81,47,8),(43,33,8),(75,46,6),(67,53,1),(72,52,6),(80,45,8),(82,44,8),(52,41,8),(51,40,6),(65,51,7),(74,32,8),(70,50,7),(79,49,6),(35,31,1),(73,30,1),(84,56,8),(85,57,8),(86,58,7),(87,59,6),(88,60,7),(89,61,7),(91,62,7);
/*!40000 ALTER TABLE `services_channelpartner_segments` ENABLE KEYS */;
UNLOCK TABLES;

--
-- Table structure for table `services_channelpartnersegment`
--

DROP TABLE IF EXISTS `services_channelpartnersegment`;
/*!40101 SET @saved_cs_client     = @@character_set_client */;
/*!40101 SET character_set_client = utf8 */;
CREATE TABLE `services_channelpartnersegment` (
  `id` int(11) NOT NULL AUTO_INCREMENT,
  `description` varchar(255) NOT NULL,
  PRIMARY KEY (`id`)
) ENGINE=MyISAM AUTO_INCREMENT=11 DEFAULT CHARSET=latin1;
/*!40101 SET character_set_client = @saved_cs_client */;

--
-- Dumping data for table `services_channelpartnersegment`
--

LOCK TABLES `services_channelpartnersegment` WRITE;
/*!40000 ALTER TABLE `services_channelpartnersegment` DISABLE KEYS */;
INSERT INTO `services_channelpartnersegment` VALUES (1,'Pest Control'),(2,'House Keeping'),(3,'Security Services'),(4,'AC maintenance'),(5,'Office supply'),(6,'Car Wash centre'),(7,'Car Dealers'),(8,'Wheel alignment centre'),(9,'Petrol pumps'),(10,'Emission test centre');
/*!40000 ALTER TABLE `services_channelpartnersegment` ENABLE KEYS */;
UNLOCK TABLES;

--
-- Table structure for table `services_city`
--

DROP TABLE IF EXISTS `services_city`;
/*!40101 SET @saved_cs_client     = @@character_set_client */;
/*!40101 SET character_set_client = utf8 */;
CREATE TABLE `services_city` (
  `id` int(11) NOT NULL AUTO_INCREMENT,
  `name` varchar(255) NOT NULL,
  `state_id` int(11) NOT NULL,
  PRIMARY KEY (`id`),
  KEY `services_city_d5582625` (`state_id`)
) ENGINE=MyISAM AUTO_INCREMENT=7 DEFAULT CHARSET=latin1;
/*!40101 SET character_set_client = @saved_cs_client */;

--
-- Dumping data for table `services_city`
--

LOCK TABLES `services_city` WRITE;
/*!40000 ALTER TABLE `services_city` DISABLE KEYS */;
INSERT INTO `services_city` VALUES (1,'Bangalore',1),(2,'Mysore',1),(3,'Mangalore',1),(4,'Hubli',1),(5,'Shimoga',1),(6,'Davangere',1);
/*!40000 ALTER TABLE `services_city` ENABLE KEYS */;
UNLOCK TABLES;

--
-- Table structure for table `services_customer`
--

DROP TABLE IF EXISTS `services_customer`;
/*!40101 SET @saved_cs_client     = @@character_set_client */;
/*!40101 SET character_set_client = utf8 */;
CREATE TABLE `services_customer` (
  `id` int(11) NOT NULL AUTO_INCREMENT,
  `first_name` varchar(100) NOT NULL,
  `last_name` varchar(100) NOT NULL,
  `gender` varchar(1) NOT NULL,
  `mobile_number` varchar(10) NOT NULL,
  `landline` varchar(11) DEFAULT NULL,
  `email` varchar(254) NOT NULL,
  `address` longtext NOT NULL,
  `pin_code` varchar(6) NOT NULL,
  PRIMARY KEY (`id`)
) ENGINE=MyISAM AUTO_INCREMENT=238 DEFAULT CHARSET=latin1;
/*!40101 SET character_set_client = @saved_cs_client */;

--
-- Dumping data for table `services_customer`
--

LOCK TABLES `services_customer` WRITE;
/*!40000 ALTER TABLE `services_customer` DISABLE KEYS */;
INSERT INTO `services_customer` VALUES (65,'Vijay','N R','M','9986017025','','vijainr1976@gmail.com','','560010'),(64,'Sathya','Murthy','M','9448322163','','sunilbpet.kumar27@gmail.com','','560100'),(63,'Satish','Das','M','9886172028','','satishdas@gmx.com','','560100'),(62,'Libish','Balachandran','M','8971152683','','libish@gmail.com','','560100'),(60,'Madhusoodhan','Rao','M','9845276181','','madhusoodhanrao@gmail.com','','560100'),(61,'Venkat','Sanapala','M','8971488999','','sanapala@yahoo.com','','560100'),(58,'Manish','Manish','M','8861977001','08033054843','manishmailme@gmail.com','Indira nagar','560004'),(59,'Arun','Rajagopal','M','9845500015','','arunrajagopalan@hotmail.com','','560100'),(57,'Navin','Navin','M','9886124320','08033054843','kemalani.navin@gmail.com','Indira nagar','560004'),(56,'Venkatesh','Venki','M','9845236008','08033054843','shailendra.wellnet@gmail.com','Indira nagar','560004'),(55,'Vinay','Vinay','M','9480000588','08033054843','vinay.jc@gmail.com','Indira nagar','560004'),(54,'David','David','M','9663396614','08033054843','davidpushpanadea@gmail.com','Indira nagar','560068'),(53,'Varsha','V','F','9741400288','','varsha2889@yahoo.com','','560010'),(51,'Raghu','Raghu','M','9443893453','08033054843','parameshwararudu.thota@gmail.com','Electronic city','560004'),(52,'Jayram','Jayram','M','8970695559','08060500605','shailendra.wellnet@gmail.com','Electronic city','560004'),(50,'Satish','Reddy','M','9844819491','','satish_reddy@yahoo.com','','560100'),(49,'Vivek','R','M','9663033611','','sankkarshan@zoho.com','','560100'),(46,'Sunil ','Karunakaran','M','9986031708','','skmenon1in@gmail.com','','560100'),(47,'Shiva ','Prakash','M','9900400761','','pshivaprakash@gmail.com','','560100'),(48,'Basil','Isaac','M','9886068175','','basilisaac@yahoo.com','','560100'),(45,'Shiva','Kumar','M','9448043333','','shivakumara99@gmail.com','','560100'),(43,'Surjith','.','M','9159917000','','nsridharprasad@gmail.com','','560010'),(44,'Vikash','Goutham','M','9886000093','','vikash4goutham@gmail.com','','560010'),(41,'Kishur ','Chinnu','M','8884622966','','kishur25chinnu@gmail.com','Bangalore','560010'),(42,'Jobish ','Thomson','M','9886637624','','jobishthomson@yahoo.com','','560010'),(39,'Girish','Reddy','M','9902833555','','girishreddy2004@gmail.com','Jfjgh','560010'),(40,'Sridhar','Prasad','M','9900544331','','sridhar@wellnetservices.com','Sndncnc','560010'),(38,'Praveen ','Reddy','M','9945091299','','praveenbn.reddy@gmail.com','Dkdmdd','560010'),(66,'Mohan','Raj','M','9980156047','','mohanagoldline@yahoo.com','','560100'),(67,'Arun ','A','M','9880676901','','arunsavi_ram@yahoo.com','','560100'),(68,'Navern','N','M','9886380739','','kumarynn@gmail.com','','560100'),(69,'Venu','Reddy','M','9901066266','','venureddyvs@gmail.com','','560100'),(70,'Naveen','P','M','9945569588','','naveen.polynex@hotmail.com','','560100'),(71,'Sudeer','P G','M','9980989556','','pg.sudheer@gmail.com','','560100'),(72,'Javeed','Ahemad','M','9844031325','08033054843','automobilesjj@gmail.com','Khroad shanthi nagar','560027'),(73,'Jaya','Murali','M','9845203785','','sjayamurali@gmail.com','','560100'),(74,'Jaya','Murali','M','9845203785','','sjayamurali@gmail.com','','560100'),(75,'Jaya','Murali','M','9845203785','8888888888','sjayamurali@gmail.com','','560100'),(76,'Jaya','Murali','M','9845203785','88888888887','sjayamurali@gmail.com','','560100'),(77,'Kishore','K','M','9880013994','','nsridharprasad@gmail.com','','560069'),(78,'Arun','A','M','9845019068','','1968arun@gmail.com','','560010'),(79,'Manjunath','Mural','M','9945691302',NULL,'manjunathmural.bosch@gmail.com','','560010'),(80,'Sudhakar','Reddy','M','9886336360',NULL,'sudhakarreddy_m@yahoo.com','','560001'),(81,'Ramana','C V','M','8197364789',NULL,'cvramana12@rediffmail.com','','560010'),(82,'Guru','Prasad','M','9341724544',NULL,'guru@gemindia.com','','560010'),(83,'Anoop','Jacob ','M','9845985959',NULL,'anoop.jacob.a@gmail.com','','560094'),(84,'Kunnal','K','M','9900048994',NULL,'kunnal1982@gmail.com','','560094'),(85,'Nachsppa','K U','M','9845364084',NULL,'kunachappa@yahoo.com','','560076'),(86,'Nachsppa','K U','M','9845364084',NULL,'kunachappa@yahoo.com','','560076'),(87,'Santhosh','S','M','9003113373',NULL,'v.satish.ca@gmail.com','','560076'),(88,'Manoj','M','M','9880668016',NULL,'nsridharprasad@gmail.com','','560001'),(89,'Dr','Veena','F','9986890050',NULL,'msveenaa@rediffmail.com','','560004'),(90,'Nagendra','.','M','9731819166',NULL,'sridhar@wellnetservices.com','','560004'),(91,'Nagendra','.','M','9731819166',NULL,'sridhar@wellnetservices.com','','560004'),(92,'Nagendra','.','M','9731819166',NULL,'sridhar@wellnetservices.com','','560004'),(93,'Nagendra','.','M','9731819166',NULL,'sridhar@wellnetservices.com','','560004'),(94,'vishwas','k n','M','9900567829',NULL,'vishwaskn@gmail.com','aabbccdd','560102'),(95,'Anoop','Mukundam','M','9449258711',NULL,'anoopmukundan2000@gmail.com','','560010'),(96,'Savyasachi','Raghu','M','9900399544',NULL,'savyasachiraghu@gmail.com','','560010'),(97,'Ravisha','.','M','9740037659',NULL,'sridhar@wellnetservices.com','Kh double road','560004'),(98,'Ganesh','.','M','9959959099',NULL,'sridhar@wellnetservices.com','Kh double road','560004'),(99,'Prakash','.','M','9980914150',NULL,'sridhar@wellnetservices.com','Kh double road','560004'),(100,'Dinesh','.','M','9632223172',NULL,'sridhar@wellnetservices.com','Kh double road','560004'),(101,'Ravi','Kumar','M','9900544331',NULL,'sridhar@wellnetservices.com','Kh double road','560004'),(102,'Akhil','Moorthy','M','9900600003',NULL,'akhil124@gmail.com','Jayanagar','560041'),(103,'Gopal','Reddy','M','9448670956',NULL,'sridhar@wellnetservices.com','Jayanagar','560041'),(104,'Ramesh','Kumar','M','9663369349',NULL,'ram_trrk@yahoo.com','Rajajinagar','560010'),(105,'Pavan','Kalyan','M','9440704189',NULL,'sridhar@wellnetservices.com','rajajinagar','560041'),(106,'PHANIRAJ','.','M','9972556741',NULL,'sridhar@wellnetservices.com','Rajajinagar','560041'),(107,'S M Trading Company','.','M','9819809111',NULL,'sridhar@wellnetservices.com','Rajajinagar','560041'),(108,'Ganesh','.','M','9844035609',NULL,'dr_ganeshsingh@yahoo.com','Rajajinagar','560041'),(109,'Ganesh','.','M','9844035609',NULL,'dr_ganeshsingh@yahoo.com','Rajajinagar','560041'),(110,'Prabhakar','Prabhakar','M','9945197039',NULL,'shailendra.wellnet@gmail.com','Rajajinagar','560004'),(111,'Vinay','Narayanswamy','M','9886724862',NULL,'vinayn@live.com','Khroad','560027'),(112,'P k','Chakravarthy','M','9449809975',NULL,'pkc4161@gmail.com','Jaynagar','560004'),(113,'Sridhar','Prasad','M','9900544331',NULL,'nsridharprasad@gmail.com','','560010'),(114,'Bharath ','Kumar','M','9008766448',NULL,'sridhar@wellnetservices.com','','560041'),(115,'Vinay','Narayanaswamy','M','9886724862',NULL,'vinayn@live.com','','560004'),(116,'Nagesh ','P','M','9743195300',NULL,'suhas@wellnetservices.com','','560041'),(117,'Bhaskar','S','M','9945333972',NULL,'suhas@wellnetservices.com','','560041'),(119,'Rahul ','Ghosh','M','9711788811',NULL,'sridhar@wellnetservices.com','','560026'),(120,'David','.','M','9663396614',NULL,'sridhar@wellnetservices.com','','560026'),(121,'Jayakumar','.','M','9663372739',NULL,'suhas@wellnetservices.com','','560041'),(122,'Praveen','Kumar','M','9886620689',NULL,'suhas@wellnetservices.com','','560041'),(123,'Kavitha','.','F','9844367797',NULL,'suhas@wellnetservices.com','','560041'),(124,'Beena','Welson','F','9483885522',NULL,'suhas@wellnetservices.com','','560041'),(125,'Sivaiah','.','M','9845568989',NULL,'satyam.siva@gmail.com','','560041'),(126,'Prashanth','.','M','9886610810',NULL,'sridhar@wellnetservices.com','','560041'),(127,'Prashanth','.','M','9886610810',NULL,'suhas@wellnetservices.com','','560041'),(128,'david','d','M','9663396614',NULL,'inr@cherryagencies.com','','560038'),(129,'Hamsaraj','.','M','9972156093',NULL,'suhas@wellnetservices.com','','560038'),(130,'Nived','Prasanna','M','9611000001',NULL,'nivedprasanna@yahoo.co.in','','560038'),(131,'Ragupathi','M','M','8050766177',NULL,'usharaghupathi6045@gmail.com','','560100'),(132,'Ragupathi','M','M','8050766177',NULL,'usharaghupathi6045@gmail.com','','560100'),(133,'Mridul','R ','M','9845592541',NULL,'mridulsarkar@yahoo.com','','560100'),(134,'Mridul','R ','M','9845592541',NULL,'mridulsarkar@yahoo.com','','560100'),(135,'Sisir','T','M','9916591163',NULL,'sisir.kmr@gmail.com','','560100'),(136,'Sisir',' R ','M','9916591163',NULL,'sisir.kmr@gmail.com','','560100'),(137,'B.m','Reddy','M','9341104545',NULL,'reddy_primeforce@redifmail.com','','560100'),(138,'Mr. ROHITH ','S P L ','M','9986538652',NULL,'rohith.spl@gmail.com','','560100'),(139,'Rohit','Spl','M','9986538652',NULL,'rohithspl@gmail.com','','560100'),(140,'Koteshwar','Rao','M','9482574399',NULL,'mkrao@live.in','','560100'),(141,'Tiken','.','M','9901971890',NULL,'sridhar@wellnetservices.com','','560027'),(142,'Nanjappa','.','M','9945470073',NULL,'sridhar@wellnetservices.com','','560027'),(143,'Tyag','Ganapathi','M','8197206060',NULL,'tyag.ganapathi@gmail.com','','560027'),(144,'michael','martin','M','9845902721',NULL,'michael@gmail.com','','560027'),(145,'Michael','Martin','M','9845902721',NULL,'michael@gmail.com','','560027'),(146,'Michael','Martin','M','9845902721',NULL,'michael@gmail.com','','560027'),(147,'MR.SARAVANA','KUMAR','M','9741009955',NULL,'dharshanranjith@yahoo.co.in','','560027'),(148,'Nagaraj ','M','M','9741228539',NULL,'ypr@cherryagencies.com','','560004'),(149,'Shivu','Kumar','M','9843355985',NULL,'sarc.tech@gmail.com','','560004'),(150,'Anoop','.','M','9986026654',NULL,'anoop.karicheri@gmail.com','','560004'),(151,'sushant','R','M','9980029559',NULL,'sushant@gmail.com','','560027'),(152,'harsh','har','M','9738101479',NULL,'harsha@gmail.com','','560001'),(153,'PRAVEEN','KUMAR','M','9886249116',NULL,'praveenjan1986@gmail.com','','560001'),(154,'SREE MUGAMBIGAI GLAZING (P) LTD','SREE','M','9663508833',NULL,'sreemugambigai@yahoo.co.in','','560025'),(155,'BADAMI','BADAMI','M','9900022485',NULL,'badami81@gmail.com','','560001'),(156,'ms.veena','veena','F','9986890050',NULL,'veena@123gmail.com','','560038'),(157,'MR.SRINIVASA','RAO','M','9590959087',NULL,'srinivasarao@gmail.com','','560039'),(158,'mr.srinivasa rao','rao','M','9590959087',NULL,'srinivasarao@gmail.com','','560039'),(159,'shrinivas','RAO','M','9590959087',NULL,'srinivasarao@gmail.com','','560039'),(160,'shrinivas','rao','M','9590959087',NULL,'srinivasarao@gmail.com','','560039'),(161,'mr francis','m','M','9008488811',NULL,'pfrancis@gmail.com','','560076'),(162,'mr francis','m','M','9008488811',NULL,'pfrancis@gmail.com','','560076'),(163,'mr francis','hn','M','9008488811',NULL,'francis@gmail.com','','560076'),(164,'sdjsdd','dsaxz','M','7795586131',NULL,'bahubali@gmail.com','','500657'),(165,'sdjsdd','dsaxz','M','7795586131',NULL,'bahubali@gmail.com','','500657'),(166,'sdjsdd','dsaxz','M','7795586131',NULL,'bahubali@gmail.com','','500657'),(167,'francis','mn','M','9008488811',NULL,'francis@gmail.com','','560076'),(168,'Mithun','Reddy','M','8861619999',NULL,'mithun.reddy8880@gmail.com','','560043'),(169,'Abhishek','B','M','7899111799',NULL,'abhi.bp87@gmail.com','','560026'),(170,'PRASHANTH',' ','M','9986800177',NULL,'PKEEMSSP@GMAIL.COM','','560098'),(171,'MANJU',' ','M','9980199802',NULL,'rapidcarcare12@gmail.com','','560098'),(172,'RAVEENDRA',' ','M','9902177116',NULL,'CHATHRA16@GMAIL.COM','','560098'),(173,'YATHEESH',' ','M','9980222095',NULL,'rapidcarcare12@gmail.com','','560098'),(174,'KRISHNA',' ','M','9620151657',NULL,'KRISHNA.HALAGERI@GMAIL.COM','','560098'),(175,'VIJAY',' ','M','7259400112',NULL,'VIJAYRV@GMAIL.COM','','560098'),(176,'SRIKANT',' ','M','7019726649',NULL,'rapidcarcare12@gmail.com','','560098'),(177,'raju','t','M','9901445422',NULL,'raju@gmai.com','','560022'),(178,'r','anand','M','8123363334',NULL,'anand@gmail.com','','560022'),(179,'bahubali','r','M','7795586131',NULL,'bahubali15071992@gmail.com','','560004'),(180,'bahubali','r','M','8722720575',NULL,'bahubali1571992@gmail.com','','591237'),(181,'bahubali','R','M','8722720575',NULL,'bahubali1571992@gmail.com','','560041'),(182,'bahubali','R','M','8722720575',NULL,'bahubali1571992@gmail.com','','560041'),(183,'shivu','shanker','M','9972295683',NULL,'shivu@gmail.com','','560041'),(184,'MR.SURESH','SURESH','M','9591926666',NULL,'suresh6666@gmail.com','','560038'),(185,'manjunath','k','M','9686567886',NULL,'manjunath@gmail.com','','560001'),(186,'nassur','mnasur','M','9845051147',NULL,'nasssun4665@gmail.com','','560025'),(187,'prasad','p','M','9538098267',NULL,'pradeepvenki@gmail.com','','560025'),(188,'srsshgyri','hkjhjkhj','M','9900029000',NULL,'info@siliconcabs.in','','560010'),(189,' carnatic engineering ','industries','F','9909912034',NULL,'carnaticengineering@gmail.com','','560090'),(190,'kiran','apachu','M','8884100657',NULL,'kiran587@gmail.com','','560090'),(191,'kiran','apachu','M','8884100657',NULL,'kiran587@gmail.com','','560090'),(192,'kiran','apachu','M','8884100657',NULL,'kiran587@gmail.com','','560090'),(193,'rajesh','kumar','M','8777911233',NULL,'rajesh25@gmail.com','','560056'),(194,'A s ','Shetty','M','9449059570',NULL,'shetty123@gmail.com','','560004'),(195,'Arun','A','M','9686222207',NULL,'arun@gmail.com','','560010'),(196,'RAJESH',' RAJESH','M','9845067109',NULL,'karabarajesh@gmail.com','','560004'),(197,'krishna',' prasad','M','9986697322',NULL,'krishna369@gmail.com','','560004'),(198,'abhishak','p','M','9741793868',NULL,'abhi987@gmail.com','','560004'),(199,'rangabhashyam','t','M','9972310367',NULL,'ranga@gmail.com','','560004'),(200,'anil','kumar','M','9066889288',NULL,'anilkumar@gmail.com','','560004'),(201,'Kumar','Kumar','M','9980150760',NULL,'kuluman@yahoo.com','','560094'),(202,'Arun','B','M','9538877181',NULL,'srmotors97@yahoo.co.in','','560048'),(203,'rahul','kumar','M','8892645216',NULL,'rahularticore@gmail.com','','560056'),(204,'rahul','kumar','M','8892645216',NULL,'rahularticore@gmail.com','','560056'),(205,'rahul','kumar','M','8892645216',NULL,'rahularticore@gmail.com','','560056'),(206,'amit kumar','roy','M','9886228425',NULL,'amitkroy@gmail.com','','560102'),(207,'amit kumar','roy','M','9886228425',NULL,'amitkroy@gmail.com','','560102'),(208,'c y','saravana kumar','M','9686606868',NULL,'baravancy@gmail.com','','560004'),(209,'roshin','p','M','9742256067',NULL,'saseendran.roshin@gmail.com','','560056'),(210,'naveen','gowda','M','8553449595',NULL,'naveen49595@gmail.com','','560092'),(211,'Nagesh','Ug','M','9845450836',NULL,'nageshug@gmail.com','','560005'),(212,'sumanth','sumanth','M','9900700311',NULL,'sumanthsgowda@gmail.com','','560092'),(213,'kiran','kiran','M','9886806263',NULL,'aaryacarwash@gmail.com','','560092'),(214,'nagesh','j','M','9743795300',NULL,'nagesh@gmail.com','','560004'),(215,'edwin','edwin','M','9845140704',NULL,'catch.edwin@gmail.com','','560092'),(216,'vinod ','vinsee','M','7899328282',NULL,'rhythmdevelopervinod@gmail.com','','560064'),(217,'vinod ','vinsee','M','7899328282',NULL,'rhythmdevelopervinod@gmail.com','','560064'),(218,'arun','bm','M','9845092324',NULL,'arun@gmail.com','','560027'),(219,'sameer','khan','M','9845078374',NULL,'sameer@gmail.com','','560027'),(220,'vikhar','v','M','9845482486',NULL,'vikhar@gmail.com','','560027'),(221,'zaheer','hussain','M','9845210587',NULL,'mzaheerh1@yahoo.com','','560027'),(222,'sunil','kumar','M','9845834566',NULL,'sunildotline@gmail.com','','560022'),(223,'sunil','kumar','M','9845834566',NULL,'sunildotline@gmail.com','','560022'),(224,'kiran','k','M','9663382569',NULL,'kiranpai16@yahoo.co.in','','560056'),(225,'kiran','k','M','9663382569',NULL,'kiranpai16@yahoo.co.in','','560056'),(226,'kiran','k','M','9663382569',NULL,'kiranpai16@yahoo.co.in','','560056'),(227,'deepak','m','M','9986928191',NULL,'deepakhb@gmail.com','','560056'),(228,'shailendr','s','M','9620444022',NULL,'shailendr@gmail.com','','560056'),(229,'sharad','juiswal','M','9449516582',NULL,'sharadmk@gmail.com','','560056'),(230,'raghottam','n m','M','9686244771',NULL,'raghottam@hotmail.com','','560076'),(231,'Arun','.','M','8867771666',NULL,'ultimatebcs@gmail.com','','560097'),(232,'Arun','.','M','8867771666',NULL,'ultimatebcs@gmail.com','','560097'),(233,'Suhas ','Srivatsa','M','9741822229',NULL,'suhas@wellnetservices.com','','560097'),(234,'K N','muthp','M','7899432055',NULL,'nmk777@gmail.com','','560022'),(235,'Chethan','H S','M','9739866292',NULL,'chetanhernr@gmail.com','','560022'),(236,'krishna','kumar','M','9743124160',NULL,'krish.sampangi@gmail.com','','560092'),(237,'sanjeevappa','n','M','8867877143',NULL,'sanjukotegudda@gmail.com','','560038');
/*!40000 ALTER TABLE `services_customer` ENABLE KEYS */;
UNLOCK TABLES;

--
-- Table structure for table `services_customercategory`
--

DROP TABLE IF EXISTS `services_customercategory`;
/*!40101 SET @saved_cs_client     = @@character_set_client */;
/*!40101 SET character_set_client = utf8 */;
CREATE TABLE `services_customercategory` (
  `id` int(11) NOT NULL AUTO_INCREMENT,
  `description` varchar(255) NOT NULL,
  PRIMARY KEY (`id`)
) ENGINE=MyISAM AUTO_INCREMENT=6 DEFAULT CHARSET=latin1;
/*!40101 SET character_set_client = @saved_cs_client */;

--
-- Dumping data for table `services_customercategory`
--

LOCK TABLES `services_customercategory` WRITE;
/*!40000 ALTER TABLE `services_customercategory` DISABLE KEYS */;
INSERT INTO `services_customercategory` VALUES (1,'Appartment'),(2,'Corporates'),(3,'Retail outlets'),(4,'Hotel/Restaurant'),(5,'Vehicles');
/*!40000 ALTER TABLE `services_customercategory` ENABLE KEYS */;
UNLOCK TABLES;

--
-- Table structure for table `services_customerinvoice`
--

DROP TABLE IF EXISTS `services_customerinvoice`;
/*!40101 SET @saved_cs_client     = @@character_set_client */;
/*!40101 SET character_set_client = utf8 */;
CREATE TABLE `services_customerinvoice` (
  `id` int(11) NOT NULL AUTO_INCREMENT,
  `company_name` varchar(100) DEFAULT NULL,
  `building_name` varchar(50) DEFAULT NULL,
  `pin_code` varchar(6) DEFAULT NULL,
  `vehicle_category` int(11) DEFAULT NULL,
  `vehicle_name` varchar(30) DEFAULT NULL,
  `vehicle_registration_no` varchar(15) DEFAULT NULL,
  `year_of_manufacture` int(11) DEFAULT NULL,
  `same_address_as_user` tinyint(1) NOT NULL,
  `address` varchar(255) DEFAULT NULL,
  `gross_amount` decimal(30,2) NOT NULL,
  `amount` decimal(30,2) NOT NULL,
  `service_tax` decimal(30,2) NOT NULL,
  `vat` decimal(30,2) NOT NULL,
  `cheque_dd_number` varchar(15) DEFAULT NULL,
  `cheque_dd_date` date DEFAULT NULL,
  `utr_number` varchar(30) DEFAULT NULL,
  `transfer_date` date DEFAULT NULL,
  `bank_name` varchar(255) DEFAULT NULL,
  `bank_branch` varchar(255) DEFAULT NULL,
  `realisation_date` date DEFAULT NULL,
  `payment_date` date NOT NULL,
  `updated` date NOT NULL,
  `created_date` date NOT NULL,
  `send_receipt` tinyint(1) NOT NULL,
  `createdBy_id` int(11) NOT NULL,
  `partner_segment_id` int(11) NOT NULL,
  `payment_type_id` int(11) NOT NULL,
  `segment_id` int(11),
  `updatedBy_id` int(11) NOT NULL,
  `user_id` int(11) NOT NULL,
  PRIMARY KEY (`id`),
  KEY `services_customerinvoice_c35609d3` (`createdBy_id`),
  KEY `services_customerinvoice_bd399736` (`partner_segment_id`),
  KEY `services_customerinvoice_1e6d9cc6` (`payment_type_id`),
  KEY `services_customerinvoice_3e8e3332` (`segment_id`),
  KEY `services_customerinvoice_10d4336a` (`updatedBy_id`),
  KEY `services_customerinvoice_e8701ad4` (`user_id`)
) ENGINE=MyISAM AUTO_INCREMENT=232 DEFAULT CHARSET=latin1;
/*!40101 SET character_set_client = @saved_cs_client */;

--
-- Dumping data for table `services_customerinvoice`
--

LOCK TABLES `services_customerinvoice` WRITE;
/*!40000 ALTER TABLE `services_customerinvoice` DISABLE KEYS */;
INSERT INTO `services_customerinvoice` VALUES (68,'','','',3,'Maruthi ertiga','Ka 08 m 3171',2014,1,'',800.00,948.00,116.00,32.00,'','2016-09-06','','2016-09-06','','',NULL,'2016-09-06','2016-09-06','2016-09-06',0,34,8,4,5,34,64),(67,'','','',3,'Xuv 500','Ka 03 mr 8739',2014,1,'',800.00,948.00,116.00,32.00,'','2016-09-06','','2016-09-06','','',NULL,'2016-09-06','2016-09-06','2016-09-06',0,34,8,4,5,34,63),(65,'','','',3,'Xuv 500','Ka 51 mc 1682',2014,1,'',800.00,948.00,116.00,32.00,'','2016-09-03','','2016-09-03','','',NULL,'2016-09-03','2016-09-03','2016-09-03',0,33,8,4,5,33,61),(66,'','','',2,'Volkswagen','Ka 53 z 2231',2014,1,'',800.00,948.00,116.00,32.00,'','2016-09-06','','2016-09-06','','',NULL,'2016-09-06','2016-09-06','2016-09-06',0,34,8,4,5,34,62),(63,'','','',3,'Range Rover','Ka 01 mk 6435',2014,1,'',800.00,948.00,116.00,32.00,'','2016-09-02','','2016-09-02','','',NULL,'2016-09-02','2016-09-02','2016-09-02',0,34,8,4,5,34,59),(64,'','','',1,'Hyudai santro','Ka 01 mb 6338',2014,1,'',800.00,948.00,116.00,32.00,'','2016-09-03','','2016-09-03','','',NULL,'2016-09-03','2016-09-03','2016-09-03',0,33,8,4,5,33,60),(62,'','','',2,'I20','Ka02mk6463',2014,1,'Indira nagar',800.00,948.00,116.00,32.00,'','2016-09-01','','2016-08-31','','',NULL,'2016-09-01','2016-09-01','2016-09-01',0,34,8,4,5,34,58),(60,'','','',2,'Waganor','Ka03mm7202',2014,1,'Indira nagar',800.00,948.00,116.00,32.00,'','2016-09-01','','2016-08-26','','',NULL,'2016-09-01','2016-09-01','2016-09-01',0,34,8,4,5,34,56),(61,'','','',2,'Swift','Ka03ml7363',2014,1,'Indira nagar',800.00,948.00,116.00,32.00,'','2016-09-01','','2016-08-31','','',NULL,'2016-09-01','2016-09-01','2016-09-01',0,34,8,4,5,34,57),(59,'','','',2,'Polo','Ka03mt2697',2014,1,'Indira nagar',800.00,948.00,116.00,32.00,'','2016-09-01','','2016-08-26','','',NULL,'2016-09-01','2016-09-01','2016-09-01',0,34,8,4,5,34,55),(58,'','','',2,'Polo','Ka03mt2697',2014,1,'Indira nagar',800.00,948.00,116.00,32.00,'','2016-09-01','','2016-08-26','','',NULL,'2016-09-01','2016-09-01','2016-09-01',0,34,8,4,5,34,55),(44,'','','',2,'Sx 4','Ka 51 p 3401',2014,1,'',800.00,948.00,116.00,32.00,'','2016-08-25','','2016-08-25','','',NULL,'2016-08-25','2016-08-25','2016-08-25',0,33,8,4,5,33,42),(45,'','','',3,'Ford eco sport','Tn 24 aa 4162',2014,1,'',800.00,948.00,116.00,32.00,'','2016-08-25','','2016-08-25','','',NULL,'2016-08-25','2016-08-25','2016-08-25',0,33,8,4,5,33,43),(46,'','','',3,'K','Ka 51 ma 0026',2014,1,'',800.00,948.00,116.00,32.00,'','2016-08-25','','2016-08-25','','',NULL,'2016-08-25','2016-08-25','2016-08-25',0,33,8,4,5,33,44),(47,'','','',3,'Toyota innova','Ka 41 p 6179',2014,1,'',800.00,948.00,116.00,32.00,'','2016-08-26','','2016-08-26','','',NULL,'2016-08-26','2016-08-26','2016-08-26',0,33,8,4,5,33,45),(48,'','','',3,'Toyota innova','Ka 41 p 6179',2014,1,'',800.00,948.00,116.00,32.00,'','2016-08-26','','2016-08-26','','',NULL,'2016-08-26','2016-08-26','2016-08-26',0,33,8,4,5,33,45),(49,'','','',3,'Mahindra xylo','Ka 53 z 7851',2014,1,'',800.00,948.00,116.00,32.00,'','2016-08-26','','2016-08-26','','',NULL,'2016-08-26','2016-08-26','2016-08-26',0,33,8,4,5,33,46),(50,'','','',2,'Ford fiesta','Ka 05 mh 3667',2014,1,'',800.00,948.00,116.00,32.00,'','2016-08-29','','2016-08-29','','',NULL,'2016-08-29','2016-08-29','2016-08-29',0,33,8,4,5,33,47),(51,'','','',2,'Honda city','Ka 51 ma 2474',2014,1,'',800.00,948.00,116.00,32.00,'','2016-08-29','','2016-08-29','','',NULL,'2016-08-29','2016-08-29','2016-08-29',0,33,8,4,5,33,48),(52,'','','',1,'Zen estilo','Ka 41 n 6598',2014,1,'',800.00,948.00,116.00,32.00,'','2016-08-29','','2016-08-29','','',NULL,'2016-08-29','2016-08-29','2016-08-29',0,33,8,4,5,33,49),(53,'','','',2,'Swift','Ka 51 mc 2502',2014,1,'',800.00,948.00,116.00,32.00,'','2016-08-29','','2016-08-29','','',NULL,'2016-08-29','2016-08-29','2016-08-29',0,33,8,4,5,33,50),(54,'Cherry agencies pvt ltd','Cherry','560004',NULL,'','',2014,1,'Electronic city',1200.00,1422.00,174.00,48.00,'','2016-09-01','','2016-07-31','','',NULL,'2016-09-01','2016-09-01','2016-09-01',0,33,8,4,2,33,51),(55,'','','',2,'Ford vigo','Ap24aj1712',2014,1,'Electronic city',800.00,948.00,116.00,32.00,'','2016-09-01','','2016-08-31','','',NULL,'2016-09-01','2016-09-01','2016-09-01',0,33,8,4,5,33,52),(56,'','','',1,'Tata bolt','Ka 03 mw 3450',2014,1,'',800.00,948.00,116.00,32.00,'','2016-09-01','','2016-09-01','','',NULL,'2016-09-01','2016-09-01','2016-09-01',0,34,8,4,5,34,53),(57,'','','',2,'Ford','Ka03ma1970',2014,1,'Indira nagar',800.00,948.00,116.00,32.00,'','2016-09-01','','2016-08-22','','',NULL,'2016-09-01','2016-09-01','2016-09-01',0,34,8,4,5,34,54),(42,'','','',2,'Honda city','Ka 01 ew 7777',2014,1,'Sndncnc',800.00,948.00,116.00,32.00,'','2016-08-22','','2016-08-22','','',NULL,'2016-08-22','2016-08-22','2016-08-22',0,33,8,4,5,33,40),(43,'','','',2,'Toyoto etios','Ka 51 c 8744',2014,1,'Bangalore',800.00,948.00,116.00,32.00,'','2016-08-25','','2016-08-25','','',NULL,'2016-08-25','2016-08-25','2016-08-25',0,33,8,4,5,33,41),(40,'','','',1,'I20','Ka ov ',2014,1,'Dkdmdd',800.00,948.00,116.00,32.00,'','2016-08-22','','2016-08-22','','',NULL,'2016-08-22','2016-08-22','2016-08-22',0,33,8,4,5,33,38),(41,'','','',3,'Innova','Ka 01 ',2014,1,'Jfjgh',800.00,948.00,116.00,32.00,'','2016-08-22','','2016-08-22','','',NULL,'2016-08-22','2016-08-22','2016-08-22',0,33,8,4,5,33,39),(69,'','','',2,'Skoda Fabia','KA 00 000',2014,1,'',800.00,832.00,0.00,32.00,'','2016-09-08','','2016-09-08','','',NULL,'2016-09-08','2016-09-08','2016-09-08',0,34,8,4,5,34,65),(70,'','','',1,'I20','Ka 03 ms 9527',2014,1,'',800.00,832.00,0.00,32.00,'','2016-09-10','','2016-09-10','','',NULL,'2016-09-10','2016-09-10','2016-09-10',0,34,8,4,5,34,66),(71,'','','',1,'Maruthi ritz','Ka 51 ma 9162',2014,1,'',800.00,832.00,0.00,32.00,'','2016-09-16','','2016-09-16','','',NULL,'2016-09-16','2016-09-16','2016-09-16',0,33,8,4,5,33,67),(72,'','','',3,'Ford endeavour','Ap 09 bk 5764',2014,1,'',800.00,832.00,0.00,32.00,'','2016-09-16','','2016-09-16','','',NULL,'2016-09-16','2016-09-16','2016-09-16',0,33,8,4,5,33,68),(73,'','','',2,'Skoda rapid','Ka 03 mm 8482',2014,1,'',800.00,832.00,0.00,32.00,'','2016-09-16','','2016-09-16','','',NULL,'2016-09-16','2016-09-16','2016-09-16',0,33,8,4,5,33,69),(74,'','','',2,'Skoda superb','Ka 04 ml 4056',2014,1,'',800.00,832.00,0.00,32.00,'','2016-09-17','','2016-09-17','','',NULL,'2016-09-17','2016-09-17','2016-09-17',0,34,8,4,5,34,70),(75,'','','',2,'Skoda rapid','Ka 51 md 4778',2014,1,'',800.00,832.00,0.00,32.00,'','2016-09-17','','2016-09-17','','',NULL,'2016-09-17','2016-09-17','2016-09-17',0,33,8,4,5,33,71),(76,'','','',3,'Xuv','Ka03mr2160',2014,1,'Khroad shanthi nagar',800.00,832.00,0.00,32.00,'','2016-09-19','','2016-09-19','','',NULL,'2016-09-19','2016-09-19','2016-09-19',0,37,8,4,5,37,72),(77,'','','',3,'Innova','Ka 03 me 6665',2014,1,'',800.00,832.00,0.00,32.00,'','2016-09-21','','2016-09-21','','',NULL,'2016-09-21','2016-09-21','2016-09-21',0,34,8,4,5,34,74),(78,'','','',2,'toyota Etios','KA  51 MB 5415',2014,1,'',800.00,832.00,0.00,32.00,'','2016-09-22','','2016-09-22','','',NULL,'2016-09-22','2016-09-22','2016-09-22',0,33,8,4,5,33,77),(79,'','','',3,'Toyota Innova','KA 03 mk 8824',2014,1,'',800.00,832.00,0.00,32.00,'','2016-09-22','','2016-09-22','','',NULL,'2016-09-22','2016-09-22','2016-09-22',0,34,8,4,5,34,78),(80,'','','',2,'Verna Fluidic','KA 28 N 4464',2014,1,NULL,800.00,832.00,0.00,32.00,'','2016-09-28','','2016-09-28','','',NULL,'2016-09-28','2016-09-28','2016-09-28',0,34,8,4,5,34,79),(81,'','','',2,'Verna Fluidic','KA 28 N 4464',2014,1,NULL,800.00,832.00,0.00,32.00,'','2016-09-28','','2016-09-28','','',NULL,'2016-09-28','2016-09-28','2016-09-28',0,34,8,4,5,34,79),(82,'','','',2,'Verna Fluidic','KA 28 N 4464',2014,1,NULL,800.00,832.00,0.00,32.00,'','2016-09-28','','2016-09-28','','',NULL,'2016-09-28','2016-09-28','2016-09-28',0,34,8,4,5,34,79),(83,'','','',2,'Verna Fluidic','KA 28 N 4464',2014,1,NULL,800.00,832.00,0.00,32.00,'','2016-09-28','','2016-09-28','','',NULL,'2016-09-28','2016-09-28','2016-09-28',0,34,8,4,5,34,79),(84,'','','',2,'Vento','KA 53 MB 1208',2014,1,NULL,800.00,832.00,0.00,32.00,'','2016-09-29','','2016-09-29','','',NULL,'2016-09-29','2016-09-29','2016-09-29',0,34,8,4,5,34,80),(85,'','','',2,'Nissan Sunny','KA 03 MX 9129',2014,1,NULL,800.00,832.00,0.00,32.00,'','2016-09-29','','2016-09-29','','',NULL,'2016-09-29','2016-09-29','2016-09-29',0,34,8,4,5,34,81),(86,'','','',1,'Skoda fabia','Ka 01 mg 6167',2014,1,NULL,800.00,832.00,0.00,32.00,'','2016-09-29','','2016-09-29','','',NULL,'2016-09-29','2016-09-29','2016-09-29',0,37,8,4,5,37,82),(87,'','','',1,'Skoda fabia','Ka 01 mg 6167',2014,1,NULL,800.00,832.00,0.00,32.00,'','2016-09-29','','2016-09-29','','',NULL,'2016-09-29','2016-09-29','2016-09-29',0,37,8,4,5,37,82),(88,'','','',3,'Hyundai santafe','Kl 05 ak 8200',2014,1,NULL,800.00,832.00,0.00,32.00,'','2016-10-01','','2016-10-01','','',NULL,'2016-10-01','2016-10-01','2016-10-01',0,38,8,4,5,38,83),(89,'','','',1,'Hyundai i 10','Ka 01 mf 882',2014,1,NULL,800.00,832.00,0.00,32.00,'','2016-10-01','','2016-10-01','','',NULL,'2016-10-01','2016-10-01','2016-10-01',0,38,8,4,5,38,84),(90,'','','',1,'Hyudai santro','Ka 04 mc 1337',2014,1,NULL,800.00,832.00,0.00,32.00,'','2016-10-01','','2016-10-01','','',NULL,'2016-10-01','2016-10-01','2016-10-01',0,38,8,4,5,38,86),(91,'','','',1,'Hyudai santro','Ka 53 n 3840',2014,1,NULL,800.00,832.00,0.00,32.00,'','2016-10-01','','2016-10-01','','',NULL,'2016-10-01','2016-10-01','2016-10-01',0,38,8,4,5,38,87),(92,'','','',2,'Skoda Rapid','KA 51 P 3672',2014,1,NULL,800.00,832.00,0.00,32.00,'','2016-10-03','','2016-10-03','','',NULL,'2016-10-03','2016-10-03','2016-10-03',0,33,8,4,5,33,88),(93,'','','',1,'Astar','KA 03 MP 5750',2014,1,NULL,800.00,832.00,0.00,32.00,'','2016-10-05','','2016-10-05','','',NULL,'2016-10-05','2016-10-05','2016-10-05',0,34,8,4,5,34,89),(94,'','','',3,'Innova','KA 01 MA 0000',2014,1,NULL,800.00,832.00,0.00,32.00,'','2016-10-05','','2016-10-05','','',NULL,'2016-10-05','2016-10-05','2016-10-05',0,34,8,4,5,34,93),(95,'','','',1,'Hyundai Getz','KA 04 MK 5020',2014,1,NULL,800.00,832.00,0.00,32.00,'','2016-10-07','','2016-10-07','','',NULL,'2016-10-07','2016-10-07','2016-10-07',0,39,8,4,5,39,95),(96,'','','',1,'Maruti Ritz','KA 02 MH 4066',2014,1,NULL,800.00,832.00,0.00,32.00,'','2016-10-07','','2016-10-07','','',NULL,'2016-10-07','2016-10-07','2016-10-07',0,39,8,4,5,39,96),(97,'','','',1,'Maruti Ritz','KA 02 MH 4066',2014,1,NULL,800.00,832.00,0.00,32.00,'','2016-10-07','','2016-10-07','','',NULL,'2016-10-07','2016-10-07','2016-10-07',0,39,8,4,5,39,96),(98,'','','',1,'I20','Ka 01 ew 7777',2014,1,NULL,800.00,832.00,0.00,32.00,'','2016-10-08','','2016-10-08','','',NULL,'2016-10-08','2016-10-08','2016-10-08',0,37,8,4,5,37,97),(99,'','','',1,'I20','Ka 01 ew 7777',2014,1,NULL,800.00,832.00,0.00,32.00,'','2016-10-08','','2016-10-08','','',NULL,'2016-10-08','2016-10-08','2016-10-08',0,37,8,4,5,37,98),(100,'','','',1,'Innova','Ka 51 ma 2474',2014,1,NULL,800.00,832.00,0.00,32.00,'','2016-10-08','','2016-10-08','','',NULL,'2016-10-08','2016-10-08','2016-10-08',0,37,8,4,5,37,99),(101,'','','',1,'Innova','KA 03 MR 3527',2014,1,NULL,800.00,832.00,0.00,32.00,'','2016-10-08','','2016-10-08','','',NULL,'2016-10-08','2016-10-08','2016-10-08',0,37,8,4,5,37,100),(102,'','','',3,'Innova','KA 03 MR 3527',2014,1,NULL,800.00,832.00,0.00,32.00,'','2016-10-08','','2016-10-08','','',NULL,'2016-10-08','2016-10-08','2016-10-08',0,37,8,4,5,37,101),(103,'','','',3,'Tata storms','KA 05MN 1701',2014,1,NULL,800.00,832.00,0.00,32.00,'','2016-10-08','','2016-10-08','','',NULL,'2016-10-08','2016-10-08','2016-10-08',0,41,8,4,5,41,102),(104,'','','',3,'Toyota Fortuner','KA 51 B 103',2014,1,NULL,800.00,832.00,0.00,32.00,'','2016-10-08','','2016-10-08','','',NULL,'2016-10-08','2016-10-08','2016-10-08',0,41,8,4,5,41,103),(105,'','','',2,'Honda amaze','KA 04MT 5631',2014,1,NULL,800.00,832.00,0.00,32.00,'','2016-10-08','','2016-10-08','','',NULL,'2016-10-08','2016-10-08','2016-10-08',0,39,8,4,5,39,104),(106,'','','',2,'Verna',' KA 02 MJ 4184',2014,1,NULL,800.00,832.00,0.00,32.00,'','2016-10-13','','2016-10-13','','',NULL,'2016-10-13','2016-10-13','2016-10-13',0,39,8,4,5,39,105),(107,'','','',2,'Indigo','KA 02 MG 7104',2014,1,NULL,800.00,832.00,0.00,32.00,'','2016-10-13','','2016-10-13','','',NULL,'2016-10-13','2016-10-13','2016-10-13',0,39,8,4,5,39,106),(108,'','','',3,'Innova','MH 15 EX 2246',2014,1,NULL,800.00,832.00,0.00,32.00,'','2016-10-13','','2016-10-13','','',NULL,'2016-10-13','2016-10-13','2016-10-13',0,39,8,4,5,39,107),(109,'','','',2,'Dzire','KA 02 MD 1133',2014,1,NULL,800.00,832.00,0.00,32.00,'','2016-10-13','','2016-10-13','','',NULL,'2016-10-13','2016-10-13','2016-10-13',0,39,8,4,5,39,109),(110,'','','',2,'Ford fiesta','Ka05ml895',2014,1,NULL,800.00,832.00,0.00,32.00,'','2016-10-16','','2016-10-16','','',NULL,'2016-10-16','2016-10-16','2016-10-16',0,39,8,4,5,39,110),(111,'','','',2,'Maruthi sx4','Ka02mf3631',2014,1,NULL,800.00,832.00,0.00,32.00,'','2016-10-16','','2016-10-16','','',NULL,'2016-10-16','2016-10-16','2016-10-16',0,37,8,4,5,37,111),(112,'','test','560078',NULL,'','',2014,1,NULL,24000.00,3120.00,0.00,120.00,'','2016-10-16','','2016-10-16','','',NULL,'2016-10-17','2016-10-17','2016-10-17',0,33,8,4,1,33,94),(113,'','','',2,'Hyundai i10','Ka05mh8275',2014,1,NULL,800.00,832.00,0.00,32.00,'','2016-10-17','','2016-10-17','','',NULL,'2016-10-17','2016-10-17','2016-10-17',0,41,8,4,5,41,112),(114,'','','',3,'Toyota Innova','KA 02 MH 0408',2014,1,NULL,800.00,832.00,0.00,32.00,'','2016-10-18','','2016-10-18','','',NULL,'2016-10-18','2016-10-18','2016-10-18',0,34,8,4,5,34,113),(115,'','','',1,'Polo','KA 05 ML 895',2014,1,NULL,800.00,832.00,0.00,32.00,'','2016-10-18','','2016-10-18','','',NULL,'2016-10-18','2016-10-18','2016-10-18',0,39,8,4,5,39,114),(116,'','','',2,'SX4','KA 02 MF 3631',2014,1,NULL,800.00,832.00,0.00,32.00,'','2016-10-18','','2016-10-18','','',NULL,'2016-10-18','2016-10-18','2016-10-18',0,37,8,4,5,37,115),(117,'','','',1,'Tata Zest','KA 01 MN 2250',2014,1,NULL,800.00,800.00,0.00,32.00,'','2016-10-21','','2016-10-21','','',NULL,'2016-10-21','2016-10-21','2016-10-21',0,41,8,4,5,41,116),(118,'','','',2,'Verna','KA 05 ME 2482',2014,1,NULL,800.00,800.00,0.00,32.00,'','2016-10-25','','2016-10-25','','',NULL,'2016-10-25','2016-10-25','2016-10-25',0,41,8,4,5,41,117),(119,'','','',1,'Hyundai I10','KA 03 MJ 8396',2014,1,NULL,800.00,800.00,0.00,32.00,'','2016-11-10','','2016-11-10','','',NULL,'2016-11-10','2016-11-10','2016-11-10',0,34,8,4,5,34,119),(120,'','','',1,'Punto','KA 03 MA 1970',2014,1,NULL,800.00,800.00,0.00,32.00,'','2016-11-10','','2016-11-10','','',NULL,'2016-11-10','2016-11-10','2016-11-10',0,34,8,4,5,34,120),(121,'','','',1,'Punto','KA 02 MF 7270',2014,1,NULL,800.00,800.00,0.00,32.00,'','2016-11-10','','2016-11-10','','',NULL,'2016-11-10','2016-11-10','2016-11-10',0,39,8,4,5,39,121),(122,'','','',1,'I20','KA 04 MQ 6166',2014,1,NULL,800.00,800.00,0.00,32.00,'','2016-11-10','','2016-11-10','','',NULL,'2016-11-10','2016-11-10','2016-11-10',0,39,8,4,5,39,122),(123,'','','',1,'Ritz','KA 02 MF 3881',2014,1,NULL,800.00,800.00,0.00,32.00,'','2016-11-10','','2016-11-10','','',NULL,'2016-11-10','2016-11-10','2016-11-10',0,39,8,4,5,39,123),(124,'','','',3,'Scorpio','KA 04 MK 2989',2014,1,NULL,800.00,800.00,0.00,32.00,'','2016-11-10','','2016-11-10','','',NULL,'2016-11-10','2016-11-10','2016-11-10',0,39,8,4,5,39,124),(125,'','','',3,'Scorpio','KA 04 MK 2989',2014,1,NULL,800.00,800.00,0.00,32.00,'','2016-11-10','','2016-11-10','','',NULL,'2016-11-10','2016-11-10','2016-11-10',0,39,8,4,5,39,124),(126,'','','',1,'Santro','KA 05 MH 1890',2014,1,NULL,800.00,800.00,0.00,32.00,'','2016-11-11','','2016-11-11','','',NULL,'2016-11-11','2016-11-11','2016-11-11',0,33,8,4,5,33,125),(127,'','','',2,'Chevrolet Optra','KA 03 MN 2016',2014,1,NULL,800.00,800.00,0.00,32.00,'','2016-11-24','','2016-11-24','','',NULL,'2016-11-24','2016-11-24','2016-11-24',0,34,8,4,5,34,129),(128,'','','',3,'Tata Safari','KA 18 Z 0801',2014,1,NULL,800.00,800.00,0.00,32.00,'','2016-11-24','','2016-11-24','','',NULL,'2016-11-24','2016-11-24','2016-11-24',0,34,8,4,5,34,130),(129,'','','',3,'Hyundai creta','Ka 51 mj 6367',2014,1,NULL,800.00,700.00,0.00,28.00,'','2016-11-26','','2016-11-26','','',NULL,'2016-11-26','2016-11-26','2016-11-26',0,33,8,4,5,33,131),(130,'','','',3,'Xylo','Ka51z7916',2014,1,NULL,1300.00,1500.00,0.00,60.00,'','2016-11-26','','2016-11-26','','',NULL,'2016-11-26','2016-11-26','2016-11-26',0,33,8,4,5,33,134),(131,'','','',3,'Scoda','Ka51mj6367',2014,1,NULL,1300.00,700.00,0.00,28.00,'','2016-11-26','','2016-11-26','','',NULL,'2016-11-26','2016-11-26','2016-11-26',0,33,8,4,5,33,135),(132,'','','',2,'Scoda','Ka51mj6367',2014,1,NULL,800.00,700.00,0.00,28.00,'','2016-11-26','',NULL,'','',NULL,'2016-11-26','2016-11-26','2016-11-26',0,33,8,4,5,33,136),(133,'','','',3,'Swiftcri','Ka04mj9988',2014,1,NULL,500.00,700.00,0.00,28.00,'','2016-11-26','','2016-11-26','','',NULL,'2016-11-26','2016-11-26','2016-11-26',0,33,8,4,5,33,137),(134,'','','',1,'Swift','KA09MA2668',2014,1,NULL,800.00,700.00,0.00,28.00,'','2016-11-28','','2016-11-28','','',NULL,'2016-11-28','2016-11-28','2016-11-28',0,33,8,4,5,33,139),(135,'','','',NULL,'','',2014,1,NULL,500.00,700.00,0.00,28.00,'','2016-11-28','','2016-11-28','','',NULL,'2016-11-28','2016-11-28','2016-11-28',0,33,8,4,NULL,33,140),(136,'','','',1,'Honda jazz','Ka 03 mw 7092',2014,1,NULL,800.00,800.00,0.00,32.00,'','2016-12-03','','2016-12-03','','',NULL,'2016-12-03','2016-12-03','2016-12-03',0,34,8,4,5,34,141),(137,'','','',1,'Grand i 10','Ka 51 mg 1048',2014,1,NULL,800.00,800.00,0.00,32.00,'','2016-12-03','','2016-12-03','','',NULL,'2016-12-03','2016-12-03','2016-12-03',0,34,8,4,5,34,142),(138,'','','',2,'Skoda rapid','Ka 51 md 9989',2014,1,NULL,800.00,800.00,0.00,32.00,'','2016-12-03','','2016-12-03','','',NULL,'2016-12-03','2016-12-03','2016-12-03',0,34,8,4,5,34,143),(139,'','','',1,'Innova','Ka01mc1204',2014,1,NULL,800.00,700.00,0.00,28.00,'','2016-12-09','','2016-12-09','','',NULL,'2016-12-09','2016-12-09','2016-12-09',0,37,8,4,5,37,146),(140,'','','',2,'Santro','Ka04mf9091',2014,1,NULL,800.00,700.00,0.00,28.00,'','2016-12-15','','2016-12-15','','',NULL,'2016-12-15','2016-12-15','2016-12-15',0,44,8,4,5,44,148),(141,'','','',2,'BMW','Ka02mg 5328',2014,1,NULL,800.00,800.00,0.00,32.00,'','2016-12-15','','2016-12-15','','',NULL,'2016-12-15','2016-12-15','2016-12-15',0,44,8,4,5,44,149),(142,'','','',1,'Alto','KA 51 MB 4127',2014,1,NULL,800.00,800.00,0.00,32.00,'','2016-12-24','','2016-12-24','','',NULL,'2016-12-24','2016-12-24','2016-12-24',0,41,8,4,5,41,150),(143,'','','',2,'hundai verna','ka02jk2255',2014,1,NULL,800.00,800.00,0.00,32.00,'','2017-03-06','','2017-03-06','','',NULL,'2017-03-06','2017-03-06','2017-03-06',0,37,8,4,5,37,151),(144,'','','',2,'hundai verna','ka02jk2255',2014,1,NULL,800.00,600.00,0.00,24.00,'','2017-03-06','','2017-03-06','','',NULL,'2017-03-06','2017-03-06','2017-03-06',0,37,8,4,5,37,151),(145,'','','',2,'i20','ka03mh1657',2014,1,NULL,800.00,600.00,0.00,24.00,'','2017-03-06','','2017-03-06','','',NULL,'2017-03-06','2017-03-06','2017-03-06',0,37,8,4,5,37,152),(146,'','','',1,'alto','ka03 mj 629',2014,1,NULL,800.00,800.00,0.00,32.00,'','2017-03-14','','2017-03-14','','',NULL,'2017-03-14','2017-03-14','2017-03-14',0,37,8,4,5,37,154),(147,'','','',2,'skoda','ka03ml8245',2014,1,NULL,800.00,800.00,0.00,32.00,'','2017-03-14','','2017-03-14','','',NULL,'2017-03-14','2017-03-14','2017-03-14',0,37,8,4,5,37,155),(148,'','','',2,'ASTAR','KA03MP5650',2014,1,NULL,800.00,800.00,0.00,32.00,'','2017-03-24','','2017-03-24','','',NULL,'2017-03-24','2017-03-24','2017-03-24',0,34,8,4,5,34,156),(149,'','','',2,'vento','ka03mp13254',2014,1,NULL,800.00,800.00,0.00,32.00,'','2017-03-24','','2017-03-24','','',NULL,'2017-03-24','2017-03-24','2017-03-24',0,34,8,4,5,34,157),(150,'','','',2,'vento','ka03mp13254',2014,1,NULL,800.00,800.00,0.00,32.00,'','2017-03-24','','2017-03-24','','',NULL,'2017-03-24','2017-03-24','2017-03-24',0,34,8,4,5,34,158),(151,'','','',2,'vento','ka03mv5166',2014,1,NULL,800.00,800.00,0.00,32.00,'','2017-03-24','','2017-03-24','','',NULL,'2017-03-24','2017-03-24','2017-03-24',0,34,8,4,5,34,159),(152,'','','',2,'vento','ka03mv5166',2014,1,NULL,800.00,800.00,0.00,32.00,'','2017-03-24','','2017-03-24','','',NULL,'2017-03-24','2017-03-24','2017-03-24',0,34,8,4,5,34,159),(153,'','','',2,'vento','ka03mv5166',2014,1,NULL,800.00,800.00,0.00,32.00,'','2017-03-24','','2017-03-24','','',NULL,'2017-03-24','2017-03-24','2017-03-24',0,34,8,4,5,34,159),(154,'','','',2,'vento','ka03mv5166',2014,1,NULL,800.00,800.00,0.00,32.00,'','2017-03-24','','2017-03-24','','',NULL,'2017-03-24','2017-03-24','2017-03-24',0,34,8,4,5,34,159),(155,'','','',2,'vento','ka03mv5166',2014,1,NULL,800.00,800.00,0.00,32.00,'','2017-03-24','','2017-03-24','','',NULL,'2017-03-24','2017-03-24','2017-03-24',0,34,8,4,5,34,159),(156,'','','',2,'vento','ka03mv5166',2014,1,NULL,800.00,800.00,0.00,32.00,'','2017-03-24','','2017-03-24','','',NULL,'2017-03-24','2017-03-24','2017-03-24',0,34,8,4,5,34,159),(157,'','','',2,'vento','ka03mv5166',2014,1,NULL,800.00,800.00,0.00,32.00,'','2017-03-24','','2017-03-24','','',NULL,'2017-03-24','2017-03-24','2017-03-24',0,34,8,4,5,34,159),(158,'','','',2,'vento','ka03mv5166',2014,1,NULL,800.00,800.00,0.00,32.00,'','2017-03-24','','2017-03-24','','',NULL,'2017-03-24','2017-03-24','2017-03-24',0,34,8,4,5,34,159),(159,'','','',2,'vento','ka03mv5166',2014,1,NULL,800.00,800.00,0.00,32.00,'','2017-03-24','','2017-03-24','','',NULL,'2017-03-24','2017-03-24','2017-03-24',0,34,8,4,5,34,159),(160,'','','',2,'vento','ka03mv5166',2014,1,NULL,800.00,800.00,0.00,32.00,'','2017-03-24','','2017-03-24','','',NULL,'2017-03-24','2017-03-24','2017-03-24',0,34,8,4,5,34,159),(161,'','','',2,'vento','ka03mv5166',2014,1,NULL,800.00,700.00,0.00,28.00,'','2017-03-24','','2017-03-24','','',NULL,'2017-03-24','2017-03-24','2017-03-24',0,34,8,4,5,34,160),(162,'','','',2,'santa','ka0ak8200',2014,1,NULL,800.00,800.00,0.00,32.00,'','2017-03-24','','2017-03-24','','',NULL,'2017-03-24','2017-03-24','2017-03-24',0,38,8,4,5,38,167),(163,'','','',2,'jaguar','KA 01 ML 8880',2014,1,NULL,800.00,700.00,0.00,28.00,'','2017-03-25','','2017-03-25','','',NULL,'2017-03-25','2017-03-25','2017-03-25',0,56,8,4,5,56,168),(164,'','','',2,'jaguar','KA 01 ML 8880',2014,1,NULL,800.00,700.00,0.00,28.00,'','2017-03-25','','2017-03-25','','',NULL,'2017-03-25','2017-03-25','2017-03-25',0,56,8,4,5,56,168),(165,'','','',2,'JAGUAR','KA 01 ML 8880',2014,1,NULL,800.00,700.00,0.00,28.00,'','2017-03-25','','2017-03-25','','',NULL,'2017-03-25','2017-03-25','2017-03-25',0,56,8,4,5,56,168),(166,'','','',2,'Skoda Laura','KA01-MC-9969',2014,1,NULL,800.00,1000.00,0.00,40.00,'','2017-03-27','','2017-03-27','','',NULL,'2017-03-27','2017-03-27','2017-03-27',0,54,6,4,5,54,169),(167,'','','',2,'Skoda Laura','KA01-MC-9969',2014,1,NULL,800.00,1000.00,0.00,40.00,'','2017-03-27','','2017-03-27','','',NULL,'2017-03-27','2017-03-27','2017-03-27',0,54,6,4,5,54,169),(168,'','','',3,'Ertiga','KA-02-MK-1390',2014,1,NULL,800.00,1000.00,0.00,40.00,'','2017-03-28','','2017-03-28','','',NULL,'2017-03-28','2017-03-28','2017-03-28',0,54,6,4,5,54,170),(169,'','','',1,'I 20','KA-05-N-2041',2014,1,NULL,800.00,1200.00,0.00,48.00,'','2017-03-28','','2017-03-28','','',NULL,'2017-03-28','2017-03-28','2017-03-28',0,54,6,4,5,54,171),(170,'','','',1,'SWIFT','KA-01-MM-1602',2014,1,NULL,800.00,800.00,0.00,32.00,'','2017-03-28','','2017-03-28','','',NULL,'2017-03-28','2017-03-28','2017-03-28',0,54,6,4,5,54,172),(171,'','','',1,'RITZ','KA-41-P-7423',2014,1,NULL,800.00,800.00,0.00,32.00,'','2017-03-28','','2017-03-28','','',NULL,'2017-03-28','2017-03-28','2017-03-28',0,54,6,4,5,54,173),(172,'','','',1,'POLO','KA-05-MQ-6125',2014,1,NULL,800.00,1200.00,0.00,48.00,'','2017-03-28','','2017-03-28','','',NULL,'2017-03-28','2017-03-28','2017-03-28',0,54,6,4,5,54,174),(173,'','','',1,'FIGO','KA-53-Z-1185',2014,1,NULL,800.00,1200.00,0.00,48.00,'','2017-03-28','','2017-03-28','','',NULL,'2017-03-28','2017-03-28','2017-03-28',0,54,6,4,5,54,175),(174,'','','',1,'PUNTO','KA-51-MQ-9356',2014,1,NULL,800.00,1200.00,0.00,48.00,'','2017-03-28','','2017-03-28','','',NULL,'2017-03-28','2017-03-28','2017-03-28',0,54,6,4,5,54,176),(175,'','','',2,'i10','ka05mg4686',2014,1,NULL,800.00,800.00,0.00,32.00,'','2017-03-31','','2017-03-31','','',NULL,'2017-03-31','2017-03-31','2017-03-31',0,45,8,4,5,45,177),(176,'','','',2,'i10','kahfdiudfhkjchs',2014,1,NULL,800.00,800.00,0.00,32.00,'','2017-03-31','','2017-03-31','','',NULL,'2017-03-31','2017-03-31','2017-03-31',0,45,8,4,5,45,178),(177,'','','',2,'sent','ka05jbh5528',2014,1,NULL,800.00,800.00,0.00,32.00,'','2017-04-01','','2017-04-01','','',NULL,'2017-04-01','2017-04-01','2017-04-01',0,41,8,4,5,41,179),(178,'','','',3,'sent','ka23em7752',2014,1,NULL,800.00,800.00,0.00,32.00,'','2017-04-08','','2017-04-08','','',NULL,'2017-04-08','2017-04-08','2017-04-08',0,33,8,4,5,33,182),(179,'','','',2,'sent','ka02mg0245',2014,1,NULL,800.00,600.00,0.00,24.00,'','2017-04-08','','2017-04-08','','',NULL,'2017-04-08','2017-04-08','2017-04-08',0,33,8,4,5,33,183),(180,'','','',2,'accent','ka03mj8614',2014,1,NULL,800.00,800.00,0.00,32.00,'','2017-04-14','','2017-04-14','','',NULL,'2017-04-14','2017-04-14','2017-04-14',0,34,8,4,5,34,184),(181,'','','',2,'honda city','ka05mm4312',2014,1,NULL,800.00,800.00,0.00,32.00,'','2017-04-15','','2017-04-15','','',NULL,'2017-04-15','2017-04-15','2017-04-15',0,37,8,4,5,37,185),(182,'','','',2,'duster','ka02mh5283',2014,1,NULL,800.00,800.00,0.00,32.00,'','2017-04-15','','2017-04-15','','',NULL,'2017-04-15','2017-04-15','2017-04-15',0,37,8,4,5,37,186),(183,'','','',2,'i10','ka02jk2255',2014,1,NULL,800.00,700.00,0.00,28.00,'','2017-04-15','','2017-04-15','','',NULL,'2017-04-15','2017-04-15','2017-04-15',0,37,8,4,5,37,187),(184,'','','',2,'grand10','ka04mm6132',2014,1,NULL,800.00,800.00,0.00,32.00,'','2017-04-18','','2017-04-18','','',NULL,'2017-04-18','2017-04-18','2017-04-18',0,41,8,4,5,41,189),(185,'','','',2,'sx4','ka05ml3193',2014,1,NULL,800.00,800.00,0.00,32.00,'','2017-04-18','','2017-04-18','','',NULL,'2017-04-18','2017-04-18','2017-04-18',0,41,8,4,5,41,192),(186,'','','',2,'ritz','ka02mj8256',2014,1,NULL,800.00,800.00,0.00,32.00,'','2017-04-18','','2017-04-18','','',NULL,'2017-04-18','2017-04-18','2017-04-18',0,41,8,4,5,41,193),(187,'','','',2,'Vento','Ka41p3430',2014,1,NULL,800.00,800.00,0.00,32.00,'','2017-04-19','','2017-04-19','','',NULL,'2017-04-19','2017-04-19','2017-04-19',0,41,8,4,5,41,194),(188,'','','',2,'Innova','Tn01ar2234',2014,1,NULL,800.00,800.00,0.00,32.00,'','2017-04-19','','2017-04-19','','',NULL,'2017-04-19','2017-04-19','2017-04-19',0,41,8,4,5,41,195),(189,'','','',2,'swift','ka41p8851',2014,1,NULL,800.00,800.00,0.00,32.00,'','2017-04-21','','2017-04-21','','',NULL,'2017-04-21','2017-04-21','2017-04-21',0,41,8,4,5,41,196),(190,'','','',2,'santro','ka51b9519',2014,1,NULL,800.00,800.00,0.00,32.00,'','2017-04-22','','2017-04-22','','',NULL,'2017-04-22','2017-04-22','2017-04-22',0,33,8,4,5,33,197),(191,'','','',2,'verna','ka03mr6745',2014,1,NULL,800.00,800.00,0.00,32.00,'','2017-04-22','','2017-04-22','','',NULL,'2017-04-22','2017-04-22','2017-04-22',0,33,8,4,5,33,198),(192,'','','',2,'verna','ap10m6311',2014,1,NULL,800.00,800.00,0.00,32.00,'','2017-04-22','','2017-04-22','','',NULL,'2017-04-22','2017-04-22','2017-04-22',0,33,8,4,5,33,199),(193,'','','',2,'xuv','ka05ag1015',2014,1,NULL,800.00,800.00,0.00,32.00,'','2017-04-22','','2017-04-22','','',NULL,'2017-04-22','2017-04-22','2017-04-22',0,33,8,4,5,33,200),(194,'','','',2,'Ford Figo','KA05MJ5127',2014,1,NULL,800.00,700.00,0.00,28.00,'','2017-04-24','','2017-04-24','','',NULL,'2017-04-24','2017-04-24','2017-04-24',0,49,6,4,5,49,201),(195,'','','',2,'Ford Figo','KA05MJ5127',2014,1,NULL,800.00,700.00,0.00,28.00,'','2017-04-24','','2017-04-24','','',NULL,'2017-04-24','2017-04-24','2017-04-24',0,49,6,4,5,49,201),(196,'','','',2,'Swift','Ka05m8755',2014,1,NULL,800.00,900.00,0.00,36.00,'','2017-05-05','','2017-05-05','','',NULL,'2017-05-05','2017-05-05','2017-05-05',0,58,7,4,5,58,202),(197,'','','',5,'i20','ka05mk5342',2014,1,NULL,2000.00,700.00,0.00,28.00,'','2017-05-10','','2017-05-10','','',NULL,'2017-05-10','2017-05-10','2017-05-10',0,41,8,4,5,41,205),(198,'','','',2,'honda city','KA03MW4318',2014,1,NULL,800.00,800.00,0.00,32.00,'','2017-05-11','','2017-05-11','','',NULL,'2017-05-11','2017-05-11','2017-05-11',0,46,6,4,5,46,207),(199,'','','',2,'tn38bp6730','hyundai verna',2014,1,NULL,800.00,700.00,0.00,28.00,'','2017-05-13','','2017-05-13','','',NULL,'2017-05-13','2017-05-13','2017-05-13',0,33,8,4,5,33,208),(200,'','','',2,'chevroet','ka04mm0270',2014,1,NULL,800.00,800.00,0.00,32.00,'','2017-05-15','','2017-05-15','','',NULL,'2017-05-15','2017-05-15','2017-05-15',0,34,8,4,5,34,209),(201,'','','',2,'Wagner','Ka04mh2445',2014,1,NULL,800.00,800.00,0.00,32.00,'','2017-05-19','','2017-05-19','','',NULL,'2017-05-19','2017-05-19','2017-05-19',0,59,6,4,5,59,211),(202,'','','',1,'i20','ka04ms7679',2014,1,NULL,800.00,800.00,0.00,32.00,'','2017-05-19','','2017-05-19','','',NULL,'2017-05-19','2017-05-19','2017-05-19',0,59,6,4,5,59,212),(203,'','','',1,'i20','ka04ms7679',2014,1,NULL,800.00,800.00,0.00,32.00,'','2017-05-19','','2017-05-19','','',NULL,'2017-05-19','2017-05-19','2017-05-19',0,59,6,4,5,59,212),(204,'','','',1,'swift','ka01mm8747',2014,1,NULL,800.00,800.00,0.00,32.00,'','2017-05-19','','2017-05-19','','',NULL,'2017-05-19','2017-05-19','2017-05-19',0,59,6,4,5,59,213),(205,'','','',2,'zest','ka01mn2250',2014,1,NULL,800.00,800.00,0.00,32.00,'','2017-05-20','','2017-05-20','','',NULL,'2017-05-20','2017-05-20','2017-05-20',0,41,8,4,5,41,214),(206,'','','',2,'baleno','ka04mb8756',2014,1,NULL,800.00,800.00,0.00,32.00,'','2017-05-20','','2017-05-20','','',NULL,'2017-05-20','2017-05-20','2017-05-20',0,59,6,4,5,59,215),(207,'','','',1,'chevrolet beat','ka01mj0601',2014,1,NULL,800.00,800.00,0.00,32.00,'','2017-05-20','','2017-05-20','','',NULL,'2017-05-20','2017-05-20','2017-05-20',0,59,6,4,5,59,216),(208,'','','',1,'wagan r','ka04mf5004',2014,1,NULL,800.00,700.00,0.00,28.00,'','2017-05-22','','2017-05-22','','',NULL,'2017-05-22','2017-05-22','2017-05-22',0,37,8,4,5,37,218),(209,'','','',1,'skoda','ka02n8700',2014,1,NULL,800.00,700.00,0.00,28.00,'','2017-05-22','','2017-05-22','','',NULL,'2017-05-22','2017-05-22','2017-05-22',0,37,8,4,5,37,219),(210,'','','',1,'nissan','ka04mj8860',2014,1,NULL,800.00,700.00,0.00,28.00,'','2017-05-22','','2017-05-22','','',NULL,'2017-05-22','2017-05-22','2017-05-22',0,37,8,4,5,37,220),(211,'','','',3,'skoda yeti','ka03mq2610',2014,1,NULL,800.00,700.00,0.00,28.00,'','2017-05-22','','2017-05-22','','',NULL,'2017-05-22','2017-05-22','2017-05-22',0,37,8,4,5,37,221),(212,'','','',2,'wagnar','ka40m851',2014,1,NULL,800.00,800.00,0.00,32.00,'','2017-05-23','','2017-05-23','','',NULL,'2017-05-23','2017-05-23','2017-05-23',0,45,8,4,5,45,222),(213,'','','',2,'wagnar','ka40m851',2014,1,NULL,800.00,600.00,0.00,24.00,'','2017-05-23','','2017-05-23','','',NULL,'2017-05-23','2017-05-23','2017-05-23',0,45,8,4,5,45,223),(214,'','','',2,'tata zest','ka51mg0422',2014,1,NULL,800.00,700.00,0.00,28.00,'','2017-05-29','','2017-05-29','','',NULL,'2017-05-29','2017-05-29','2017-05-29',0,33,8,4,5,33,226),(215,'','','',2,'hyundai','ka05mm7092',2014,1,NULL,800.00,700.00,0.00,28.00,'','2017-05-29','','2017-05-29','','',NULL,'2017-05-29','2017-05-29','2017-05-29',0,33,8,4,5,33,227),(216,'','','',2,'hyundai','ka05mm7092',2014,1,NULL,800.00,700.00,0.00,28.00,'','2017-05-29','','2017-05-29','','',NULL,'2017-05-29','2017-05-29','2017-05-29',0,33,8,4,5,33,227),(217,'','','',2,'figo','ka51me8173',2014,1,NULL,800.00,800.00,0.00,32.00,'','2017-05-29','','2017-05-29','','',NULL,'2017-05-29','2017-05-29','2017-05-29',0,49,6,4,5,49,228),(218,'','','',2,'swift','ka05mu8151',2014,1,NULL,800.00,800.00,0.00,32.00,'','2017-05-29','','2017-05-29','','',NULL,'2017-05-29','2017-05-29','2017-05-29',0,49,6,4,5,49,229),(219,'','','',2,'swift','ka05mu8151',2014,1,NULL,800.00,800.00,0.00,32.00,'','2017-05-29','','2017-05-29','','',NULL,'2017-05-29','2017-05-29','2017-05-29',0,49,6,4,5,49,229),(220,'','','',2,'swift','ka05mu8151',2014,1,NULL,800.00,800.00,0.00,32.00,'','2017-05-29','','2017-05-29','','',NULL,'2017-05-29','2017-05-29','2017-05-29',0,49,6,4,5,49,229),(221,'','','',2,'swift','ka05mu8151',2014,1,NULL,800.00,800.00,0.00,32.00,'','2017-05-29','','2017-05-29','','',NULL,'2017-05-29','2017-05-29','2017-05-29',0,49,6,4,5,49,229),(222,'','','',2,'swift','ka05mu8151',2014,1,NULL,800.00,800.00,0.00,32.00,'','2017-05-29','','2017-05-29','','',NULL,'2017-05-29','2017-05-29','2017-05-29',0,49,6,4,5,49,229),(223,'','','',2,'swift','ka05mu8151',2014,1,NULL,800.00,800.00,0.00,32.00,'','2017-05-29','','2017-05-29','','',NULL,'2017-05-29','2017-05-29','2017-05-29',0,49,6,4,5,49,229),(224,'','','',2,'swift','ka05mu8151',2014,1,NULL,800.00,800.00,0.00,32.00,'','2017-05-29','','2017-05-29','','',NULL,'2017-05-29','2017-05-29','2017-05-29',0,49,6,4,5,49,229),(225,'','','',2,'maruti','ka05mj3502',2014,1,NULL,800.00,800.00,0.00,32.00,'','2017-06-01','','2017-06-01','','',NULL,'2017-06-01','2017-06-01','2017-06-01',0,38,8,4,5,38,230),(226,'','','',1,'Polo','KA 01 HC 8937',2014,1,NULL,800.00,800.00,0.00,32.00,'','2017-06-06','','2017-06-06','','',NULL,'2017-06-06','2017-06-06','2017-06-06',0,60,7,4,5,60,233),(227,'','','',2,'renault fluemce','ka04mj5386',2014,1,NULL,800.00,700.00,0.00,28.00,'','2017-06-06','','2017-06-06','','',NULL,'2017-06-06','2017-06-06','2017-06-06',0,45,8,4,5,45,234),(228,'','','',1,'Tiago','KA41MA8842',2014,1,NULL,800.00,700.00,0.00,28.00,'','2017-06-06','','2017-06-06','','',NULL,'2017-06-06','2017-06-06','2017-06-06',0,45,8,4,5,45,235),(229,'','','',2,'hyundai xcent','ka04mr1370',2014,1,NULL,800.00,800.00,0.00,32.00,'','2017-06-07','','2017-06-07','','',NULL,'2017-06-07','2017-06-07','2017-06-07',0,59,6,4,5,59,236),(230,'','','',2,'swift','ka04ab2089',2014,1,NULL,800.00,800.00,0.00,32.00,'','2017-06-08','','2017-06-08','','',NULL,'2017-06-08','2017-06-08','2017-06-08',0,34,8,4,5,34,237),(231,'','','',2,'swift','ka04ab2089',2014,1,NULL,800.00,700.00,0.00,28.00,'','2017-06-08','','2017-06-08','','',NULL,'2017-06-08','2017-06-08','2017-06-08',0,34,8,4,5,34,237);
/*!40000 ALTER TABLE `services_customerinvoice` ENABLE KEYS */;
UNLOCK TABLES;

--
-- Table structure for table `services_customerproductquantity`
--

DROP TABLE IF EXISTS `services_customerproductquantity`;
/*!40101 SET @saved_cs_client     = @@character_set_client */;
/*!40101 SET character_set_client = utf8 */;
CREATE TABLE `services_customerproductquantity` (
  `id` int(11) NOT NULL AUTO_INCREMENT,
  `quantity` int(11) NOT NULL,
  `gross_amount` decimal(30,2) NOT NULL,
  `amount` decimal(10,2) NOT NULL,
  `service_tax` decimal(30,2) NOT NULL,
  `vat` decimal(30,2) NOT NULL,
  `invoice_id` int(11) NOT NULL,
  `product_id` int(11) NOT NULL,
  PRIMARY KEY (`id`),
  KEY `services_customerproductquantity_f1f5d967` (`invoice_id`),
  KEY `services_customerproductquantity_9bea82de` (`product_id`)
) ENGINE=MyISAM AUTO_INCREMENT=211 DEFAULT CHARSET=latin1;
/*!40101 SET character_set_client = @saved_cs_client */;

--
-- Dumping data for table `services_customerproductquantity`
--

LOCK TABLES `services_customerproductquantity` WRITE;
/*!40000 ALTER TABLE `services_customerproductquantity` DISABLE KEYS */;
INSERT INTO `services_customerproductquantity` VALUES (57,1,1200.00,1422.00,174.00,48.00,54,1),(56,1,800.00,948.00,116.00,32.00,53,1),(55,1,800.00,948.00,116.00,32.00,52,1),(54,1,800.00,948.00,116.00,32.00,51,1),(62,1,800.00,948.00,116.00,32.00,59,1),(53,1,800.00,948.00,116.00,32.00,50,1),(52,1,800.00,948.00,116.00,32.00,49,1),(61,1,800.00,948.00,116.00,32.00,58,1),(51,1,800.00,948.00,116.00,32.00,48,1),(50,1,800.00,948.00,116.00,32.00,47,1),(49,1,800.00,948.00,116.00,32.00,46,1),(70,1,800.00,948.00,116.00,32.00,67,1),(60,1,800.00,948.00,116.00,32.00,57,1),(59,1,800.00,948.00,116.00,32.00,56,1),(58,1,800.00,948.00,116.00,32.00,55,1),(69,1,800.00,948.00,116.00,32.00,66,1),(68,1,800.00,948.00,116.00,32.00,65,1),(67,1,800.00,948.00,116.00,32.00,64,1),(66,1,800.00,948.00,116.00,32.00,63,1),(65,1,800.00,948.00,116.00,32.00,62,1),(64,1,800.00,948.00,116.00,32.00,61,1),(63,1,800.00,948.00,116.00,32.00,60,1),(48,1,800.00,948.00,116.00,32.00,45,1),(47,1,800.00,948.00,116.00,32.00,44,1),(46,1,800.00,948.00,116.00,32.00,43,1),(45,1,800.00,948.00,116.00,32.00,42,1),(44,1,800.00,948.00,116.00,32.00,41,1),(43,1,800.00,948.00,116.00,32.00,40,1),(71,1,800.00,948.00,116.00,32.00,68,1),(72,1,800.00,832.00,0.00,32.00,69,1),(73,1,800.00,832.00,0.00,32.00,70,1),(74,1,800.00,832.00,0.00,32.00,71,1),(75,1,800.00,832.00,0.00,32.00,72,1),(76,1,800.00,832.00,0.00,32.00,73,1),(77,1,800.00,832.00,0.00,32.00,74,1),(78,1,800.00,832.00,0.00,32.00,75,1),(79,1,800.00,832.00,0.00,32.00,76,1),(80,1,800.00,832.00,0.00,32.00,77,1),(81,1,800.00,832.00,0.00,32.00,78,1),(82,1,800.00,832.00,0.00,32.00,79,1),(83,1,800.00,832.00,0.00,32.00,106,1),(84,1,800.00,832.00,0.00,32.00,107,1),(85,1,800.00,832.00,0.00,32.00,108,1),(86,1,800.00,832.00,0.00,32.00,109,1),(87,1,800.00,832.00,0.00,32.00,110,1),(88,1,800.00,832.00,0.00,32.00,111,1),(89,20,24000.00,24960.00,0.00,960.00,112,1),(90,1,800.00,832.00,0.00,32.00,113,1),(91,1,800.00,832.00,0.00,32.00,114,1),(92,1,800.00,832.00,0.00,32.00,115,1),(93,1,800.00,832.00,0.00,32.00,116,1),(94,1,800.00,832.00,0.00,32.00,117,1),(95,1,800.00,832.00,0.00,32.00,118,1),(96,1,800.00,832.00,0.00,32.00,119,1),(97,1,800.00,832.00,0.00,32.00,120,1),(98,1,800.00,832.00,0.00,32.00,121,1),(99,1,800.00,832.00,0.00,32.00,122,1),(100,1,800.00,832.00,0.00,32.00,123,1),(101,1,800.00,832.00,0.00,32.00,124,1),(102,1,800.00,832.00,0.00,32.00,125,1),(103,1,800.00,832.00,0.00,32.00,126,1),(104,1,800.00,832.00,0.00,32.00,127,1),(105,1,800.00,832.00,0.00,32.00,128,1),(106,1,800.00,832.00,0.00,32.00,129,1),(107,1,800.00,832.00,0.00,32.00,130,1),(108,1,500.00,520.00,0.00,20.00,130,2),(109,1,800.00,832.00,0.00,32.00,131,1),(110,1,500.00,520.00,0.00,20.00,131,2),(111,1,800.00,832.00,0.00,32.00,132,1),(112,1,500.00,520.00,0.00,20.00,133,2),(113,1,800.00,832.00,0.00,32.00,134,1),(114,1,500.00,520.00,0.00,20.00,135,2),(115,1,800.00,832.00,0.00,32.00,136,1),(116,1,800.00,832.00,0.00,32.00,137,1),(117,1,800.00,832.00,0.00,32.00,138,1),(118,1,800.00,832.00,0.00,32.00,139,1),(119,1,800.00,832.00,0.00,32.00,140,1),(120,1,800.00,832.00,0.00,32.00,141,1),(121,1,800.00,832.00,0.00,32.00,142,1),(122,1,800.00,832.00,0.00,32.00,143,1),(123,1,800.00,832.00,0.00,32.00,144,1),(124,1,800.00,832.00,0.00,32.00,145,1),(125,1,800.00,832.00,0.00,32.00,146,1),(126,1,800.00,832.00,0.00,32.00,147,1),(127,1,800.00,832.00,0.00,32.00,148,1),(128,1,800.00,832.00,0.00,32.00,149,1),(129,1,800.00,832.00,0.00,32.00,150,1),(130,1,800.00,832.00,0.00,32.00,151,1),(131,1,800.00,832.00,0.00,32.00,152,1),(132,1,800.00,832.00,0.00,32.00,153,1),(133,1,800.00,832.00,0.00,32.00,154,1),(134,1,800.00,832.00,0.00,32.00,155,1),(135,1,800.00,832.00,0.00,32.00,156,1),(136,1,800.00,832.00,0.00,32.00,157,1),(137,1,800.00,832.00,0.00,32.00,158,1),(138,1,800.00,832.00,0.00,32.00,159,1),(139,1,800.00,832.00,0.00,32.00,160,1),(140,1,800.00,832.00,0.00,32.00,161,1),(141,1,800.00,832.00,0.00,32.00,162,1),(142,1,800.00,832.00,0.00,32.00,163,1),(143,1,800.00,832.00,0.00,32.00,164,1),(144,1,800.00,832.00,0.00,32.00,165,1),(145,1,800.00,832.00,0.00,32.00,166,1),(146,1,800.00,832.00,0.00,32.00,167,1),(147,1,800.00,832.00,0.00,32.00,168,1),(148,1,800.00,832.00,0.00,32.00,169,1),(149,1,800.00,832.00,0.00,32.00,170,1),(150,1,800.00,832.00,0.00,32.00,171,1),(151,1,800.00,832.00,0.00,32.00,172,1),(152,1,800.00,832.00,0.00,32.00,173,1),(153,1,800.00,832.00,0.00,32.00,174,1),(154,1,800.00,832.00,0.00,32.00,175,1),(155,1,800.00,832.00,0.00,32.00,176,1),(156,1,800.00,832.00,0.00,32.00,177,1),(157,1,800.00,832.00,0.00,32.00,178,1),(158,1,800.00,832.00,0.00,32.00,179,1),(159,1,800.00,832.00,0.00,32.00,180,1),(160,1,800.00,832.00,0.00,32.00,181,1),(161,1,800.00,832.00,0.00,32.00,182,1),(162,1,800.00,832.00,0.00,32.00,183,1),(163,1,800.00,832.00,0.00,32.00,184,1),(164,1,800.00,832.00,0.00,32.00,185,1),(165,1,800.00,832.00,0.00,32.00,186,1),(166,1,800.00,832.00,0.00,32.00,187,1),(167,1,800.00,832.00,0.00,32.00,188,1),(168,1,800.00,832.00,0.00,32.00,189,1),(169,1,800.00,832.00,0.00,32.00,190,1),(170,1,800.00,832.00,0.00,32.00,191,1),(171,1,800.00,832.00,0.00,32.00,192,1),(172,1,800.00,832.00,0.00,32.00,193,1),(173,1,800.00,832.00,0.00,32.00,194,1),(174,1,800.00,832.00,0.00,32.00,195,1),(175,1,800.00,832.00,0.00,32.00,196,1),(176,1,2000.00,2080.00,0.00,80.00,197,1),(177,1,800.00,832.00,0.00,32.00,198,1),(178,1,800.00,832.00,0.00,32.00,199,1),(179,1,800.00,832.00,0.00,32.00,200,1),(180,1,800.00,832.00,0.00,32.00,201,1),(181,1,800.00,832.00,0.00,32.00,202,1),(182,1,800.00,832.00,0.00,32.00,203,1),(183,1,800.00,832.00,0.00,32.00,204,1),(184,1,800.00,832.00,0.00,32.00,205,1),(185,1,800.00,832.00,0.00,32.00,206,1),(186,1,800.00,832.00,0.00,32.00,207,1),(187,1,800.00,832.00,0.00,32.00,208,1),(188,1,800.00,832.00,0.00,32.00,209,1),(189,1,800.00,832.00,0.00,32.00,210,1),(190,1,800.00,832.00,0.00,32.00,211,1),(191,1,800.00,832.00,0.00,32.00,212,1),(192,1,800.00,832.00,0.00,32.00,213,1),(193,1,800.00,832.00,0.00,32.00,214,1),(194,1,800.00,832.00,0.00,32.00,215,1),(195,1,800.00,832.00,0.00,32.00,216,1),(196,1,800.00,832.00,0.00,32.00,217,1),(197,1,800.00,832.00,0.00,32.00,218,1),(198,1,800.00,832.00,0.00,32.00,219,1),(199,1,800.00,832.00,0.00,32.00,220,1),(200,1,800.00,832.00,0.00,32.00,221,1),(201,1,800.00,832.00,0.00,32.00,222,1),(202,1,800.00,832.00,0.00,32.00,224,1),(203,1,800.00,832.00,0.00,32.00,223,1),(204,1,800.00,832.00,0.00,32.00,225,1),(205,1,800.00,832.00,0.00,32.00,226,1),(206,1,800.00,832.00,0.00,32.00,227,1),(207,1,800.00,832.00,0.00,32.00,228,1),(208,1,800.00,832.00,0.00,32.00,229,1),(209,1,800.00,832.00,0.00,32.00,230,1),(210,1,800.00,832.00,0.00,32.00,231,1);
/*!40000 ALTER TABLE `services_customerproductquantity` ENABLE KEYS */;
UNLOCK TABLES;

--
-- Table structure for table `services_employee`
--

DROP TABLE IF EXISTS `services_employee`;
/*!40101 SET @saved_cs_client     = @@character_set_client */;
/*!40101 SET character_set_client = utf8 */;
CREATE TABLE `services_employee` (
  `baseuser_ptr_id` int(11) NOT NULL,
  `name` varchar(255) NOT NULL,
  `current_address` varchar(255) NOT NULL,
  `permanent_address` varchar(255) NOT NULL,
  `pan_number` varchar(10) NOT NULL,
  `date_of_birth` date NOT NULL,
  `hire_date` date NOT NULL,
  `emergency_contact_name` varchar(255) NOT NULL,
  `emergency_contact_phone` varchar(10) NOT NULL,
  `emergency_contact_relation` varchar(30) NOT NULL,
  `is_admin` tinyint(1) NOT NULL,
  `createdBy_id` int(11) NOT NULL,
  PRIMARY KEY (`baseuser_ptr_id`),
  KEY `services_employee_c35609d3` (`createdBy_id`)
) ENGINE=MyISAM DEFAULT CHARSET=latin1;
/*!40101 SET character_set_client = @saved_cs_client */;

--
-- Dumping data for table `services_employee`
--

LOCK TABLES `services_employee` WRITE;
/*!40000 ALTER TABLE `services_employee` DISABLE KEYS */;
INSERT INTO `services_employee` VALUES (2,'Sridhar Prasad','G 76, 4th N Block, 59th B Cross, Rajajinagar, Bangalore','G 76, 4th N Block, 59th B Cross, Rajajinagar, Bangalore','AJFPP2358E','1976-08-04','2016-04-15','Swetha Prasad','9986362311','Wife',1,1),(3,'Hitesh ','#48, 1st main 3rd cross AMCO layout, Sahakarnagar Post, Bangalore 560092','#48, 1st main 3rd cross AMCO layout, Sahakarnagar Post, Bangalore 560092','AFDPH8200D','1992-02-10','2016-04-18','Aruna B P','9845511978','Mother',0,2),(4,'Shailendra A M','Hanuman Nilaya, Bhatarahalli, Near Garden City Collage','# 3/138, Sri Shaila Nivasa, Opp to Water Tank, Tarabalu Extension, Chitradurga ','ABCDE1234G','1992-05-19','2016-04-04','Malikarjun','9844500409','Father',0,2),(6,'Suresh T N','Wellnet services Pvt ltd','Wellnet services pvt ltd','ABCDE1234G','1976-01-01','2016-04-18','Shilpa','9945617240','Wife',0,2),(25,'Darshan M','No 524, 2nd cross, basweshwarnagar, near Pavithra paradise, Bangalore','#1867/141, 3rd cross, chickamani layout, Davangere, Bangalore','AEFP1234G','1992-07-19','2016-05-11','Rakesh','8970856373','Brother',0,2),(36,'Suhas Srivastsa','#37,2nd main, AHB Society, RMV 2nd stage, Sanjaynagar Bangalore: 560094','#37,2nd main, AHB Society, RMV 2nd stage, Sanjaynagar Bangalore: 560094','PEEE1234E','1989-04-27','2016-09-12','H Srinivasa Murthy','9449440778','Father',0,2),(42,'Arjun Vasista','# 45, 2nd main 2nd cross, Chandrashekar layout, Srigandhadha kavalu, Vishwanedam post\r\nBangalore:-91','Hindumane Service station, JOG road, Sagar, Shivamogga district','ALNPN8651N','1989-05-17','2016-10-17','Narahari K S','9481672585','Father',0,2),(43,'Bahubali Yamakanmarde','174, AGB layout, chicksandra, near union bank, Ashraya PG, Bangalore','S/o Ravasaheb Yamakanmarde, Gavani, Gavan, Belgaum, \r\ntavandi, Karnataka, 591237','AOBPY9652F','1992-07-15','2016-10-17','Ravasaheb Yamakanmarde','8884399852','Father',0,2);
/*!40000 ALTER TABLE `services_employee` ENABLE KEYS */;
UNLOCK TABLES;

--
-- Table structure for table `services_inventoryinvoice`
--

DROP TABLE IF EXISTS `services_inventoryinvoice`;
/*!40101 SET @saved_cs_client     = @@character_set_client */;
/*!40101 SET character_set_client = utf8 */;
CREATE TABLE `services_inventoryinvoice` (
  `id` int(11) NOT NULL AUTO_INCREMENT,
  `delivery_date` date NOT NULL,
  `security_deposite_amount` decimal(30,2) NOT NULL,
  `cheque_dd_number` varchar(15) DEFAULT NULL,
  `cheque_dd_date` date NOT NULL,
  `utr_number` varchar(30) DEFAULT NULL,
  `transfer_date` date DEFAULT NULL,
  `bank_name` varchar(255) DEFAULT NULL,
  `bank_branch` varchar(255) DEFAULT NULL,
  `realisation_date` date DEFAULT NULL,
  `settlement_amount` decimal(30,2) DEFAULT NULL,
  `settlement_date` date DEFAULT NULL,
  `goods_sold` tinyint(1) NOT NULL,
  `difference_amount` decimal(30,2) DEFAULT NULL,
  `difference_cheque_dd_number` varchar(15) DEFAULT NULL,
  `difference_cheque_dd_date` date DEFAULT NULL,
  `difference_utr_number` varchar(30) DEFAULT NULL,
  `difference_transfer_date` date DEFAULT NULL,
  `difference_bank_name` varchar(255) DEFAULT NULL,
  `difference_bank_branch` varchar(255) DEFAULT NULL,
  `difference_realisation_date` date DEFAULT NULL,
  `goods_price` decimal(30,2) DEFAULT NULL,
  `send_receipt` tinyint(1) NOT NULL,
  `created_date` date NOT NULL,
  `updated` date NOT NULL,
  `difference_payment_type_id` int(11),
  `machine_id` int(11) NOT NULL,
  `payment_type_id` int(11) NOT NULL,
  `createdBy_id` int(11) NOT NULL,
  `partner_id` int(11) NOT NULL,
  `updatedBy_id` int(11) NOT NULL,
  PRIMARY KEY (`id`),
  KEY `services_inventoryinvoice_152aa54d` (`difference_payment_type_id`),
  KEY `services_inventoryinvoice_a9374927` (`machine_id`),
  KEY `services_inventoryinvoice_1e6d9cc6` (`payment_type_id`),
  KEY `services_inventoryinvoice_c35609d3` (`createdBy_id`),
  KEY `services_inventoryinvoice_4e98b6eb` (`partner_id`),
  KEY `services_inventoryinvoice_10d4336a` (`updatedBy_id`)
) ENGINE=MyISAM AUTO_INCREMENT=18 DEFAULT CHARSET=latin1;
/*!40101 SET character_set_client = @saved_cs_client */;

--
-- Dumping data for table `services_inventoryinvoice`
--

LOCK TABLES `services_inventoryinvoice` WRITE;
/*!40000 ALTER TABLE `services_inventoryinvoice` DISABLE KEYS */;
INSERT INTO `services_inventoryinvoice` VALUES (1,'2016-08-20',1.00,'','2016-08-20','','2016-08-20','','','2016-08-20',NULL,NULL,0,NULL,NULL,NULL,NULL,NULL,NULL,NULL,NULL,NULL,0,'2016-08-20','2016-08-20',NULL,2,4,4,32,4),(2,'2016-08-20',1.00,'','2016-08-20','','2016-08-20','','','2016-08-20',NULL,NULL,0,NULL,NULL,NULL,NULL,NULL,NULL,NULL,NULL,NULL,0,'2016-08-20','2016-08-20',NULL,3,4,4,33,4),(3,'2016-08-11',15000.00,'019557','2016-08-17','','2016-08-20','Corporation Bank','Akshaynagar','2016-08-20',NULL,NULL,0,NULL,'',NULL,'',NULL,'','',NULL,NULL,0,'2016-08-20','2016-09-12',NULL,4,1,4,31,2),(4,'2016-09-06',15000.00,'002841','2016-09-03','','2016-09-12','Bank of Baroda','Jayanagar 4th block','2016-09-05',NULL,NULL,0,NULL,NULL,NULL,NULL,NULL,NULL,NULL,NULL,NULL,0,'2016-09-12','2016-09-12',NULL,5,1,2,35,2),(5,'2016-10-05',10000.00,'623490','2016-10-05','','2016-10-05','Axis bank','Indiranagar','2016-10-05',NULL,NULL,0,NULL,NULL,NULL,NULL,NULL,NULL,NULL,NULL,NULL,0,'2016-10-05','2016-10-05',NULL,6,1,36,40,36),(6,'2016-09-20',1.00,'','2016-12-12','','2016-12-12','','','2016-12-12',NULL,NULL,0,NULL,NULL,NULL,NULL,NULL,NULL,NULL,NULL,NULL,0,'2016-12-12','2016-12-12',NULL,1,4,2,37,2),(7,'2016-10-08',1.00,'','2016-12-12','','2016-12-12','','','2016-12-12',NULL,NULL,0,NULL,NULL,NULL,NULL,NULL,NULL,NULL,NULL,NULL,0,'2016-12-12','2016-12-12',NULL,7,4,2,41,2),(8,'2016-10-01',1.00,'','2016-12-12','','2016-12-12','','','2016-12-12',NULL,NULL,0,NULL,NULL,NULL,NULL,NULL,NULL,NULL,NULL,NULL,0,'2016-12-12','2016-12-12',NULL,8,4,2,38,2),(9,'2016-10-24',1.00,'','2016-12-12','','2016-12-12','','','2016-12-12',NULL,NULL,0,NULL,NULL,NULL,NULL,NULL,NULL,NULL,NULL,NULL,0,'2016-12-12','2016-12-12',NULL,9,4,2,45,2),(10,'2016-11-15',18000.00,'404156','2016-11-15','','2016-12-12','ICICI Bank','Rajajinagar Bank','2016-11-17',NULL,NULL,0,NULL,NULL,NULL,NULL,NULL,NULL,NULL,NULL,NULL,0,'2016-12-12','2016-12-12',NULL,10,1,2,46,2),(11,'2016-11-15',1.00,'','2016-12-12','','2016-12-12','','','2016-12-12',NULL,NULL,0,NULL,NULL,NULL,NULL,NULL,NULL,NULL,NULL,NULL,0,'2016-12-12','2016-12-12',NULL,11,4,2,47,2),(12,'2016-12-08',15000.00,'000217','2016-12-09','','2016-12-12','Kotak Mahindra Bank','6th phase JP nagar','2016-12-12',NULL,NULL,0,NULL,NULL,NULL,NULL,NULL,NULL,NULL,NULL,NULL,0,'2016-12-12','2016-12-12',NULL,12,1,2,48,2),(13,'2016-10-25',1.00,'','2016-12-12','','2016-12-12','','','2016-12-12',NULL,NULL,0,NULL,NULL,NULL,NULL,NULL,NULL,NULL,NULL,NULL,0,'2016-12-12','2016-12-12',NULL,13,4,2,39,2),(14,'2017-01-07',20000.00,'273118','2017-01-05','','2017-01-09','Corporation Bank','Bommasandra','2017-01-07',NULL,NULL,0,NULL,NULL,NULL,NULL,NULL,NULL,NULL,NULL,NULL,0,'2017-01-09','2017-01-09',NULL,17,1,36,49,36),(15,'2017-01-07',15000.00,'971298','2017-01-07','','2017-01-09','SBI','Austin Town','2017-01-09',NULL,NULL,0,NULL,NULL,NULL,NULL,NULL,NULL,NULL,NULL,NULL,0,'2017-01-09','2017-01-09',NULL,18,1,36,52,36),(16,'2017-02-28',44310.00,'309913','2017-02-28','','2017-02-28','Indian Bank','New Thippasandra','2017-02-28',NULL,NULL,0,NULL,NULL,NULL,NULL,NULL,NULL,NULL,NULL,NULL,0,'2017-02-28','2017-02-28',NULL,16,1,36,53,36),(17,'2017-03-08',24265.00,'081829','2017-03-07','','2017-03-08','Federal Bank','Nelamangala','2017-03-07',NULL,NULL,0,NULL,NULL,NULL,NULL,NULL,NULL,NULL,NULL,NULL,0,'2017-03-08','2017-03-08',NULL,14,1,36,55,36);
/*!40000 ALTER TABLE `services_inventoryinvoice` ENABLE KEYS */;
UNLOCK TABLES;

--
-- Table structure for table `services_lead`
--

DROP TABLE IF EXISTS `services_lead`;
/*!40101 SET @saved_cs_client     = @@character_set_client */;
/*!40101 SET character_set_client = utf8 */;
CREATE TABLE `services_lead` (
  `id` int(11) NOT NULL AUTO_INCREMENT,
  `customer_name` varchar(100) NOT NULL,
  `company_name` varchar(255) NOT NULL,
  `mobile_number` varchar(10) NOT NULL,
  `landline_number` varchar(11) NOT NULL,
  `address` varchar(255) NOT NULL,
  `pin_code` varchar(6) NOT NULL,
  `call_source` int(11) NOT NULL,
  `product_demo` varchar(1) NOT NULL,
  `next_appointment` datetime(6) DEFAULT NULL,
  `comments` longtext NOT NULL,
  `registration_form` varchar(1) NOT NULL,
  `payment_collected` varchar(1) NOT NULL,
  `goods_delivered` varchar(1) NOT NULL,
  `cheque_dd_number` varchar(15) DEFAULT NULL,
  `created_date` date NOT NULL,
  `updated` date NOT NULL,
  `city_id` int(11) NOT NULL,
  `createdBy_id` int(11) NOT NULL,
  `reason_id` int(11),
  `status_id` int(11) NOT NULL,
  `updatedBy_id` int(11) NOT NULL,
  `channelpartner_id` int(11),
  PRIMARY KEY (`id`),
  KEY `services_lead_c7141997` (`city_id`),
  KEY `services_lead_c35609d3` (`createdBy_id`),
  KEY `services_lead_5ad5b844` (`reason_id`),
  KEY `services_lead_dc91ed4b` (`status_id`),
  KEY `services_lead_10d4336a` (`updatedBy_id`),
  KEY `services_lead_8078d0b9` (`channelpartner_id`)
) ENGINE=MyISAM AUTO_INCREMENT=170 DEFAULT CHARSET=latin1;
/*!40101 SET character_set_client = @saved_cs_client */;

--
-- Dumping data for table `services_lead`
--

LOCK TABLES `services_lead` WRITE;
/*!40000 ALTER TABLE `services_lead` DISABLE KEYS */;
INSERT INTO `services_lead` VALUES (29,'Sapthagiri motors','Sapthagiri motors','9480221222','0802342303','no612, 2nd main, 2nd block,\r\nrajaji nagar, bangalore','560010',1,'N',NULL,'03/05/2016 6:30:47 PM - no clients and man power','N','N','N','','2016-05-03','2016-05-03',1,3,3,2,3,NULL),(30,'Sapthagiri motors','Sapthgiri motors','9480221222','0802342303','No 612, 2nd main road, 2nd block,\r\nrajaji nagar, bangalore','560010',1,'N',NULL,'03/05/2016 6:35:27 PM - no clients and man power','N','N','N','','2016-05-03','2016-05-03',1,3,3,2,3,NULL),(31,'FN wheel balancing ','FN wheel balancing','9901542788','0000000000','Near TVS showroom, dr raj kumar road.\r\nrajaji nagar','560010',1,'N',NULL,'03/05/2016 6:39:20 PM - not into our segments','N','N','N','','2016-05-03','2016-05-03',1,3,3,2,3,NULL),(32,'Bhaskar','Cool Drive','8050220220','8050990990','Palace grounds, shivajinagar road.\r\nMekhri circle','560006',2,'Y','2016-05-12 05:30:00.000000','05/05/2016 9:15:11 AM - Customer is very much interested ','N','N','N','','2016-05-05','2016-05-05',1,3,1,1,3,NULL),(28,'Auto shoppe','Auto shoppe','9448275089','0000000000','near Navrang kabab corner,\r\ndr raj kumar road,\r\nrajaji nagar','560010',1,'N',NULL,'03/05/2016 6:25:46 PM - No man power and clients','N','N','N','','2016-05-03','2016-05-03',1,3,3,2,3,NULL),(26,'Mohammed baig','Happy wheels','9845688345','9898989898','#17  no3  kodigehalli main road sahakar nagar Bangalore','560092',2,'N','2016-05-01 11:30:00.000000','30/04/2016 3:52:37 PM - Cost','N','N','N','','2016-04-30','2016-04-30',1,4,9,4,4,NULL),(27,'Car design','Car design','9886368743','9999909089','Yelahanka new town','560064',1,'N','2016-05-01 11:30:00.000000','30/04/2016 3:56:14 PM - Cost','N','N','N','','2016-04-30','2016-04-30',1,4,9,4,4,NULL),(21,'Amar jain','Smart kars','9448785442','08023400800','#18, 10th main road, opp power house,\r\nWest of chord road, rajajinagar','560010',1,'Y','2016-05-02 05:30:00.000000','29/04/2016 6:39:49 PM - Final meeting with sir','N','N','N','','2016-04-29','2016-04-29',1,3,1,1,3,NULL),(22,'Tanveer','Bharath auto accessories','9900030555','08023114170','No 56, 10th cross, opp power house, \r\nWest of chord road, rajajinagar','560010',1,'Y','2016-05-02 07:30:00.000000','29/04/2016 6:44:19 PM - Meeting with shridar sir','N','N','N','','2016-04-29','2016-04-29',1,3,1,1,3,NULL),(23,'Car styles','Car styles','9845675200','08041288277','West of chord road, rajajinagar,','560010',1,'N',NULL,'29/04/2016 6:47:43 PM - Not interested, and not ready to invest soo much amount','N','N','N','','2016-04-29','2016-04-29',1,3,3,2,3,NULL),(24,'Sahara','Sahara cars planet','8033562250','0000000000','Yelahanka','560064',1,'Y','2016-05-01 04:30:00.000000','30/04/2016 3:36:09 PM - Effective','N','N','N','','2016-04-30','2016-04-30',1,4,1,1,4,NULL),(25,'Zoom','Zoom car dealers','9880755786','5454545454','Sahakara nagar','560092',1,'Y','2016-05-01 06:30:00.000000','30/04/2016 3:43:43 PM - Effective','N','N','N','','2016-04-30','2016-04-30',1,4,1,1,4,NULL),(19,'Friends auto spares','Friends auto spares','8023371393','0000000000','No.449/19 triveni road 5th main road yeshwathpura Bangalore','560022',1,'N',NULL,'28/04/2016 5:52:04 PM - Spare parts dealers not into service','N','N','N','','2016-04-28','2016-04-28',1,4,3,2,4,NULL),(20,'Basavaraju.M','Car designers','0000000000','08023507454','#56, 10th main road, opp K.E.B Power house.\r\nWest of chord road, shivanagar, rajajinagar','560010',1,'Y','2016-05-05 05:30:00.000000','29/04/2016 6:32:51 PM - Has to speak to the owner','N','N','N','','2016-04-29','2016-04-29',1,3,1,1,3,NULL),(17,'Vijay simha','Slnp pitstop','8041491995','9972544449','Yelahanka new town','560064',1,'N','2016-04-29 06:30:00.000000','28/04/2016 5:40:51 PM - Effective','N','N','N','','2016-04-28','2016-04-28',1,4,8,4,4,NULL),(18,'Car city','Car city','8033569654','2355677679','No.15 aditya nagar 1st stage,chikkabetehalli main road bel circle vidyaranyapuram Bangalore 56','560054',1,'N',NULL,'28/04/2016 5:47:55 PM - Company cant afford the customer','N','N','N','','2016-04-28','2016-04-28',1,4,3,2,4,NULL),(33,'Pradeep Krishna.K','Super Pest Control','9538199368','8792887388','N0 3/9, 2nd floor, kalpavriksha building,\r\n2nd main, 12th \' A\' cross,\r\nB.K.nagar\r\nYeshwanthpur','560022',1,'N','2016-05-07 03:30:00.000000','06/05/2016 9:48:42 AM - Free demo to be shown at customer place','N','N','N','','2016-05-06','2016-05-06',1,3,1,1,3,NULL),(34,'Narasimha murthy','National security and allied services','9743017666','08028397505','8th mile hesaraghtta main road opp reliance fresh near ramachandra hospital t dasarahalli Bangalore ','560057',1,'N','2016-05-09 05:30:00.000000','06/05/2016 12:45:51 PM - Good','N','N','N','','2016-05-06','2016-05-06',1,4,1,1,4,NULL),(35,'MANU','SGR Cars','9449053244','8431828777','#159, 5th phase, sachidananda nagar,\r\nHaligevaderahalli,\r\nRR nagar, Bangalore','560039',1,'N','2016-05-09 06:30:00.000000','06/05/2016 4:23:55 PM - Follow up','N','N','N','','2016-05-06','2016-05-06',1,3,1,1,3,NULL),(36,'Ideal','Ideal pest control','9902730004','9481094703','#67, 4th cross, \' E\' block\r\nKrishna gardens, pattanagare,\r\nRR nagar, bangalore','560059',1,'N','2016-05-09 09:30:00.000000','06/05/2016 4:33:35 PM - Follow up','N','N','N','','2016-05-06','2016-05-06',1,3,1,1,3,NULL),(37,'Riyaz pasha','Car n shine','9845389200','08040916187','#20/2 journalist colony mtb road Bangalore','560002',2,'N','2016-05-13 05:30:00.000000','11/05/2016 6:00:05 PM - Good','N','N','N','','2016-05-11','2016-05-11',1,4,1,1,4,NULL),(38,'Car base','Car base','9945419166','0000000099','Jc road 2nd cross mtb road Bangalore','560002',1,'N','2016-05-13 06:30:00.000000','11/05/2016 6:05:09 PM - Good','N','N','N','','2016-05-11','2016-05-11',2,4,1,1,4,NULL),(39,'Afzal','Motoware','9845679934','08041123233','#18,4/2 Residency road opp.konark hotel restaurant Bangalore','560025',1,'N','2016-05-14 07:30:00.000000','13/05/2016 3:48:58 PM - Good','N','N','N','','2016-05-13','2016-05-13',1,4,1,1,4,NULL),(40,'Farooq','Car galaxy','9845033692','08040919484','#46/B 36th cross east rnd main road opp to curry leaf restaurant nextto yamaha show room 9th block jaynagar Bangalore','560069',1,'Y','2016-05-14 09:30:00.000000','13/05/2016 3:53:58 PM - Good','N','N','N','','2016-05-13','2016-05-13',1,4,1,1,4,NULL),(41,'Ocean office ','Ocean office automation','9206193154','08041245821','No 59, jogpalya road, near anjaneya temple,\r\nUlsoor','560008',1,'N','2016-05-16 05:30:00.000000','13/05/2016 7:03:22 PM - Discussion with brother','N','N','N','','2016-05-13','2016-05-13',1,3,1,1,3,NULL),(42,'Gopi','Integrated pest control','7411032320','0000000000','No 24/1, 2nd main road, puttenahalli main road\r\nNext to Inchara hotel, below posh little, \r\nJP nagar 7th phase \r\n','560078',2,'Y','2016-05-18 05:30:00.000000','13/05/2016 7:08:26 PM - Demo required in customer place','N','N','N','','2016-05-13','2016-05-13',1,3,1,1,3,NULL),(43,'Musafir','Car craze','9844373784','0000000000','Next to Nandhini hotel\r\nJp nagar 6th phase','560078',1,'N',NULL,'13/05/2016 7:17:02 PM - Cant afford','N','N','N','','2016-05-13','2016-05-13',1,3,3,2,3,NULL),(44,'Musafir','Car craze','9844373784','0000000000','Next to Nandhini hotel\r\nJp nagar 6th phase','560078',1,'N',NULL,'13/05/2016 7:17:02 PM - Cant afford','N','N','N','','2016-05-13','2016-05-13',1,3,3,2,3,NULL),(45,'Crystal','Crystal agency','9886055106','0000000000','402, tilak nagar police station.\r\nSushas apartments,\r\n4th block jay nagar','560011',1,'N',NULL,'13/05/2016 7:36:07 PM - Cant afford','N','N','N','','2016-05-13','2016-05-13',1,3,3,2,3,NULL),(46,'Crystal','Crystal agency','9886055106','0000000000','402, tilak nagar police station.\r\nSushas apartments,\r\n4th block jay nagar','560011',1,'N',NULL,'13/05/2016 7:36:07 PM - Cant afford','N','N','N','','2016-05-13','2016-05-13',1,3,3,2,3,NULL),(47,'Tura hi care','Tura hi care','0872200000','0000000000','service road next to mosque, hennur cirle, outer ring road','560043',2,'N','2016-05-16 05:30:00.000000','14/05/2016 4:29:30 PM - price concern to be discussed ','N','N','N','','2016-05-14','2016-05-14',1,3,1,1,3,NULL),(48,'Vasanth raj','Pesterad services','9845597918','0000000000','No f-9, 1st floor, bosco court,\r\nGandhi bazaar main road\r\nBasavanagudi','560004',1,'N','2016-05-23 05:30:00.000000','19/05/2016 10:25:58 AM - second meeting','N','N','N','','2016-05-19','2016-05-19',1,3,1,1,3,NULL),(49,'Raghavendra','SGR facilities services','9986849213','9035901615','No 28, 2nd floor, 1st cross, 3rd main\r\nHANUMANTHA NAGAR','560019',1,'N','2016-05-23 09:30:00.000000','19/05/2016 10:34:46 AM - second meeting','N','N','N','','2016-05-19','2016-05-19',1,3,1,1,3,NULL),(50,'Mohammed','Good rich pest control','9916777706','9743658497','No 6/10, 4th ross, 1st main road,\r\nmaruti nagar, \r\nBangalore-560068','560068',1,'Y','2016-05-20 05:30:00.000000','19/05/2016 10:38:55 AM - Meeting','N','N','N','','2016-05-19','2016-05-19',1,3,1,1,3,NULL),(51,'Aditya agro seeds','aditya agro seeds','9341222897','0000000000','opp gubbi veeranna nathaka kendra,\r\ngandhi nagar','560009',1,'N',NULL,'19/05/2016 10:48:20 AM - Not applicable','N','N','N','','2016-05-19','2016-05-19',1,3,3,2,3,NULL),(52,'Uma shankar','Clean pro','9686209367','0000000000','No 1/1, sunitaniketan, 1st floor,\r\n12th main, opp mount carmel college\r\nvasanth nagar','560052',2,'N','2016-05-23 04:30:00.000000','19/05/2016 10:54:28 AM - Demo to director ','N','N','N','','2016-05-19','2016-05-19',1,3,1,1,3,NULL),(53,'Akram','The supercars','9845028276','08041243820','#2/2 1st cross journalist colony Bangalore','560002',1,'N','2016-05-20 07:30:00.000000','19/05/2016 5:13:10 PM - Good','N','N','N','','2016-05-19','2016-05-19',1,4,1,1,4,NULL),(54,'Nadeem pasha','Car care India','9900510668','0000000000','#22/2 puttanahalli main road next to inchara hotel jp nagar 6th phase Bangalore','560078',1,'N','2016-05-21 05:30:00.000000','19/05/2016 5:15:58 PM - Good','N','N','N','','2016-05-19','2016-05-19',1,4,1,1,4,NULL),(55,'Syed zabiulla','Car effects','9902711890','0000000000','#26 1st cross gupta layout near venkateshwara hospita banberghatta main road Bangalore','560030',2,'N','2016-05-21 08:30:00.000000','19/05/2016 5:19:27 PM - Good','N','N','N','','2016-05-19','2016-05-19',1,4,1,1,4,NULL),(56,'Rajendra surana','Konark\'s ','9448517921','08041504556','#473 east end main road jayanagar 9th block Bangalore','560069',1,'N','2016-05-21 10:30:00.000000','19/05/2016 5:23:39 PM - Good','N','N','N','','2016-05-19','2016-05-19',1,4,1,1,4,NULL),(57,'Abhishek singh','The car rental company','9738019049','0000000000','#443sheethal building 2nd floor 2 main road kasturi nagar Bangalore','560043',1,'N','2016-05-20 06:30:00.000000','19/05/2016 5:27:07 PM - Good','N','N','N','','2016-05-19','2016-05-19',1,4,1,1,4,NULL),(58,'sanjeev baid','car gold','9448174732','08041496592','#48/A, j.c.road\r\nBangalore','560002',1,'N',NULL,'02/06/2016 9:45:31 AM - not interested in doing this service','N','N','N','','2016-06-02','2016-06-02',1,3,2,2,3,NULL),(59,'Imran Sayeed','Auto world ','9845041438','08041249074','#12, J.C. Road,','560002',1,'N',NULL,'02/06/2016 9:52:16 AM - not interested in the product','N','N','N','','2016-06-02','2016-06-02',1,3,2,2,3,NULL),(60,'Firoz khan','Car impressions','9341427086','08041513913','#4/2, 1st cross, journalist colony\r\nJ.C.Road','560002',1,'N',NULL,'02/06/2016 9:58:19 AM - Cant afford','N','N','N','','2016-06-02','2016-06-02',1,3,3,2,3,NULL),(61,'chetan','Sparkle car spa','0803305295','0000000000','1st level parking =,\r\ninside forum mall\r\nkoramangala','560034',1,'Y','2016-06-05 04:30:00.000000','02/06/2016 10:01:28 AM - should speak to boss','N','N','N','','2016-06-02','2016-06-02',1,3,1,1,3,NULL),(62,'Raghavan','Nineonenine integrated solutions pvt ltd','9900174355','08041105692','No 28, 1st main, 1st block\r\nkoramangala','560034',1,'N','2016-06-06 04:30:00.000000','02/06/2016 10:07:20 AM - demo','N','N','N','','2016-06-02','2016-06-02',1,3,1,1,3,NULL),(63,'Tarun','Malnad auto treat','9036022822','08033055850','#17/5, 18th crross, 3rd sector\r\nHSR layout','560102',1,'N','2016-06-06 04:30:00.000000','02/06/2016 10:10:48 AM - Call back','N','N','N','','2016-06-02','2016-06-02',1,3,1,1,3,NULL),(64,'Manohar','Just pest','9731974602','0000000000','#14 2nd block 10th cross hbr layout Bangalore','560043',1,'N','2016-06-12 06:30:00.000000','08/06/2016 4:43:28 PM - Good','N','N','N','','2016-06-08','2016-06-08',1,4,1,1,4,NULL),(65,'Prithvi','Mobilrs tyre trch','0000000000','08025452916','Kamanahallimain road st.thomos town post Bangalore','560084',1,'Y','2016-06-13 05:30:00.000000','08/06/2016 4:46:54 PM - Good','N','N','N','','2016-06-08','2016-06-08',1,4,1,1,4,NULL),(66,'Veeranna','A pro act','9972540111','08041638524','#3037 8th main hal 2nd stage indiranagar Bangalore','560038',1,'Y','2016-06-13 04:30:00.000000','08/06/2016 4:49:33 PM - Good','N','N','N','','2016-06-08','2016-06-08',1,4,1,1,4,NULL),(67,'Veeranna','A pro act','9972540111','08041638524','#3037 8th main hal 2nd stage indiranagar Bangalore','560038',1,'Y','2016-06-13 04:30:00.000000','08/06/2016 4:49:33 PM - Good','N','N','N','','2016-06-08','2016-06-08',1,4,1,1,4,NULL),(68,'Veeranna','A pro act','9972540111','08041638524','#3037 8th main hal 2nd stage indiranagar Bangalore','560038',1,'Y','2016-06-13 04:30:00.000000','08/06/2016 4:49:33 PM - Good','N','N','N','','2016-06-08','2016-06-08',1,4,1,1,4,NULL),(69,'Veeranna','A pro act','9972540111','08041638524','#3037 8th main hal 2nd stage indiranagar Bangalore','560038',1,'Y','2016-06-13 04:30:00.000000','08/06/2016 4:49:33 PM - Good','N','N','N','','2016-06-08','2016-06-08',1,4,1,1,4,NULL),(70,'Veeranna','A pro act','9972540111','08041638524','#3037 8th main hal 2nd stage indiranagar Bangalore','560038',1,'Y','2016-06-13 04:30:00.000000','08/06/2016 4:49:33 PM - Good','N','N','N','','2016-06-08','2016-06-08',1,4,1,1,4,NULL),(71,'Deepak raj','Drift car accessories','9632705511','08025520548','#7, 14th main, 5th sector, hsr layout','560102',1,'N','2016-06-13 05:30:00.000000','09/06/2016 9:22:44 AM - Need to speak with authorised person','N','N','N','','2016-06-09','2016-06-09',1,3,1,1,3,NULL),(72,'Syed','Classic car spa','9845008424','0000000000','Lower basement , orion mall','560055',1,'Y','2016-06-13 04:30:00.000000','09/06/2016 9:27:35 AM - Speak with syed','N','N','N','','2016-06-09','2016-06-09',1,3,1,1,3,NULL),(73,'Meshach','Sundar service station','9900084802','08025599106','#10/1, gangadhara chetty road,\r\nOpp ulsoor lake','560008',1,'N','2016-06-13 06:30:00.000000','09/06/2016 9:47:14 AM - Meeting with sir','N','N','N','','2016-06-09','2016-06-09',1,3,1,1,3,NULL),(74,'Jagadish','Seven hills','9964604000','2222222222','15th cross, next to masjid,\r\nLakkasandra wilsond garden extension','560030',1,'N','2016-06-13 06:30:00.000000','09/06/2016 9:51:27 AM - Discuss with partners','N','N','N','','2016-06-09','2016-06-09',1,3,1,1,3,NULL),(75,'Saibul','Auto shine','9845111074','08042289274','#71/1 A shop #1, kaikondrahalli,\r\nOpp St prter school, sarjapur road','560035',1,'N','2016-07-16 03:30:00.000000','10/06/2016 2:43:25 PM - After ramzan','N','N','N','','2016-06-10','2016-06-10',1,3,1,1,3,NULL),(76,'Vinod kumar agarwal','Carz A2Z','9591382390','0804203863','1095, TK plaza, basement \r\nOpp indian oil petrol bunk\r\nBellandur, outer ring toad','560103',1,'N','2016-06-14 06:30:00.000000','10/06/2016 2:50:18 PM - Interested in prouct waiting','N','N','N','','2016-06-10','2016-06-10',1,3,1,1,3,NULL),(77,'Wajid sharieff','Total Choice','9945296440','2222222222','Sarjapura main road, opp total mall\r\nBellandur gate','560037',1,'N','2016-06-14 07:30:00.000000','10/06/2016 2:55:57 PM - Time required','N','N','N','','2016-06-10','2016-06-10',1,3,1,1,3,NULL),(78,'Nidhin jose','Team tech automobiles pvt. Ltd.','9538516111','08028441793','27/2, doddakennahalli, sarjapur main road\r\nNear shanimahadma temple','560035',2,'N','2016-07-04 03:30:00.000000','10/06/2016 3:00:01 PM - 2nd meeting','N','N','N','','2016-06-10','2016-06-10',1,3,1,1,3,NULL),(79,'Akram','Car junction','9845004936','0000000000','80 ft road b.s.k 3rd stage hosakerehalli cross Bangalore','560085',2,'N','2016-06-28 09:30:00.000000','25/06/2016 1:22:42 PM - Good','N','N','N','','2016-06-25','2016-06-25',1,4,9,4,4,NULL),(80,'Imran','Car vision','9980433597','9090909090','Jaynagr 4th tblock 30th cross','560041',1,'N','2016-07-10 06:30:00.000000','25/06/2016 1:26:40 PM - Good','N','N','N','','2016-06-25','2016-06-25',1,4,1,1,4,NULL),(81,'Sadiq','Car crown','9538213048','9898989898','#69,6th main road 23rd cross nagarabhavi main road govindraj nagar Bangalore','560078',1,'N',NULL,'25/06/2016 1:31:40 PM - Cant afford','N','N','N','','2016-06-25','2016-06-25',1,4,3,2,4,NULL),(82,'Manjunath','Car passion','8377292306','9090909090','#738,5th main road mc layout,opp to new public school ground vijaynagar Bangalore','560040',1,'N',NULL,'25/06/2016 1:34:37 PM - Can\'t afford','N','N','N','','2016-06-25','2016-06-25',1,4,3,2,4,NULL),(83,'Amjad','Classic wheel alignment','9854181018','9098909890','#324/5 A main 2nd block kalyan nagar','560043',1,'N','2016-07-11 06:30:00.000000','05/07/2016 5:07:33 PM - Postponed','N','N','N','','2016-07-05','2016-07-05',1,4,8,4,4,NULL),(84,'Safi ulla','Star car decor','9036807167','9998890987','54/1 4 main road nagarabhavi ring road metro layout Bangalore','560039',1,'N',NULL,'05/07/2016 5:13:04 PM - Bad','N','N','N','','2016-07-05','2016-07-05',1,4,3,2,4,NULL),(85,'Ravichandran ','9845268526','9845268526','9898980998','889 nti layout 2nd phase parallel to kodigehalli railway station bangalore','560092',1,'N','2016-07-12 06:30:00.000000','05/07/2016 5:17:20 PM - Good','N','N','N','','2016-07-05','2016-07-05',1,4,1,1,4,NULL),(86,'yes motor','yes motor','0803356809','0000000000','Ramgondanahalli whitefield, near adarsha palm meadows','560066',1,'N',NULL,'05/07/2016 5:27:33 PM - its a garage','N','N','N','','2016-07-05','2016-07-05',1,3,5,2,3,NULL),(87,'Zan auto stand','Zan auto stand','0803353575','0000000000','Marathahalli, outer ring road\r\nnext to malgudi restaurant','560037',1,'N',NULL,'05/07/2016 5:31:48 PM - Small shop and cant invest soo much amount','N','N','N','','2016-07-05','2016-07-05',1,3,3,2,3,NULL),(88,'vinay','best dial','8123243143','8050030300','#1723/D, KB complex, 2nd floor, 2nd block, rajajinagar\r\n','560010',1,'N','2016-07-12 05:30:00.000000','05/07/2016 5:35:37 PM - in discussion and need more time','N','N','N','','2016-07-05','2016-07-05',1,3,1,1,3,NULL),(89,'New india','New india pest control','0803925791','0000000000','sarjapura road, carmelran post','560035',1,'N',NULL,'05/07/2016 5:39:30 PM - dont want any new product into their service','N','N','N','','2016-07-05','2016-07-05',1,3,2,2,3,NULL),(90,'Prasanna','Vishwas pest control','9620354021','0000000000','Koramangala, no 1051, 7th main, 3rd block\r\n','560034',1,'N','2016-07-20 05:30:00.000000','05/07/2016 5:42:30 PM - Waiting for the call','N','N','N','','2016-07-05','2016-07-05',1,3,1,1,3,NULL),(91,'New','New omex','9844376587','0000000000','Gharavi palya, hosur main road, service road','560068',1,'N',NULL,'05/07/2016 5:47:42 PM - Small shop, no clients and products ','N','N','N','','2016-07-05','2016-07-05',1,3,5,2,3,NULL),(92,'Nisarga','Nisarga pest control','8884706086','0000000000','No 50, lakshmi layout, begur hobli\r\nbommanahalli','560068',1,'N',NULL,'05/07/2016 5:51:32 PM - Cant afford','N','N','N','','2016-07-05','2016-07-05',1,3,3,2,3,NULL),(93,'Venilla muthu','Tyre empire','9538495827','0000000000','whitefeild main road','560066',1,'N',NULL,'05/07/2016 5:54:06 PM - Dont deal into interiors of car and no service will be done','N','N','N','','2016-07-05','2016-07-05',1,3,2,2,3,NULL),(94,'Chandu','Chandu  motors','9916824970','0000000000','Bagalur main road, brindavan college\r\nkattigenahalli','560064',1,'N',NULL,'05/07/2016 5:58:37 PM - Too expensive service,, cant afford','N','N','N','','2016-07-05','2016-07-05',1,3,3,2,3,NULL),(95,'Herbal','Herbal pest control','9740960203','0000000000','8th mile bus stop, nagasandra\r\nafter jalahalli cross','560073',1,'N','2016-07-08 05:30:00.000000','05/07/2016 6:01:45 PM - interested customer,,need more time ','N','N','N','','2016-07-05','2016-07-05',1,3,1,1,3,NULL),(96,'Muneer','Auto fusion','9845004858','08041505576','Koramangala, 6th block,\r\nNear bus depo','560095',1,'N','2016-07-14 04:30:00.000000','09/07/2016 3:08:41 PM - Interested but need some time','N','N','N','','2016-07-09','2016-07-09',1,3,1,1,3,NULL),(97,'Sethi','Good year ','9845155934','9098909098','No34 11th cross indira nagar 1st stage bangalore','560038',1,'Y','2016-07-14 10:30:00.000000','09/07/2016 3:10:51 PM - Good','N','N','N','','2016-07-09','2016-07-09',1,4,1,1,4,NULL),(98,'Mohan kumar','Amogh tyre sales and service','9902025340','9090989876','No159 chikkathayappa reddy layout next to croma outer ring road kammanahalli Bangalore','560043',1,'N','2016-07-20 06:30:00.000000','09/07/2016 3:13:40 PM - Good','N','N','N','','2016-07-09','2016-07-09',1,4,8,4,4,NULL),(99,'Nizam','car zoom','9945177160','08041689591','#49, service road , west of chord road, rajaji nagar','560010',1,'N','2016-07-25 06:30:00.000000','20/07/2016 1:51:08 PM - interested but need time','N','N','N','','2016-07-20','2016-07-20',1,3,1,1,3,NULL),(100,'abdul','bharath car world','9845827862','08023100786','#129/1, purthvi complex, thimmiah road, 3rd stage, basaveshwara nagar','560079',1,'N','2016-07-25 08:30:00.000000','20/07/2016 2:00:24 PM - interested but need time','N','N','N','','2016-07-20','2016-07-20',1,3,1,1,3,NULL),(101,'nawaz khan','a1 car care centre','9880076716','08026756716','#259/2, valmiki nagar, opp gopalan mall, mysore road','560026',1,'N',NULL,'20/07/2016 2:11:00 PM - it is more kind of a garage','N','N','N','','2016-07-20','2016-07-20',1,3,5,2,3,NULL),(102,'shariff','car track','7411911770','0000000000','n0 10/13, nayandanahalli main road, near siddiqui masjid','560040',1,'N',NULL,'20/07/2016 2:15:19 PM - small shop with no products and customers','N','N','N','','2016-07-20','2016-07-20',1,3,3,2,3,NULL),(103,'mahesh','car point','9844368518','0000000000','no3/1, 1st main road, parimala nagar\r\nkanteerva studio main road, nandini layout','560096',1,'N',NULL,'20/07/2016 2:20:36 PM - more kind of a garage and service is not done','N','N','N','','2016-07-20','2016-07-20',1,3,2,2,3,NULL),(104,'Imran khan','car max','0803305022','0000000000','no 5, thimmappa reddy layout\r\nopp imperial cycle showroom\r\nbannerghatta road','560076',1,'N',NULL,'25/07/2016 5:00:45 PM - small shop with less number of customers','N','N','N','','2016-07-25','2016-07-25',1,3,2,2,3,NULL),(105,'Yogesh','car crafts','9900808288','0000000000','no19, 2nd main, 7th cross,\r\nhsr layout sector 1','560102',1,'N',NULL,'25/07/2016 5:11:04 PM - not interested doing this kind of service','N','N','N','','2016-07-25','2016-07-25',1,3,2,2,3,NULL),(106,'Sumit agarwal','Glamour car accessories','9886166827','08041659080','1st A cross 7th block kormangala Bangalore','560095',1,'N','2016-08-21 06:30:00.000000','18/08/2016 7:51:21 PM - They give us some reference','N','N','N','','2016-08-18','2016-08-18',1,4,1,1,4,NULL),(107,'M kumar ','Auto planet ','9845006502','08022552126','703/4 3rd block behind kormangala BDA complex kormangala Bactakleen','560034',1,'N','2016-08-22 06:30:00.000000','18/08/2016 7:54:57 PM - Good ','N','N','N','','2016-08-18','2016-08-18',1,4,1,1,4,NULL),(108,'Anwar ahsan','Top gear ','9880037737','0090909090','88,5th block industrial area kormangala Bangalore','560095',1,'N','2016-08-22 08:30:00.000000','18/08/2016 7:59:12 PM - They wont do services for cars','N','N','N','','2016-08-18','2016-08-18',1,4,1,1,4,NULL),(109,'Adil ','Auto spark','9980531003','9098980987','85 lakshamayya building opp to joseph\'s convent Whitefield main road Bangalore','560066',1,'N','2016-08-23 09:30:00.000000','18/08/2016 8:02:40 PM - In progress they wil give us some reference','N','N','N','','2016-08-18','2016-08-18',1,4,1,1,4,NULL),(110,'Thouqeer khan ','Auto fusions','9845004858','9090909090','12,patel  narayan  reddy layout','560095',1,'N','2016-08-23 06:30:00.000000','18/08/2016 8:28:01 PM - Good','N','N','N','','2016-08-18','2016-08-18',1,4,8,4,4,NULL),(111,'Ranjith','United tyre company','9845425142','08026613720','14/1,roshan bagh road','560004',1,'N','2016-08-25 10:30:00.000000','18/08/2016 8:34:15 PM - Good','N','N','N','','2016-08-18','2016-08-18',1,4,1,1,4,NULL),(112,'Ashwaq','Fast track','9900197713','08041554391','78,hs lane lalbagh fort road Bangalore','560004',1,'N','2016-09-08 05:30:00.000000','18/08/2016 8:37:29 PM - Good','N','N','N','','2016-08-18','2016-08-18',1,4,8,4,4,NULL),(113,'Moto','Moto adda','9090909090','08041200331','52,cmh road indira nagar 2nd stage Bangalore','560038',1,'N','2016-08-31 06:30:00.000000','18/08/2016 8:40:13 PM - Product demo','N','N','N','','2016-08-18','2016-08-18',1,4,8,4,4,NULL),(114,'Nayaz khan ','A1 car care center','9008090235','9090909090','1/1ashoka pillar road jaynagar 1st block Bangalore','560011',1,'N','2016-09-21 07:30:00.000000','18/08/2016 8:42:54 PM - Good','N','N','N','','2016-08-18','2016-08-18',1,4,8,4,4,NULL),(115,'Siddiq khan ','Finish line','9886322082','08041713888','#234,1st main 7th block new star bazar kormangala Bangalore','560095',1,'N','2016-09-12 04:30:00.000000','20/08/2016 1:23:23 PM - Good\r\n20/08/2016 1:28:22 PM - Good ','N','N','N','','2016-08-20','2016-08-20',1,4,8,4,4,NULL),(116,'Lohith bidari','Car at spa','9611496115','9090909090','#43 krishnappa garden,near bhagmane tech park cv raman nagar Bangalore','560093',1,'N',NULL,'20/08/2016 1:29:21 PM - Already have this kind of service','N','N','N','','2016-08-20','2016-08-20',1,4,2,2,4,NULL),(117,'Wajid sharieff','Total cboice car accessories','9945296440','9090909090','Sarjapur main road opp to total mall bellandur gate Bangalore','560037',1,'N','2016-08-30 07:30:00.000000','20/08/2016 1:32:23 PM - Good','N','N','N','','2016-08-20','2016-08-20',1,4,8,4,4,NULL),(118,'Shambu Hegde','Waxpol Industrial Ltd','9448332242','0000000000','National College, Jain Temple Road, Bangalore','560004',1,'N',NULL,'23/11/2016 9:43:07 PM - Not Interested','N','N','N','','2016-11-23','2016-11-23',1,42,2,2,42,NULL),(119,'Riyaz','R K Car Decor','9945126627','9945126627','BSK 3rd Stage','560008',1,'N',NULL,'23/11/2016 9:47:23 PM - Can not afford','N','N','N','','2016-11-23','2016-11-23',1,42,3,2,42,NULL),(120,'Manjunath','Gear up','9742205473','9742205473','Jayanagar 4th Block','560011',1,'N','2016-11-30 07:30:00.000000','23/11/2016 9:50:22 PM - Owner not available','N','N','N','','2016-11-23','2016-11-23',1,42,8,4,42,NULL),(121,'Shaikabdulla','Car Tracks','9886791978','9886791978','#80/1, Dodda Mavalli, Lalbhag Fort Road','560002',1,'N',NULL,'23/11/2016 9:53:04 PM - Can not afford','N','N','N','','2016-11-23','2016-11-23',1,42,3,2,42,NULL),(122,'Deepak','Elite Car Care','9535307766','9535307766','#415/2/1, 4th cross, Wilson Garden','560027',1,'N',NULL,'23/11/2016 9:56:58 PM - Not interested','N','N','N','','2016-11-23','2016-11-23',1,42,2,2,42,NULL),(123,'Gopi','Keshkamal Motors','9448071067','9448071067','BSK 2nd Stage','560085',1,'N',NULL,'23/11/2016 10:00:00 PM - Maruthi Authorised','N','N','N','','2016-11-23','2016-11-23',1,42,2,2,42,NULL),(124,'Manjunath','M R Car Service and Wash','9448512724','9448512724','#17, RBI Layout, Kothnur Dinne Main Road, JP Nagar 7th Phase','560078',1,'Y','2016-11-25 07:30:00.000000','23/11/2016 10:02:30 PM - Requires Time','N','N','N','','2016-11-23','2016-11-23',1,42,1,1,42,NULL),(125,'Syed Athiqualla','Car Dzire','9448878332','9448878332','#35 Supraba Complex, Vasavi Temple Road, VV Puram','560004',1,'Y',NULL,'23/11/2016 10:05:53 PM - Less Clients','N','N','N','','2016-11-23','2016-11-23',1,42,5,2,42,NULL),(126,'Rahim','Indian Car AC and Electricals','9916135244','9916135244','#31, 3rd Cross, JP Nagar, 6th Phase','560078',1,'Y',NULL,'23/11/2016 10:08:52 PM - Can not afford','N','N','N','','2016-11-23','2016-11-23',1,42,3,2,42,NULL),(127,'Sri Kumar','Narmada Garage','9611785278','9611785278','Near Kaggadaspura Railway Gate, CV Raman Nagar','560093',1,'Y','2016-12-10 07:30:00.000000','23/11/2016 10:11:38 PM - Requires Time','N','N','N','','2016-11-23','2016-11-23',1,42,8,4,42,NULL),(128,'Pavan','The Car Laundry','7022101888','7022101888','#7/1, G J Complex, 100 ft road, 2nd stage, Indiranagar','560038',1,'Y',NULL,'23/11/2016 10:14:21 PM - Need Permission from Corporate Office','N','N','N','','2016-11-23','2016-11-23',1,42,2,2,42,NULL),(129,'Raghu','Sri Krishna Tyres','9886198357','9886198357','#16/14, 7th Main, 80 ft road, Subbanapalya Extn, Kammanalli','560084',1,'Y',NULL,'23/11/2016 10:17:16 PM - MRF Authorised','N','N','N','','2016-11-23','2016-11-23',1,42,2,2,42,NULL),(130,'Anand','Sri Balaji Wheel Allignment','9945182431','9945182431','Flat No 51, Thiruvelluar nagar, Chinna Elasagiri Road, Near KCC Nagar, Hosur','635109',1,'Y','2016-12-01 07:30:00.000000','23/11/2016 10:20:21 PM - Requires Time','N','N','N','','2016-11-23','2016-11-23',1,42,8,4,42,NULL),(131,'Sundar','S M Cars','9880525126','9880525126','Chikkathogur Gate, Hosur Road, Electronic City','560100',1,'Y',NULL,'23/11/2016 10:23:46 PM - Not Interested','N','N','N','','2016-11-23','2016-11-23',1,42,2,2,42,NULL),(132,'Prakash','Swasthika Motors','8030625417','08030625417','#54/8, Fruit market Road, Hosur Road, Electronic City','560100',1,'Y','2016-11-26 08:30:00.000000','23/11/2016 10:26:15 PM - Requires Time','N','N','N','','2016-11-23','2016-11-23',1,42,8,4,42,NULL),(133,'Dinesh','Sivamurugan Tyres','9008800111','08033724494','J P Nagar 1st phase','560078',1,'N','2017-01-02 06:30:00.000000','29/12/2016 5:17:53 PM - have asked to come after 6th of jan','N','N','N','','2016-12-29','2016-12-29',1,36,1,1,36,NULL),(134,'Ashok / Sandesh','Reflect On','9036138373','9980668119','Mahadevapura Main Road','560048',1,'N','2017-01-02 07:30:00.000000','29/12/2016 5:24:19 PM - Taken Time','N','N','N','','2016-12-29','2016-12-29',1,36,1,1,36,NULL),(135,'Sanket','S V Car professional','9880662827','9880662827','BTM','560068',1,'Y','2017-01-03 06:30:00.000000','29/12/2016 5:27:08 PM - Taken Time','N','N','N','','2016-12-29','2016-12-29',1,36,1,1,36,NULL),(136,'Manish','CarZippi','9945302277','9945302277','JP Nagar','560078',1,'Y','2017-01-03 07:30:00.000000','29/12/2016 5:30:42 PM - Need to meet MD','N','N','N','','2016-12-29','2016-12-29',1,36,1,1,36,NULL),(137,'Chowdesh','Ravitejus Automobiles','9886748260','9886748260','Basavangudi','560004',1,'Y','2017-01-03 08:30:00.000000','29/12/2016 5:32:49 PM - Need Follow Up','N','N','N','','2016-12-29','2016-12-29',1,36,1,1,36,NULL),(138,'Hameed','Xpert Car Care','9972426892','9972426892','New BEL Road','560094',1,'N','2017-01-06 06:30:00.000000','29/12/2016 5:36:17 PM - Next Week','N','N','N','','2016-12-29','2016-12-29',1,36,1,1,36,NULL),(139,'Muneer','Marvel Car Care','9620393486','9620393486','Vidyapeeta','560004',1,'N','2017-01-10 05:30:00.000000','29/12/2016 5:38:48 PM - Nxt Month','N','N','N','','2016-12-29','2016-12-29',1,36,1,1,36,NULL),(140,'Manjunath','M R Car Garage','9448512724','9448512724','J P Nagar 7th Phase','560078',1,'Y','2017-01-10 06:30:00.000000','29/12/2016 5:40:57 PM - Nxt Month','N','N','N','','2016-12-29','2016-12-29',1,36,1,1,36,NULL),(141,'Dinesh','Junction For Car Attachments','9945552146','9945552146','Jayanagar','560082',1,'N','2017-01-10 07:30:00.000000','29/12/2016 5:43:23 PM - Need Time','N','N','N','','2016-12-29','2016-12-29',1,36,1,1,36,NULL),(142,'Kumar','ShivSai Car Care','7795536318','7795536318','HSR BDA Complex','560102',1,'N','2017-01-06 07:30:00.000000','29/12/2016 5:46:52 PM - Next week','N','N','N','','2016-12-29','2016-12-29',1,36,1,1,36,NULL),(143,'Somashekar','Shiva Car Care','9886636362','9886636362','Whitefield','560066',1,'N','2017-01-10 09:30:00.000000','29/12/2016 5:50:36 PM - Need Time','N','N','N','','2016-12-29','2016-12-29',1,36,1,1,36,NULL),(144,'Harsha','Roch Werks','9986297649','9986297649','Tindlu','560097',1,'N','2017-01-06 08:30:00.000000','29/12/2016 5:52:42 PM - Need Time','N','N','N','','2016-12-29','2016-12-29',1,36,1,1,36,NULL),(145,'Suresh','Car Care India','9880707676','9880707676','VV Puram','560004',1,'Y','2017-01-10 07:30:00.000000','29/12/2016 5:55:27 PM - In Jan','N','N','N','','2016-12-29','2016-12-29',1,36,1,1,36,NULL),(146,'Naveen Subramanya','Hot Rodz Automotive','9845282081','9845282081','Sahakar Nagar','560092',2,'Y','2017-01-10 09:30:00.000000','29/12/2016 5:57:40 PM - Need Time','N','N','N','','2016-12-29','2016-12-29',1,36,1,1,36,NULL),(147,'Narendra','Refresh Car Spa','9945225696','9945225696','Sarjapura road ','560034',1,'N','2017-01-10 08:30:00.000000','29/12/2016 6:00:59 PM - Need Time','N','N','N','','2016-12-29','2016-12-29',1,36,1,1,36,NULL),(148,'Hidayath','Taj Car Decor','9986500207','9986500207','RV Road Basavangudi','560004',2,'Y','2017-01-10 04:30:00.000000','29/12/2016 6:03:33 PM - In Jan','N','N','N','','2016-12-29','2016-12-29',1,36,1,1,36,NULL),(149,'Srikanth','Wheels Online','9880344112','9880344112','Koramangala','560095',1,'Y','2017-01-25 08:30:00.000000','29/12/2016 6:05:41 PM - Need Time','N','N','N','','2016-12-29','2016-12-29',1,36,1,1,36,NULL),(150,'Usman','Auto Fusion','9880786311','9880786311','Koramangala','560095',1,'Y','2017-01-18 07:30:00.000000','29/12/2016 6:08:00 PM - Need Time','N','N','N','','2016-12-29','2016-12-29',1,36,1,1,36,NULL),(151,'Suresh','Aditya Wheel Alignment','9686942050','9686942050','Kanakapura road','560062',1,'Y','2017-01-10 09:30:00.000000','29/12/2016 6:10:03 PM - Need Time','N','N','N','','2016-12-29','2016-12-29',1,36,1,1,36,NULL),(152,'Ravi','Tyre Empire','9008090668','9008090668','Whitefield','560066',1,'Y','2017-01-12 09:30:00.000000','29/12/2016 6:12:15 PM - Need Time','N','N','N','','2016-12-29','2016-12-29',1,36,1,1,36,NULL),(153,'Prithvi','Mobile Tyre Tech','0802545291','08025452916','Kammanahallli','560084',1,'N','2017-01-04 07:30:00.000000','29/12/2016 6:14:46 PM - In Jan','N','N','N','','2016-12-29','2016-12-29',1,36,1,1,36,NULL),(154,'Rajesh','Vijay Wheel Alignment','9980068327','9980068327','J P Nagar','560078',2,'Y','2017-01-02 06:30:00.000000','29/12/2016 6:17:18 PM - In Jan','N','N','N','','2016-12-29','2016-12-29',1,36,1,1,36,NULL),(155,'Narayana Murthy','Millivisions Pvt Ltd','9611600669','9611600669','Mavalli','560004',1,'Y','2017-01-06 06:30:00.000000','29/12/2016 6:19:33 PM - In Jan','N','N','N','','2016-12-29','2016-12-29',1,36,1,1,36,NULL),(156,'Harry','Sea Horse Car Care','9986511384','9886599991','Kasturinagar','560093',1,'Y','2017-01-09 05:30:00.000000','29/12/2016 6:21:37 PM - In Jan','N','N','N','','2016-12-29','2016-12-29',1,36,1,1,36,NULL),(157,'Suresh / Chandru','TechnoKraft car Service','9886254448','9880369118','RR Nagar','560098',1,'N','2016-12-30 06:30:00.000000','29/12/2016 6:23:51 PM - Need To Decide','N','N','N','','2016-12-29','2016-12-29',1,36,1,1,36,NULL),(158,'Sagar','Girimaji Enterprises','9845447155','9902709999','Jayanagar 7th  block','560070',2,'N','2017-01-02 07:30:00.000000','29/12/2016 6:26:54 PM - Need demo','N','N','N','','2016-12-29','2016-12-29',1,36,1,1,36,NULL),(159,'Satish Kumar N','Fero Car Care','9886834974','9886834974','#111, 10th Main, West of Chord Road, Manjunath Nagar, Rajajinagar, Bangalore','560010',1,'N','2017-01-07 06:30:00.000000','29/12/2016 6:35:36 PM - need demo','N','N','N','','2016-12-29','2016-12-29',1,42,1,1,42,NULL),(160,'Adil','3S Solutions','9206084969','9206084969','Kanakanagar, R T Nagar Post, Bangalore','560032',1,'Y',NULL,'29/12/2016 6:40:44 PM - Cannot afford','N','N','N','','2016-12-29','2016-12-29',1,42,3,2,42,NULL),(161,'Pradeep Rao','Quicky Cleaners','9591539118','08023221717','#139, NCHC Layout, 15th Main, 3rd Stage, 4th Block, Basaveshwar Nagar, Bangalore','560079',1,'Y','2016-12-31 08:30:00.000000','29/12/2016 6:42:59 PM - need Time','N','N','N','','2016-12-29','2016-12-29',1,42,1,1,42,NULL),(162,'Chethan Kumar','GT Car Spa','9611444777','08041474473','Basaveshwar Nagar, Next to Gangamma Thimmayya Inn Convention Center, Bangalore','560079',1,'N','2017-01-05 06:30:00.000000','29/12/2016 6:46:24 PM - need time','N','N','N','','2016-12-29','2016-12-29',1,42,8,4,42,NULL),(163,'Sumit Agarwal','Glamour Car Accessories','9986031792','08041659080','#369, 1st A Cross, 7th Block, Koramangala, Bangalore ','560095',1,'N','2017-01-06 06:30:00.000000','05/01/2017 1:25:32 PM - Need time','N','N','N','','2017-01-05','2017-01-05',1,36,1,1,36,NULL),(164,'Yogesh','Throttle','9945561696','08026641574','No.119/A, New No.54, 27th Cross, 7th Block, Jayanagar, Bangalore','560070',1,'Y','2017-01-11 06:30:00.000000','09/01/2017 6:27:53 PM - Has liked the product','N','N','N','','2017-01-09','2017-01-09',1,36,1,1,36,NULL),(165,'Manoj','The Smart Car Wash','9731113931','9731113931','Survey No13 /98-99, Beside DSR Greenfield, Immadihalli Main Road, Whitefield, Bengaluru','560066',1,'N','2017-01-12 06:30:00.000000','10/01/2017 12:38:28 PM - Has to discuss with his partner','N','N','N','','2017-01-10','2017-01-10',1,36,1,1,36,NULL),(166,'Narasimha Reddy','Panorama Pest Care Services','9740097666','08026431213','#15, Ananda Nilayam, 2nd Main, 2nd Cross, Vivekananda Colony, Kanakapura Main Road, BSK, Bangalore','560078',4,'N','2017-03-06 04:30:00.000000','28/02/2017 5:05:43 PM - Need to Call','N','N','N','','2017-02-28','2017-02-28',1,36,1,1,36,NULL),(167,'Suhas','Bubbles Car Spa','9611668668','9611668668','J P Nagar, Near Kalyani Tech Park','560078',4,'Y','2017-03-03 04:30:00.000000','28/02/2017 5:11:49 PM - Sridhar Sir is following it up','N','N','N','','2017-02-28','2017-02-28',1,36,1,1,36,NULL),(168,'Abhay','Pestron India','9986843000','9986843000','Immadihalli Main Road, Whitefield','560100',4,'N','2017-03-03 05:30:00.000000','28/02/2017 5:14:22 PM - Need to follow up','N','N','N','','2017-02-28','2017-02-28',1,36,1,1,36,NULL),(169,'Sathya Chandran','Velcare International','9945232971','9945232971','Domlur Industrial Area','560037',4,'N','2017-03-01 04:30:00.000000','28/02/2017 5:16:49 PM - Sridhar Sir To talk to Sathya','N','N','N','','2017-02-28','2017-02-28',1,36,1,1,36,NULL);
/*!40000 ALTER TABLE `services_lead` ENABLE KEYS */;
UNLOCK TABLES;

--
-- Table structure for table `services_lead_more_details`
--

DROP TABLE IF EXISTS `services_lead_more_details`;
/*!40101 SET @saved_cs_client     = @@character_set_client */;
/*!40101 SET character_set_client = utf8 */;
CREATE TABLE `services_lead_more_details` (
  `id` int(11) NOT NULL AUTO_INCREMENT,
  `lead_id` int(11) NOT NULL,
  `moreinfo_id` int(11) NOT NULL,
  PRIMARY KEY (`id`),
  UNIQUE KEY `lead_id` (`lead_id`,`moreinfo_id`),
  KEY `services_lead_more_details_8f635513` (`lead_id`),
  KEY `services_lead_more_details_38189c88` (`moreinfo_id`)
) ENGINE=MyISAM AUTO_INCREMENT=9 DEFAULT CHARSET=latin1;
/*!40101 SET character_set_client = @saved_cs_client */;

--
-- Dumping data for table `services_lead_more_details`
--

LOCK TABLES `services_lead_more_details` WRITE;
/*!40000 ALTER TABLE `services_lead_more_details` DISABLE KEYS */;
INSERT INTO `services_lead_more_details` VALUES (8,110,4),(7,79,1),(6,27,4),(5,26,4);
/*!40000 ALTER TABLE `services_lead_more_details` ENABLE KEYS */;
UNLOCK TABLES;

--
-- Table structure for table `services_lead_segments`
--

DROP TABLE IF EXISTS `services_lead_segments`;
/*!40101 SET @saved_cs_client     = @@character_set_client */;
/*!40101 SET character_set_client = utf8 */;
CREATE TABLE `services_lead_segments` (
  `id` int(11) NOT NULL AUTO_INCREMENT,
  `lead_id` int(11) NOT NULL,
  `channelpartnersegment_id` int(11) NOT NULL,
  PRIMARY KEY (`id`),
  UNIQUE KEY `lead_id` (`lead_id`,`channelpartnersegment_id`),
  KEY `services_lead_segments_8f635513` (`lead_id`),
  KEY `services_lead_segments_78584483` (`channelpartnersegment_id`)
) ENGINE=MyISAM AUTO_INCREMENT=189 DEFAULT CHARSET=latin1;
/*!40101 SET character_set_client = @saved_cs_client */;

--
-- Dumping data for table `services_lead_segments`
--

LOCK TABLES `services_lead_segments` WRITE;
/*!40000 ALTER TABLE `services_lead_segments` DISABLE KEYS */;
INSERT INTO `services_lead_segments` VALUES (39,25,7),(38,24,7),(37,23,7),(47,33,1),(46,32,6),(45,31,6),(44,30,7),(51,37,7),(50,36,1),(36,22,7),(35,21,7),(43,29,7),(34,20,7),(42,28,6),(41,27,7),(49,35,6),(40,26,8),(33,19,7),(48,34,2),(32,18,7),(31,17,8),(52,38,7),(53,39,7),(54,40,7),(55,41,1),(57,42,1),(58,43,6),(59,44,6),(60,45,1),(61,46,1),(62,47,1),(63,48,1),(64,49,2),(65,50,1),(66,51,1),(67,52,2),(68,53,7),(69,54,7),(70,55,7),(71,56,7),(72,57,7),(73,58,6),(74,59,7),(75,60,7),(76,61,6),(77,62,2),(78,63,7),(79,64,1),(80,65,7),(81,66,1),(82,67,1),(83,68,1),(84,69,1),(85,70,1),(86,71,7),(87,72,6),(88,73,6),(89,74,1),(90,75,7),(91,76,7),(92,77,7),(93,78,6),(94,79,7),(95,80,7),(96,81,7),(97,82,7),(98,83,8),(99,84,7),(100,85,6),(101,86,6),(102,87,7),(103,88,1),(104,89,1),(105,90,1),(106,91,7),(107,92,1),(108,93,7),(109,94,7),(110,95,1),(111,96,7),(112,97,8),(113,98,8),(114,99,7),(115,100,7),(116,101,7),(117,102,7),(118,103,7),(119,104,7),(120,105,7),(121,106,7),(122,107,7),(123,108,7),(124,109,7),(125,110,7),(126,111,8),(127,112,7),(128,113,7),(129,114,7),(130,115,7),(131,116,6),(132,117,7),(133,118,5),(134,119,7),(135,120,6),(136,121,6),(137,122,6),(138,123,6),(139,124,6),(140,125,6),(141,126,4),(142,127,6),(143,128,6),(144,129,8),(145,130,8),(146,131,6),(147,132,6),(148,133,8),(149,134,6),(150,135,6),(151,136,6),(152,137,6),(153,138,6),(154,139,6),(155,140,6),(156,140,7),(157,141,7),(158,142,8),(159,143,8),(160,143,6),(161,144,6),(162,145,6),(163,146,7),(164,147,6),(165,148,7),(166,149,8),(167,150,7),(168,151,8),(169,152,8),(170,153,8),(171,154,8),(172,155,8),(173,156,6),(174,157,6),(175,157,7),(176,158,6),(177,158,7),(178,159,7),(179,160,6),(180,161,6),(181,162,6),(182,163,7),(183,164,7),(184,165,6),(185,166,1),(186,167,6),(187,168,1),(188,169,1);
/*!40000 ALTER TABLE `services_lead_segments` ENABLE KEYS */;
UNLOCK TABLES;

--
-- Table structure for table `services_leadstatus`
--

DROP TABLE IF EXISTS `services_leadstatus`;
/*!40101 SET @saved_cs_client     = @@character_set_client */;
/*!40101 SET character_set_client = utf8 */;
CREATE TABLE `services_leadstatus` (
  `id` int(11) NOT NULL AUTO_INCREMENT,
  `description` varchar(100) NOT NULL,
  PRIMARY KEY (`id`)
) ENGINE=MyISAM AUTO_INCREMENT=5 DEFAULT CHARSET=latin1;
/*!40101 SET character_set_client = @saved_cs_client */;

--
-- Dumping data for table `services_leadstatus`
--

LOCK TABLES `services_leadstatus` WRITE;
/*!40000 ALTER TABLE `services_leadstatus` DISABLE KEYS */;
INSERT INTO `services_leadstatus` VALUES (1,'Effective'),(2,'Ineffective'),(3,'Closed'),(4,'Postponed');
/*!40000 ALTER TABLE `services_leadstatus` ENABLE KEYS */;
UNLOCK TABLES;

--
-- Table structure for table `services_machine`
--

DROP TABLE IF EXISTS `services_machine`;
/*!40101 SET @saved_cs_client     = @@character_set_client */;
/*!40101 SET character_set_client = utf8 */;
CREATE TABLE `services_machine` (
  `id` int(11) NOT NULL AUTO_INCREMENT,
  `machine_number` varchar(255) NOT NULL,
  `year_of_manufacture` varchar(4) NOT NULL,
  `manufacturer_company` varchar(100) NOT NULL,
  `warranty_start_date` date NOT NULL,
  `warranty_end_date` date NOT NULL,
  `is_assigned` tinyint(1) NOT NULL,
  PRIMARY KEY (`id`),
  UNIQUE KEY `machine_number` (`machine_number`)
) ENGINE=MyISAM AUTO_INCREMENT=19 DEFAULT CHARSET=latin1;
/*!40101 SET character_set_client = @saved_cs_client */;

--
-- Dumping data for table `services_machine`
--

LOCK TABLES `services_machine` WRITE;
/*!40000 ALTER TABLE `services_machine` DISABLE KEYS */;
INSERT INTO `services_machine` VALUES (1,'0001','2016','Excelcia technologies','2016-06-06','2017-06-06',1),(2,'002','2016','Excelsia','2016-08-21','2019-08-20',1),(3,'003','2016','Excelsia','2016-08-20','2019-08-20',1),(4,'004','2016','Excelsia','2016-08-11','2019-08-11',1),(5,'005','2015','Excelcia Technologies','2016-09-06','2019-09-09',1),(6,'006','2016','Excelcia technologies','2016-10-05','2019-10-05',1),(7,'07','2017','Excelcia Technologies','2016-09-01','2019-09-01',1),(8,'008','2017','Excelcia Technologies','2016-09-01','2019-09-01',1),(9,'009','2017','Excelcia Technologies','2016-09-01','2019-09-01',1),(10,'0010','2017','Excelcia Technologies','2016-09-01','2019-09-01',1),(11,'0011','2017','Excelcia Technologies','2016-09-01','2019-09-01',1),(12,'0012','2017','Excelcia Technologies','2016-09-01','2019-09-01',1),(13,'0013','2017','Excelcia Technologies','2016-09-01','2019-09-01',1),(14,'0014','2017','Excelcia Technologies','2016-09-01','2019-09-01',1),(15,'0015','2017','Excelcia Technologies','2016-09-01','2019-09-01',0),(16,'0016','2016','Excelsia Technologies','2017-01-07','2020-01-06',1),(17,'0017','2016','Excelsia Technologies','2017-01-05','2020-01-04',1),(18,'0018','2016','Excelsia Technologies','2017-01-07','2020-01-06',1);
/*!40000 ALTER TABLE `services_machine` ENABLE KEYS */;
UNLOCK TABLES;

--
-- Table structure for table `services_moreinfo`
--

DROP TABLE IF EXISTS `services_moreinfo`;
/*!40101 SET @saved_cs_client     = @@character_set_client */;
/*!40101 SET character_set_client = utf8 */;
CREATE TABLE `services_moreinfo` (
  `id` int(11) NOT NULL AUTO_INCREMENT,
  `info` int(11) NOT NULL,
  PRIMARY KEY (`id`)
) ENGINE=MyISAM AUTO_INCREMENT=6 DEFAULT CHARSET=latin1;
/*!40101 SET character_set_client = @saved_cs_client */;

--
-- Dumping data for table `services_moreinfo`
--

LOCK TABLES `services_moreinfo` WRITE;
/*!40000 ALTER TABLE `services_moreinfo` DISABLE KEYS */;
INSERT INTO `services_moreinfo` VALUES (1,1),(2,2),(3,3),(4,4),(5,5);
/*!40000 ALTER TABLE `services_moreinfo` ENABLE KEYS */;
UNLOCK TABLES;

--
-- Table structure for table `services_partnerasowner`
--

DROP TABLE IF EXISTS `services_partnerasowner`;
/*!40101 SET @saved_cs_client     = @@character_set_client */;
/*!40101 SET character_set_client = utf8 */;
CREATE TABLE `services_partnerasowner` (
  `id` int(11) NOT NULL AUTO_INCREMENT,
  `name` varchar(255) NOT NULL,
  `gender` varchar(1) NOT NULL,
  `landline` varchar(11) NOT NULL,
  `mobile_number` varchar(10) NOT NULL,
  `address` varchar(255) NOT NULL,
  `email` varchar(255) NOT NULL,
  `partner_id` int(11) NOT NULL,
  PRIMARY KEY (`id`),
  KEY `services_partnerasowner_4e98b6eb` (`partner_id`)
) ENGINE=MyISAM AUTO_INCREMENT=54 DEFAULT CHARSET=latin1;
/*!40101 SET character_set_client = @saved_cs_client */;

--
-- Dumping data for table `services_partnerasowner`
--

LOCK TABLES `services_partnerasowner` WRITE;
/*!40000 ALTER TABLE `services_partnerasowner` DISABLE KEYS */;
INSERT INTO `services_partnerasowner` VALUES (31,'Shiv kumar','M','0000000000','9972439010','#435, mico layout/btm layout/btm layout/7th main, 7th cross, near bank of taverncare, bangalore.','btm@cherryagencies.com',38),(30,'Cherry agencies pvt ltd','M','08033054843','9972498963','#115 lal bagh road next to nandini road near minerva circle Bangalore','khr@cherryagencies.com',37),(29,'Rajendra Surana','M','08041504556','9448517921','# 473, East End Main road, Jayanagar, 9th block, Bangalore 560069','konarks.rajendra@gmail.com',35),(28,'Tyre Park Indiranagar','M','08033054843','9900098974','#115 lal bagh fort road,next to nandhini hotel,near minerva circle,Bangalore','inr@cherryagencies.com',34),(27,'Tyre Park Electronic City','M','08033054843','9900098974','#115,lal bagh fort road,next to nandhini hotel,near minerva circle,Bangalore','cbk@cherryagencies.com',33),(25,'Prashanth shetty','M','08060500605','9620427000','#372/2, ground floor, lokesh building\r\nHogebandi garden, near DLF new town\r\nBegur road , bangalore','prashanth.shetty@bestserve.in',31),(26,'Cherry agencies pvt ltd','M','08033054843','9900098974','#115 lal bagh fort road,next to nandhini hotel,near minerva circle,Bangalore','cbk@cherryagencies.com',32),(24,'S.Mohammed','M','08042177775','9916777706','#6/10, 4th cross, 1st main, Maruthi nagar\r\nMadiwala new extension, Bangalore','goodrichpestcontrol@gmail.com',30),(32,'Cherry agencies pvt ltd','M','08033054843','9972498963','#115 lal bagh fort road near minerva circle next to nandhini hotel Bangalore','rnr@cherryagencies.com',39),(33,'Avinash Rao','M','8722912345','8722912345','No. 52, CMH Road, indira Nagar 2nd stage, bangalore','avinash@dreamersanddoers.com',40),(34,'Islamuddin Khan','M','08042180028','9900012483','No.1579, 11th main, 4th T block, Jayanagar, Bangalore-560041','jnr@cherryagencies.com',41),(35,'Madhu Nagaratna','F','08042137152','9900037081','No.6, Mookambika Avenue, service road, yeshwantpur, bangalore-560022','ypr@cherryagencies.com',44),(36,'Madhu Nagaratna','F','08042137152','9900037081','No.6, mookambika avenue, service road, yeshwanthpur, bangalore-560022','ypr@cherryagencies.com',45),(37,'Ravi Kiran','M','08068006800','9945098452','#1780, 80 feet road, HSR Layout,\r\nSector-1, 19th Main Road,\r\nBangalore-560102','info@siliconcabs.in',46),(38,'Avinash Sharma','M','08026711911','9972577129','No.23, S Kariappa Road, Kanakapura Main Road, Banashankari, Bangalore','bsk@cherryagencies.com',47),(39,'Prakhyat H Shirole','M','8197079999','8197079999','#12, 23rd Main, 7th A Cross, J P Nagar, 2nd Phase, opp to R V Dental College, Bangalore - 560078','director@thebosscarz.com',48),(40,'Sudarshan H G','M','8123443888','9844824229','No 107, Doddathogur, Bettadasapura Circle, Behind SNN Raj Neeladri Apartments, Begur Hobli, Bangalore','sudarshanexpresscarcare.in@gmail.com',49),(41,'M Usman Khan','M','08041505576','9880786311','#12, Patel Narayan Reddy Layout, 80 feet Road, 6th Block, Koramangala, Bengaluru','usmankhan31199@gmail.com',50),(42,'M Usman Khan','M','08041505576','9880786311','#12, Patel Narayan Reddy Layout, 80 feet Road, 6th Block, Koramangala, Bengaluru','usmankhan31199@gmail.com',51),(43,'R Narendra','M','08040906883','9945225696','Market Square, No. 12/5, Kaikondrahalli, Varthur Hobli, Sarjapura Road, Bangalore','refreshcarspa@gmail.com',52),(44,'Prabhakar R','M','08025286634','9686190097','No.39, 515 Colony, HAL 3rd Stage, New Thippasandra, Bangalore','imaginepestservices@gmail.com',53),(45,'Abhishek B','M','08028605757','8497858687','#1163, Pandit Jawaharlal Nehru Road, BEML Layout, Beside Kaapikatte, Rajarajeshwari Nagar, Bangalore 560098','rapidcarcare12@gmail.com',54),(46,'Anish Mathew','M','08023450544','9663602575','#785, MES Road, Muthyalanagara, Gokula Extension, Bangalore','anishm555@gmail.com',55),(47,'Kishan M','M','08040905773','9008008009','No.4, K R Garden, 8th Block, Koramangala, Bangalore','kishan_ind@yahoo.com',56),(48,'Basavaraj','M','08041312147','9591003322','#64, Opp to Dena Bank, JC Road, Bangalore','bfh@cherryagencies.com',57),(49,'Bharat P','M','08028543797','9632181888','No.132/2&132/3, Opp Tyco Electronics, Hoodie Graphite Road, Bangalore-560048','srmotors97@yahoo.co.in',58),(50,'Naveen Kumar','M','8553449595','8553449595','# 450C Rajiv Gandhi Nagar, NTI 1st Phase, AMCO Layout Main Road, Bangalore, Near Narayana Olympiad School','aaryacarspa@gmail.com',59),(51,'Arun','M','8867771666','8867771666','#  74, Vidyaranyapura Tindlu Main Road, Bangalore-560097','ultimatebcs@gmail.com',60),(52,'Gurudas Shetty','M','9341234360','9341234360','# 16, 13th A Cross, Thyagaraja Nagar, Basavanagudi, Bangalore-560004','minervamotorsone@gmail.com',61),(53,'Dinesh','M','08023215701','9448059451','# 2, 2nd Cross, Opp SBI, Papareddy Palya, Nagarabhavi 2nd Stage, Bangalore-560072','rotechbcs@gmail.com',62);
/*!40000 ALTER TABLE `services_partnerasowner` ENABLE KEYS */;
UNLOCK TABLES;

--
-- Table structure for table `services_partnerbranch`
--

DROP TABLE IF EXISTS `services_partnerbranch`;
/*!40101 SET @saved_cs_client     = @@character_set_client */;
/*!40101 SET character_set_client = utf8 */;
CREATE TABLE `services_partnerbranch` (
  `id` int(11) NOT NULL AUTO_INCREMENT,
  `branch_address` varchar(255) NOT NULL,
  `pin_code` varchar(6) NOT NULL,
  `landline` varchar(11) NOT NULL,
  `authorized_person_name` varchar(255) NOT NULL,
  `authorized_person_gender` varchar(1) NOT NULL,
  `authorized_person_landline` varchar(11) NOT NULL,
  `authorized_person_mobile_number` varchar(10) NOT NULL,
  `authorized_person_address` varchar(255) NOT NULL,
  `authorized_person_email` varchar(255) NOT NULL,
  `same_as_owner` tinyint(1) NOT NULL,
  `city_id` int(11) NOT NULL,
  `partner_id` int(11) NOT NULL,
  PRIMARY KEY (`id`),
  KEY `services_partnerbranch_c7141997` (`city_id`),
  KEY `services_partnerbranch_4e98b6eb` (`partner_id`)
) ENGINE=MyISAM AUTO_INCREMENT=54 DEFAULT CHARSET=latin1;
/*!40101 SET character_set_client = @saved_cs_client */;

--
-- Dumping data for table `services_partnerbranch`
--

LOCK TABLES `services_partnerbranch` WRITE;
/*!40000 ALTER TABLE `services_partnerbranch` DISABLE KEYS */;
INSERT INTO `services_partnerbranch` VALUES (31,'#435, mico layout/btm layout/btm layout/7th main, 7th cross, near bank of taverncare, bangalore.','560076','0000000000','Shiv kumar','M','0000000000','9972439010','#435, mico layout/btm layout/btm layout/7th main, 7th cross, near bank of taverncare, bangalore.','btm@cherryagencies.com',1,1,38),(32,'C/o pethis corner bpcl premises dr.rajkumar road rajajinagar Bangalore','560010','08033054843','Nataraj','M','08023507164','9900023782','C/o pethis corner bpcl premises dr.rajkumar road rajajinagar Bangalore','rnr@cherryagencies.com',0,1,39),(30,'#1 kh road shanthi nagar Bangalore','560027','08041656035','Gopinath','M','08041656035','9741009955','#1khr road shanthi nagar Bangalore','khr@cherryagencies.com',0,1,37),(29,'# 473, East End Main road, Jayanagar, 9th block, Bangalore 560069','560069','08041504556','Rajendra Surana','M','08041504556','9448517921','# 473, East End Main road, Jayanagar, 9th block, Bangalore 560069','konarks.rajendra@gmail.com',1,1,35),(25,'#372/2, ground floor, lokesh building\r\nHogebandi garden, near DLF new town\r\nBegur road, bangalore','560068','08060500605','Utsav shetty','M','08060500605','8884442611','#372/2, ground floor, lokesh building\r\nHogebandi garden, near DLF new town\r\nBegur road , bangalore','utsav.shetty@bestserve.in',0,1,31),(27,'#9/10 surya complex next to airtel office,konappana agrahara electronic city post Bangalore','560100','08033054843','Shivshankar','M','08033054843','9972295683','#9/10 surya complex,next to airtel office,konappana agrahara electronic city post,Bangalore','elc@cherryagencies.com',0,1,33),(28,'#218,double road,next to adigas hotel,near bda complex,Bangalore','560038','08033054843','Basavaraj','M','08033054843','9591003322','#218 double road,next to adigas hotel,near bda complex,Bangalore','inr@cherryagencies.com',0,1,34),(26,'#218,double road next to adigas hotel,near BDA complex Bangalore','560038','08033054843','Basavaraj','M','08033054843','9591003322','#218,double road,next to Adidas hotel,next BDA complex Bangalore','inr@cherryagencies.com',0,1,32),(24,'#6/10, 4th cross, 1st main, Maruthi nagar\r\nMadiwala new extension, Bangalore','560068','08042177775','S.Mohammed','M','08042177775','9916777706','#6/10, 4th cross, 1st main, Maruthi nagar\r\nMadiwala new extension, Bangalore','goodrichpestcontrol@gmail.com',1,1,30),(33,'Motoadda','560038','8722912345','Avinash Rao','M','8722912345','8722912345','No. 52, CMH Road, indira Nagar 2nd stage, bangalore','avinash@dreamersanddoers.com',1,1,40),(34,'No.1579, 11th main, 4th T block, Jayanagar, Bangalore-560041','560941','08042180028','Islamuddin Khan','M','08042180028','9900012483','No.1579, 11th main, 4th T block, Jayanagar, Bangalore-560041','jnr@cherryagencies.com',1,1,41),(35,'No.6, Mookambika Avenue, service road, yeshwantpur','560022','08042137152','Madhu Nagaratna','F','08042137152','9900037081','No.6, Mookambika Avenue, service road, yeshwantpur, bangalore-560022','ypr@cherryagencies.com',1,1,44),(36,'No.6, mookambika avenue, service road, yeshwanthpur','560022','08042137152','Madhu Nagaratna','F','08042137152','9900037081','No.6, mookambika avenue, service road, yeshwanthpur, bangalore-560022','ypr@cherryagencies.com',1,1,45),(37,'#1780, 80 feet road, HSR Layout,\r\nSector-1, 19th Main Road,\r\nBangalore','560102','08068006800','Ravi Kiran','M','08068006800','9945098452','#1780, 80 feet road, HSR Layout,\r\nSector-1, 19th Main Road,\r\nBangalore-560102','info@siliconcabs.in',1,1,46),(38,'No.23, S Kariappa Road, Kanakapura Main Road, Banashankari, ','560078','08026711911','Avinash Sharma','M','08026711911','9972577129','No.23, S Kariappa Road, Kanakapura Main Road, Banashankari, Bangalore','bsk@cherryagencies.com',1,1,47),(39,'#12, 23rd Main, 7th A Cross, J P Nagar, 2nd Phase, opp to R V Dental College, Bangalore - 560078','560078','8197079999','Prakhyat H Shirole','M','8197079999','8197079999','#12, 23rd Main, 7th A Cross, J P Nagar, 2nd Phase, opp to R V Dental College, Bangalore - 560078','director@thebosscarz.com',1,1,48),(40,'No 107, Doddathogur, Bettadasapura Circle, Behind SNN Raj Neeladri Apartments, Begur Hobli, Bangalore','560100','8123443888','Sudarshan H G','M','8123443888','9844824229','No 107, Doddathogur, Bettadasapura Circle, Behind SNN Raj Neeladri Apartments, Begur Hobli, Bangalore','sudarshanexpresscarcare.in@gmail.com',1,1,49),(41,'#12, Patel Narayan Reddy Layout, 80 feet Road, 6th Block, Koramangala, Bengaluru','560095','08041505576','M Usman Khan','M','08041505576','9880786311','#12, Patel Narayan Reddy Layout, 80 feet Road, 6th Block, Koramangala, Bengaluru','usmankhan31199@gmail.com',0,1,50),(42,'#12, Patel Narayan Reddy Layout, 80 feet Road, 6th Block, Koramangala, Bengaluru','560095','08041505576','M Usman Khan','M','08041505576','9880786311','#12, Patel Narayan Reddy Layout, 80 feet Road, 6th Block, Koramangala, Bengaluru','usmankhan31199@gmail.com',0,1,51),(43,'Market Square, No. 12/5, Kaikondrahalli, Varthur Hobli, Sarjapura Road, Bangalore','560037','08040906883','R Narendra','M','08040906883','9945225696','Market Square, No. 12/5, Kaikondrahalli, Varthur Hobli, Sarjapura Road, Bangalore','refreshcarspa@gmail.com',1,1,52),(44,'No.39, 515 Colony, HAL 3rd Stage, New Thippasandra, Bangalore','560075','08025286634','Prabhakar R','M','08025286634','9686190097','No.39, 515 Colony, HAL 3rd Stage, New Thippasandra, Bangalore','imaginepestservices@gmail.com',1,1,53),(45,'#1163, Pandit Jawaharlal Nehru Road, BEML Layout, Beside Kaapikatte, Rajarajeshwari Nagar, Bangalore 560098','560098','08028605757','Abhishek B','M','08028605757','8497858687','#1163, Pandit Jawaharlal Nehru Road, BEML Layout, Beside Kaapikatte, Rajarajeshwari Nagar, Bangalore 560098','rapidcarcare12@gmail.com',1,1,54),(46,'#785, MES Road, Muthyalanagar, Gokula Extension, Bangalore','560013','08023450544','Jijo','M','08023450544','8105525544','#785, MES Road, Muthyalanagar, Gokula Extension, Bangalore','carwashnwipe@gmail.com',0,1,55),(47,'No.4, K R Garden, 8th Block, Koramangala, Bangalore','560095','08040905773','Kishan M','M','08040905773','9008008009','No.4, K R Garden, 8th Block, Koramangala, Bangalore','kishan_ind@yahoo.com',1,1,56),(48,'#64, Opp to Dena Bank, JC Road, Bangalore','560002','08041312147','Basavaraj','M','08041312147','9591003322','#64, Opp to Dena Bank, JC Road, Bangalore','bfh@cherryagencies.com',1,1,57),(49,'No.132/2&132/3, Opp Tyco Electronics, Hoodie Graphite Road, Bangalore','560048','08028543797','Bharat P','M','08028543797','9632181888','No.132/2&132/3, Opp Tyco Electronics, Hoodie Graphite Road, Bangalore-560048','srmotors97@yahoo.co.in',1,1,58),(50,'# 450C Rajiv Gandhi Nagar, NTI 1st Phase, AMCO Layout Main Road, Bangalore, Near Narayana Olympiad School','560092','8553449595','Naveen Kumar','M','8553449595','8553449595','# 450C Rajiv Gandhi Nagar, NTI 1st Phase, AMCO Layout Main Road, Bangalore, Near Narayana Olympiad School','aaryacarspa@gmail.com',1,1,59),(51,'# 74, Vidyaranyapura Tindlu Main Road, Bangalore','560097','8867771666','Arun','M','8867771666','8867771666','#  74, Vidyaranyapura Tindlu Main Road, Bangalore-560097','ultimatebcs@gmail.com',1,1,60),(52,'# 16, 13th A Cross, Thyagaraja Nagar, Basavanagudi, Bangalore','560004','9341234360','Gurudas Shetty','M','9341234360','9341234360','# 16, 13th A Cross, Thyagaraja Nagar, Basavanagudi, Bangalore-560004','minervamotorsone@gmail.com',1,1,61),(53,'# 2, 2nd Cross, Opp SBI, Papareddy Palya, Nagarabhavi 2nd Stage, Bangalore','560072','08023215701','Dinesh','M','08023215701','9448059451','# 2, 2nd Cross, Opp SBI, Papareddy Palya, Nagarabhavi 2nd Stage, Bangalore-560072','rotechbcs@gmail.com',1,1,62);
/*!40000 ALTER TABLE `services_partnerbranch` ENABLE KEYS */;
UNLOCK TABLES;

--
-- Table structure for table `services_paymenttype`
--

DROP TABLE IF EXISTS `services_paymenttype`;
/*!40101 SET @saved_cs_client     = @@character_set_client */;
/*!40101 SET character_set_client = utf8 */;
CREATE TABLE `services_paymenttype` (
  `id` int(11) NOT NULL AUTO_INCREMENT,
  `description` varchar(100) NOT NULL,
  PRIMARY KEY (`id`)
) ENGINE=MyISAM AUTO_INCREMENT=5 DEFAULT CHARSET=latin1;
/*!40101 SET character_set_client = @saved_cs_client */;

--
-- Dumping data for table `services_paymenttype`
--

LOCK TABLES `services_paymenttype` WRITE;
/*!40000 ALTER TABLE `services_paymenttype` DISABLE KEYS */;
INSERT INTO `services_paymenttype` VALUES (1,'Cheque'),(2,'DD'),(3,'Online Transfer'),(4,'Cash');
/*!40000 ALTER TABLE `services_paymenttype` ENABLE KEYS */;
UNLOCK TABLES;

--
-- Table structure for table `services_product`
--

DROP TABLE IF EXISTS `services_product`;
/*!40101 SET @saved_cs_client     = @@character_set_client */;
/*!40101 SET character_set_client = utf8 */;
CREATE TABLE `services_product` (
  `id` int(11) NOT NULL AUTO_INCREMENT,
  `description` varchar(100) NOT NULL,
  `type` int(11) NOT NULL,
  `active` tinyint(1) NOT NULL,
  PRIMARY KEY (`id`)
) ENGINE=MyISAM AUTO_INCREMENT=3 DEFAULT CHARSET=latin1;
/*!40101 SET character_set_client = @saved_cs_client */;

--
-- Dumping data for table `services_product`
--

LOCK TABLES `services_product` WRITE;
/*!40000 ALTER TABLE `services_product` DISABLE KEYS */;
INSERT INTO `services_product` VALUES (1,'Bactakleen',2,1),(2,'Germbuster',1,1);
/*!40000 ALTER TABLE `services_product` ENABLE KEYS */;
UNLOCK TABLES;

--
-- Table structure for table `services_productprice`
--

DROP TABLE IF EXISTS `services_productprice`;
/*!40101 SET @saved_cs_client     = @@character_set_client */;
/*!40101 SET character_set_client = utf8 */;
CREATE TABLE `services_productprice` (
  `id` int(11) NOT NULL AUTO_INCREMENT,
  `base_price` decimal(10,2) NOT NULL,
  `active` tinyint(1) NOT NULL,
  `product_id` int(11) NOT NULL,
  `user_group_id` int(11) DEFAULT NULL,
  PRIMARY KEY (`id`),
  KEY `services_productprice_9bea82de` (`product_id`),
  KEY `services_productprice_5296237d` (`user_group_id`)
) ENGINE=MyISAM AUTO_INCREMENT=6 DEFAULT CHARSET=latin1;
/*!40101 SET character_set_client = @saved_cs_client */;

--
-- Dumping data for table `services_productprice`
--

LOCK TABLES `services_productprice` WRITE;
/*!40000 ALTER TABLE `services_productprice` DISABLE KEYS */;
INSERT INTO `services_productprice` VALUES (1,10.00,0,1,3),(2,8.00,0,1,4),(3,500.00,0,2,3),(4,500.00,1,2,4),(5,19000.00,1,1,3);
/*!40000 ALTER TABLE `services_productprice` ENABLE KEYS */;
UNLOCK TABLES;

--
-- Table structure for table `services_productquantity`
--

DROP TABLE IF EXISTS `services_productquantity`;
/*!40101 SET @saved_cs_client     = @@character_set_client */;
/*!40101 SET character_set_client = utf8 */;
CREATE TABLE `services_productquantity` (
  `id` int(11) NOT NULL AUTO_INCREMENT,
  `quantity` int(11) NOT NULL,
  `gross_amount` decimal(30,2) NOT NULL,
  `amount` decimal(10,2) NOT NULL,
  `service_tax` decimal(30,2) NOT NULL,
  `vat` decimal(30,2) NOT NULL,
  `service_tax_percentage` decimal(4,2) NOT NULL,
  `vat_percentage` decimal(4,2) NOT NULL,
  `base_price` decimal(10,2) NOT NULL,
  `booking_id` int(11) NOT NULL,
  `product_id` int(11) NOT NULL,
  PRIMARY KEY (`id`),
  KEY `services_productquantity_b0060af7` (`booking_id`),
  KEY `services_productquantity_9bea82de` (`product_id`)
) ENGINE=MyISAM AUTO_INCREMENT=25 DEFAULT CHARSET=latin1;
/*!40101 SET character_set_client = @saved_cs_client */;

--
-- Dumping data for table `services_productquantity`
--

LOCK TABLES `services_productquantity` WRITE;
/*!40000 ALTER TABLE `services_productquantity` DISABLE KEYS */;
/*!40000 ALTER TABLE `services_productquantity` ENABLE KEYS */;
UNLOCK TABLES;

--
-- Table structure for table `services_productquantityunitdisplay`
--

DROP TABLE IF EXISTS `services_productquantityunitdisplay`;
/*!40101 SET @saved_cs_client     = @@character_set_client */;
/*!40101 SET character_set_client = utf8 */;
CREATE TABLE `services_productquantityunitdisplay` (
  `id` int(11) NOT NULL AUTO_INCREMENT,
  `unit` int(11) NOT NULL,
  `product_id` int(11) NOT NULL,
  PRIMARY KEY (`id`),
  KEY `services_productquantityunitdisplay_9bea82de` (`product_id`)
) ENGINE=MyISAM DEFAULT CHARSET=latin1;
/*!40101 SET character_set_client = @saved_cs_client */;

--
-- Dumping data for table `services_productquantityunitdisplay`
--

LOCK TABLES `services_productquantityunitdisplay` WRITE;
/*!40000 ALTER TABLE `services_productquantityunitdisplay` DISABLE KEYS */;
/*!40000 ALTER TABLE `services_productquantityunitdisplay` ENABLE KEYS */;
UNLOCK TABLES;

--
-- Table structure for table `services_productsegmentprice`
--

DROP TABLE IF EXISTS `services_productsegmentprice`;
/*!40101 SET @saved_cs_client     = @@character_set_client */;
/*!40101 SET character_set_client = utf8 */;
CREATE TABLE `services_productsegmentprice` (
  `id` int(11) NOT NULL AUTO_INCREMENT,
  `vehicle_category` int(11) DEFAULT NULL,
  `base_price` decimal(10,2) NOT NULL,
  `active` tinyint(1) NOT NULL,
  `product_id` int(11) NOT NULL,
  `segment_id` int(11) DEFAULT NULL,
  PRIMARY KEY (`id`),
  KEY `services_productsegmentprice_9bea82de` (`product_id`),
  KEY `services_productsegmentprice_3e8e3332` (`segment_id`)
) ENGINE=MyISAM AUTO_INCREMENT=11 DEFAULT CHARSET=latin1;
/*!40101 SET character_set_client = @saved_cs_client */;

--
-- Dumping data for table `services_productsegmentprice`
--

LOCK TABLES `services_productsegmentprice` WRITE;
/*!40000 ALTER TABLE `services_productsegmentprice` DISABLE KEYS */;
INSERT INTO `services_productsegmentprice` VALUES (1,NULL,1200.00,1,1,1),(2,NULL,1200.00,1,1,2),(3,NULL,1200.00,1,1,3),(4,NULL,1200.00,1,1,4),(5,1,800.00,1,1,5),(6,2,800.00,1,1,5),(7,3,800.00,1,1,5),(8,4,1600.00,1,1,5),(9,5,2000.00,1,1,5),(10,NULL,500.00,1,2,NULL);
/*!40000 ALTER TABLE `services_productsegmentprice` ENABLE KEYS */;
UNLOCK TABLES;

--
-- Table structure for table `services_state`
--

DROP TABLE IF EXISTS `services_state`;
/*!40101 SET @saved_cs_client     = @@character_set_client */;
/*!40101 SET character_set_client = utf8 */;
CREATE TABLE `services_state` (
  `id` int(11) NOT NULL AUTO_INCREMENT,
  `name` varchar(255) NOT NULL,
  PRIMARY KEY (`id`)
) ENGINE=MyISAM AUTO_INCREMENT=2 DEFAULT CHARSET=latin1;
/*!40101 SET character_set_client = @saved_cs_client */;

--
-- Dumping data for table `services_state`
--

LOCK TABLES `services_state` WRITE;
/*!40000 ALTER TABLE `services_state` DISABLE KEYS */;
INSERT INTO `services_state` VALUES (1,'Karnataka');
/*!40000 ALTER TABLE `services_state` ENABLE KEYS */;
UNLOCK TABLES;

--
-- Table structure for table `services_statusreason`
--

DROP TABLE IF EXISTS `services_statusreason`;
/*!40101 SET @saved_cs_client     = @@character_set_client */;
/*!40101 SET character_set_client = utf8 */;
CREATE TABLE `services_statusreason` (
  `id` int(11) NOT NULL AUTO_INCREMENT,
  `description` varchar(100) NOT NULL,
  `status_id` int(11) NOT NULL,
  PRIMARY KEY (`id`),
  KEY `services_statusreason_dc91ed4b` (`status_id`)
) ENGINE=MyISAM AUTO_INCREMENT=10 DEFAULT CHARSET=latin1;
/*!40101 SET character_set_client = @saved_cs_client */;

--
-- Dumping data for table `services_statusreason`
--

LOCK TABLES `services_statusreason` WRITE;
/*!40000 ALTER TABLE `services_statusreason` DISABLE KEYS */;
INSERT INTO `services_statusreason` VALUES (1,'In Progress',1),(2,'Not interested',2),(3,'Cannot afford',2),(4,'Profit too low',2),(5,'Less clients',2),(6,'No manpower',2),(7,'On Board',3),(8,'Next appointment date',4),(9,'Require more details',4);
/*!40000 ALTER TABLE `services_statusreason` ENABLE KEYS */;
UNLOCK TABLES;

--
-- Table structure for table `services_tax`
--

DROP TABLE IF EXISTS `services_tax`;
/*!40101 SET @saved_cs_client     = @@character_set_client */;
/*!40101 SET character_set_client = utf8 */;
CREATE TABLE `services_tax` (
  `id` int(11) NOT NULL AUTO_INCREMENT,
  `service_tax_percentage` decimal(4,2) NOT NULL,
  `vat_percentage` decimal(4,2) NOT NULL,
  `active` tinyint(1) NOT NULL,
  `end_date` date NOT NULL,
  `product_id` int(11) NOT NULL,
  PRIMARY KEY (`id`),
  KEY `services_tax_9bea82de` (`product_id`)
) ENGINE=MyISAM AUTO_INCREMENT=3 DEFAULT CHARSET=latin1;
/*!40101 SET character_set_client = @saved_cs_client */;

--
-- Dumping data for table `services_tax`
--

LOCK TABLES `services_tax` WRITE;
/*!40000 ALTER TABLE `services_tax` DISABLE KEYS */;
INSERT INTO `services_tax` VALUES (1,0.00,4.00,1,'2016-03-21',1),(2,0.00,4.00,1,'2016-03-21',2);
/*!40000 ALTER TABLE `services_tax` ENABLE KEYS */;
UNLOCK TABLES;
/*!40103 SET TIME_ZONE=@OLD_TIME_ZONE */;

/*!40101 SET SQL_MODE=@OLD_SQL_MODE */;
/*!40014 SET FOREIGN_KEY_CHECKS=@OLD_FOREIGN_KEY_CHECKS */;
/*!40014 SET UNIQUE_CHECKS=@OLD_UNIQUE_CHECKS */;
/*!40101 SET CHARACTER_SET_CLIENT=@OLD_CHARACTER_SET_CLIENT */;
/*!40101 SET CHARACTER_SET_RESULTS=@OLD_CHARACTER_SET_RESULTS */;
/*!40101 SET COLLATION_CONNECTION=@OLD_COLLATION_CONNECTION */;
/*!40111 SET SQL_NOTES=@OLD_SQL_NOTES */;

-- Dump completed on 2017-06-20  8:12:20
