-- MySQL dump 10.16  Distrib 10.1.31-MariaDB, for debian-linux-gnu (x86_64)
--
-- Host: 207.174.214.239    Database: wellnyg7_wellnet_services
-- ------------------------------------------------------
-- Server version	5.6.29-76.2-log

/*!40101 SET @OLD_CHARACTER_SET_CLIENT=@@CHARACTER_SET_CLIENT */;
/*!40101 SET @OLD_CHARACTER_SET_RESULTS=@@CHARACTER_SET_RESULTS */;
/*!40101 SET @OLD_COLLATION_CONNECTION=@@COLLATION_CONNECTION */;
/*!40101 SET NAMES utf8 */;
/*!40103 SET @OLD_TIME_ZONE=@@TIME_ZONE */;
/*!40103 SET TIME_ZONE='+00:00' */;
/*!40014 SET @OLD_UNIQUE_CHECKS=@@UNIQUE_CHECKS, UNIQUE_CHECKS=0 */;
/*!40014 SET @OLD_FOREIGN_KEY_CHECKS=@@FOREIGN_KEY_CHECKS, FOREIGN_KEY_CHECKS=0 */;
/*!40101 SET @OLD_SQL_MODE=@@SQL_MODE, SQL_MODE='NO_AUTO_VALUE_ON_ZERO' */;
/*!40111 SET @OLD_SQL_NOTES=@@SQL_NOTES, SQL_NOTES=0 */;

--
-- Table structure for table `auth_group`
--

DROP TABLE IF EXISTS `auth_group`;
/*!40101 SET @saved_cs_client     = @@character_set_client */;
/*!40101 SET character_set_client = utf8 */;
CREATE TABLE `auth_group` (
  `id` int(11) NOT NULL AUTO_INCREMENT,
  `name` varchar(80) NOT NULL,
  PRIMARY KEY (`id`),
  UNIQUE KEY `name` (`name`)
) ENGINE=MyISAM AUTO_INCREMENT=5 DEFAULT CHARSET=latin1;
/*!40101 SET character_set_client = @saved_cs_client */;

--
-- Dumping data for table `auth_group`
--

LOCK TABLES `auth_group` WRITE;
/*!40000 ALTER TABLE `auth_group` DISABLE KEYS */;
INSERT INTO `auth_group` VALUES (1,'SuperAdmin'),(2,'EmployeeGroup'),(3,'ChannelPartnerGroup'),(4,'SubDealer');
/*!40000 ALTER TABLE `auth_group` ENABLE KEYS */;
UNLOCK TABLES;

--
-- Table structure for table `auth_group_permissions`
--

DROP TABLE IF EXISTS `auth_group_permissions`;
/*!40101 SET @saved_cs_client     = @@character_set_client */;
/*!40101 SET character_set_client = utf8 */;
CREATE TABLE `auth_group_permissions` (
  `id` int(11) NOT NULL AUTO_INCREMENT,
  `group_id` int(11) NOT NULL,
  `permission_id` int(11) NOT NULL,
  PRIMARY KEY (`id`),
  UNIQUE KEY `group_id` (`group_id`,`permission_id`),
  KEY `auth_group_permissions_0e939a4f` (`group_id`),
  KEY `auth_group_permissions_8373b171` (`permission_id`)
) ENGINE=MyISAM AUTO_INCREMENT=587 DEFAULT CHARSET=latin1;
/*!40101 SET character_set_client = @saved_cs_client */;

--
-- Dumping data for table `auth_group_permissions`
--

LOCK TABLES `auth_group_permissions` WRITE;
/*!40000 ALTER TABLE `auth_group_permissions` DISABLE KEYS */;
INSERT INTO `auth_group_permissions` VALUES (1,3,64),(2,3,65),(3,3,82),(4,3,83),(5,3,52),(6,3,53),(7,3,86),(8,3,88),(9,3,89),(10,3,85),(586,1,127),(585,1,125),(584,1,124),(583,1,122),(315,2,101),(314,2,125),(301,2,40),(297,2,100),(298,2,37),(296,2,65),(303,2,128),(304,2,43),(305,2,44),(299,2,38),(308,2,83),(309,2,89),(295,2,64),(31,4,64),(32,4,65),(33,4,34),(34,4,35),(35,4,37),(36,4,38),(37,4,40),(38,4,41),(39,4,43),(40,4,44),(41,4,82),(42,4,83),(43,4,52),(44,4,53),(45,4,86),(46,4,88),(47,4,89),(48,4,85),(582,1,121),(581,1,119),(580,1,118),(579,1,105),(578,1,104),(577,1,103),(576,1,101),(575,1,100),(574,1,92),(573,1,91),(572,1,89),(571,1,86),(570,1,84),(569,1,83),(568,1,82),(567,1,77),(566,1,76),(565,1,74),(564,1,73),(563,1,71),(562,1,70),(561,1,65),(560,1,64),(559,1,53),(558,1,52),(557,1,50),(556,1,49),(555,1,44),(554,1,43),(553,1,41),(552,1,40),(551,1,39),(550,1,38),(549,1,37),(548,1,35),(547,1,34),(546,1,23),(545,1,22),(544,1,20),(543,1,19),(542,1,128),(310,2,121),(311,2,122),(300,2,103),(312,2,127),(313,2,124),(302,2,41),(306,2,104),(307,2,82);
/*!40000 ALTER TABLE `auth_group_permissions` ENABLE KEYS */;
UNLOCK TABLES;

--
-- Table structure for table `auth_permission`
--

DROP TABLE IF EXISTS `auth_permission`;
/*!40101 SET @saved_cs_client     = @@character_set_client */;
/*!40101 SET character_set_client = utf8 */;
CREATE TABLE `auth_permission` (
  `id` int(11) NOT NULL AUTO_INCREMENT,
  `name` varchar(255) DEFAULT NULL,
  `content_type_id` int(11) NOT NULL,
  `codename` varchar(100) NOT NULL,
  PRIMARY KEY (`id`),
  UNIQUE KEY `content_type_id` (`content_type_id`,`codename`),
  KEY `auth_permission_417f1b1c` (`content_type_id`)
) ENGINE=MyISAM AUTO_INCREMENT=130 DEFAULT CHARSET=latin1;
/*!40101 SET character_set_client = @saved_cs_client */;

--
-- Dumping data for table `auth_permission`
--

LOCK TABLES `auth_permission` WRITE;
/*!40000 ALTER TABLE `auth_permission` DISABLE KEYS */;
INSERT INTO `auth_permission` VALUES (1,'Can add log entry',1,'add_logentry'),(2,'Can change log entry',1,'change_logentry'),(3,'Can delete log entry',1,'delete_logentry'),(4,'Can add permission',2,'add_permission'),(5,'Can change permission',2,'change_permission'),(6,'Can delete permission',2,'delete_permission'),(7,'Can add group',3,'add_group'),(8,'Can change group',3,'change_group'),(9,'Can delete group',3,'delete_group'),(10,'Can add content type',4,'add_contenttype'),(11,'Can change content type',4,'change_contenttype'),(12,'Can delete content type',4,'delete_contenttype'),(13,'Can add session',5,'add_session'),(14,'Can change session',5,'change_session'),(15,'Can delete session',5,'delete_session'),(16,'Can add more info',6,'add_moreinfo'),(17,'Can change more info',6,'change_moreinfo'),(18,'Can delete more info',6,'delete_moreinfo'),(19,'Can add state',7,'add_state'),(20,'Can change state',7,'change_state'),(21,'Can delete state',7,'delete_state'),(22,'Can add city',8,'add_city'),(23,'Can change city',8,'change_city'),(24,'Can delete city',8,'delete_city'),(25,'Can add Partner Segment',9,'add_channelpartnersegment'),(26,'Can change Partner Segment',9,'change_channelpartnersegment'),(27,'Can delete Partner Segment',9,'delete_channelpartnersegment'),(28,'Can add customer category',10,'add_customercategory'),(29,'Can change customer category',10,'change_customercategory'),(30,'Can delete customer category',10,'delete_customercategory'),(31,'Can add user',11,'add_baseuser'),(32,'Can change user',11,'change_baseuser'),(33,'Can delete user',11,'delete_baseuser'),(34,'Can add Employee',12,'add_employee'),(35,'Can change Employee',12,'change_employee'),(36,'Can delete Employee',12,'delete_employee'),(37,'Can add Branch',13,'add_partnerbranch'),(38,'Can change Branch',13,'change_partnerbranch'),(39,'Can delete Branch',13,'delete_partnerbranch'),(40,'Can add Owner',14,'add_partnerasowner'),(41,'Can change Owner',14,'change_partnerasowner'),(42,'Can delete Owner',14,'delete_partnerasowner'),(43,'Can add Partner',15,'add_channelpartner'),(44,'Can change Partner',15,'change_channelpartner'),(45,'Can delete Partner',15,'delete_channelpartner'),(46,'Can add machine',16,'add_machine'),(47,'Can change machine',16,'change_machine'),(48,'Can delete machine',16,'delete_machine'),(49,'Can add inventory invoice',17,'add_inventoryinvoice'),(50,'Can change inventory invoice',17,'change_inventoryinvoice'),(51,'Can delete inventory invoice',17,'delete_inventoryinvoice'),(52,'Can add customer',18,'add_customer'),(53,'Can change customer',18,'change_customer'),(54,'Can delete customer',18,'delete_customer'),(55,'Can add Lead Status',19,'add_leadstatus'),(56,'Can change Lead Status',19,'change_leadstatus'),(57,'Can delete Lead Status',19,'delete_leadstatus'),(58,'Can add Status Reason',20,'add_statusreason'),(59,'Can change Status Reason',20,'change_statusreason'),(60,'Can delete Status Reason',20,'delete_statusreason'),(61,'Can add lead',21,'add_lead'),(62,'Can change lead',21,'change_lead'),(63,'Can delete lead',21,'delete_lead'),(64,'Can add booking',22,'add_booking'),(65,'Can change booking',22,'change_booking'),(66,'Can delete booking',22,'delete_booking'),(67,'Can add payment type',23,'add_paymenttype'),(68,'Can change payment type',23,'change_paymenttype'),(69,'Can delete payment type',23,'delete_paymenttype'),(70,'Can add product',24,'add_product'),(71,'Can change product',24,'change_product'),(72,'Can delete product',24,'delete_product'),(73,'Can add Customer Product Price',25,'add_productsegmentprice'),(74,'Can change Customer Product Price',25,'change_productsegmentprice'),(75,'Can delete Customer Product Price',25,'delete_productsegmentprice'),(76,'Can add Partner Product Price',26,'add_productprice'),(77,'Can change Partner Product Price',26,'change_productprice'),(78,'Can delete Partner Product Price',26,'delete_productprice'),(79,'Can add product quantity unit display',27,'add_productquantityunitdisplay'),(80,'Can change product quantity unit display',27,'change_productquantityunitdisplay'),(81,'Can delete product quantity unit display',27,'delete_productquantityunitdisplay'),(82,'Can add Partner Product',28,'add_productquantity'),(83,'Can change Partner Product',28,'change_productquantity'),(84,'Can delete Partner Product',28,'delete_productquantity'),(85,'Can add customer invoice',29,'add_customerinvoice'),(86,'Can change customer invoice',29,'change_customerinvoice'),(87,'Can delete customer invoice',29,'delete_customerinvoice'),(88,'Can add Customer Product',30,'add_customerproductquantity'),(89,'Can change Customer Product',30,'change_customerproductquantity'),(90,'Can delete Customer Product',30,'delete_customerproductquantity'),(91,'Can add Tax',31,'add_tax'),(92,'Can change Tax',31,'change_tax'),(93,'Can delete Tax',31,'delete_tax'),(94,'Can add site',32,'add_site'),(95,'Can change site',32,'change_site'),(96,'Can delete site',32,'delete_site'),(97,'Can add cron job log',33,'add_cronjoblog'),(98,'Can change cron job log',33,'change_cronjoblog'),(99,'Can delete cron job log',33,'delete_cronjoblog'),(100,'Can add Pro-Forma Invoice',34,'add_proformabooking'),(101,'Can change Pro-Forma Invoice',34,'change_proformabooking'),(102,'Can delete Pro-Forma Invoice',34,'delete_proformabooking'),(103,'Can add ProForm Partner Product',35,'add_proformaproductquantity'),(104,'Can change ProForm Partner Product',35,'change_proformaproductquantity'),(105,'Can delete ProForm Partner Product',35,'delete_proformaproductquantity'),(106,'Can add BookingService',36,'add_bookingservice'),(107,'Can change BookingService',36,'change_bookingservice'),(108,'Can delete BookingService',36,'delete_bookingservice'),(109,'Can add Dealer',37,'add_dealers'),(110,'Can change Dealer',37,'change_dealers'),(111,'Can delete Dealer',37,'delete_dealers'),(112,'Can add DealersType',38,'add_dealerstype'),(113,'Can change DealersType',38,'change_dealerstype'),(114,'Can delete DealersType',38,'delete_dealerstype'),(115,'Can add Supplier',39,'add_suppliermanagement'),(116,'Can change Supplier',39,'change_suppliermanagement'),(117,'Can delete Supplier',39,'delete_suppliermanagement'),(118,'Can add Inventory',40,'add_inventorymanagement'),(119,'Can change Inventory',40,'change_inventorymanagement'),(120,'Can delete Inventory',40,'delete_inventorymanagement'),(121,'Can add Report',41,'add_reports'),(122,'Can change Report',41,'change_reports'),(123,'Can delete Report',41,'delete_reports'),(124,'Can add Field Employees Activity Report',42,'add_fieldemployeesactivityreport'),(125,'Can change Field Employees Activity Report',42,'change_fieldemployeesactivityreport'),(126,'Can delete Field Employees Activity Report',42,'delete_fieldemployeesactivityreport'),(127,'Can add Export Xls Report',43,'add_exportxls'),(128,'Can change Export Xls Report',43,'change_exportxls'),(129,'Can delete Export Xls Report',43,'delete_exportxls');
/*!40000 ALTER TABLE `auth_permission` ENABLE KEYS */;
UNLOCK TABLES;

--
-- Table structure for table `django_admin_log`
--

DROP TABLE IF EXISTS `django_admin_log`;
/*!40101 SET @saved_cs_client     = @@character_set_client */;
/*!40101 SET character_set_client = utf8 */;
CREATE TABLE `django_admin_log` (
  `id` int(11) NOT NULL AUTO_INCREMENT,
  `action_time` datetime(6) NOT NULL,
  `object_id` longtext,
  `object_repr` varchar(200) NOT NULL,
  `action_flag` smallint(5) unsigned NOT NULL,
  `change_message` longtext NOT NULL,
  `content_type_id` int(11) DEFAULT NULL,
  `user_id` int(11) NOT NULL,
  PRIMARY KEY (`id`),
  KEY `django_admin_log_417f1b1c` (`content_type_id`),
  KEY `django_admin_log_e8701ad4` (`user_id`)
) ENGINE=MyISAM AUTO_INCREMENT=2184 DEFAULT CHARSET=latin1;
/*!40101 SET character_set_client = @saved_cs_client */;

--
-- Dumping data for table `django_admin_log`
--

LOCK TABLES `django_admin_log` WRITE;
/*!40000 ALTER TABLE `django_admin_log` DISABLE KEYS */;
INSERT INTO `django_admin_log` VALUES (1,'2016-04-14 18:58:03.276787','3','ChannelPartnerGroup',2,'Changed permissions.',3,1),(2,'2016-04-14 18:59:56.421143','2','EmployeeGroup',2,'Changed permissions.',3,1),(3,'2016-04-14 19:01:49.308589','4','SubDealer',2,'Changed permissions.',3,1),(4,'2016-04-14 19:03:54.249000','1','SuperAdmin',2,'Changed permissions.',3,1),(5,'2016-04-15 10:10:54.320846','2','sridhar',1,'',12,1),(6,'2016-04-18 09:41:33.722785','3','Hitesh',1,'',12,2),(7,'2016-04-18 09:42:00.652113','3','Hitesh',2,'Changed hire_date.',12,2),(8,'2016-04-18 09:49:12.687010','4','Shailendra',1,'',12,2),(9,'2016-04-18 10:51:39.293744','3','Hitesh',2,'Changed hire_date and is_staff.',12,2),(10,'2016-04-18 10:52:24.502707','4','Shailendra',2,'Changed hire_date and is_staff.',12,2),(11,'2016-04-18 11:24:47.037806','1','Abcd, Xxx ltd',1,'',21,3),(12,'2016-04-18 11:33:10.164494','2','Srifhar, As a enterprise',1,'',21,3),(13,'2016-04-18 12:34:23.844994','5','Shyam',1,'',15,3),(14,'2016-04-18 12:34:57.371903','2','Srifhar, As a enterprise',2,'Changed status, reason, comments and channelpartner.',21,3),(15,'2016-04-18 12:58:50.364251','1','Shyam A, 7676996617',1,'',18,3),(16,'2016-04-18 12:59:27.693347','1','Shyam A, 7676996617',2,'No fields changed.',18,3),(17,'2016-04-18 12:59:32.216578','1','Shyam A, 7676996617',2,'No fields changed.',18,3),(18,'2016-04-18 12:59:55.607796','1','Shyam A, 7676996617',2,'No fields changed.',18,3),(19,'2016-04-18 13:01:37.084986','1','Shyam A, 7676996617',2,'No fields changed.',18,3),(20,'2016-04-18 13:06:46.077352','6','suresh',1,'',12,2),(21,'2016-04-18 13:21:16.450014','2','Sridhar Prasad, 9900544331',1,'',18,3),(22,'2016-04-18 13:22:52.144240','2','Sridhar Prasad, 9900544331',2,'No fields changed.',18,3),(23,'2016-04-18 13:22:55.272112','2','Sridhar Prasad, 9900544331',2,'No fields changed.',18,3),(174,'2016-04-28 04:08:42.767782','5','Idiot, Idiotic services',3,'',21,1),(173,'2016-04-28 04:08:41.678609','6','Stupid, Sup stupid networks',3,'',21,1),(171,'2016-04-28 04:08:39.498661','13','Hitha, Hitha enterprises',3,'',21,1),(172,'2016-04-28 04:08:40.588621','8','Hiiii, Hello services',3,'',21,1),(170,'2016-04-28 04:08:38.409906','15','Razaq, Allah services',3,'',21,1),(169,'2016-04-28 04:08:37.320347','16','Razaq, Allah services',3,'',21,1),(29,'2016-04-20 06:44:17.118838','7','Dhanu',1,'',15,3),(30,'2016-04-20 06:44:42.784188','3','Dhanu, Dan ltd',1,'',21,3),(31,'2016-04-21 10:31:03.843774','8','Rakeshwari@gmail.com',1,'',15,4),(32,'2016-04-21 10:31:22.752243','4','Rakeshwari, Rakeshwari distribution',1,'',21,4),(33,'2016-04-21 10:42:39.608478','5','Idiot, Idiotic services',1,'',21,4),(34,'2016-04-21 10:52:04.451811','6','Stupid, Sup stupid networks',1,'',21,4),(35,'2016-04-21 10:52:44.351801','9','Snap',1,'',15,3),(36,'2016-04-21 10:53:00.632418','7','Snap, Snapfitness',1,'',21,3),(37,'2016-04-21 10:54:29.515807','7','Snap, Snapfitness',2,'Changed status, reason, next_appointment and comments.',21,3),(38,'2016-04-21 10:55:36.397483','2','Srifhar, As a enterprise',2,'Changed status, reason and comments.',21,3),(39,'2016-04-21 10:55:54.741623','8','Hiiii, Hello services',1,'',21,4),(40,'2016-04-21 11:03:19.290574','5','Booking#5, shailendra@wellnetservices.com, 2016-04-21 11:03:06.177376+00:00',1,'',22,4),(41,'2016-04-21 11:04:10.883113','10','Me',1,'',15,3),(42,'2016-04-21 11:04:41.630624','1','Booking#1, hiteshwellnet@gmail.com, 2016-04-21 11:04:34.067275+00:00',2,'Changed cheque_dd_date, transfer_date, realisation_date, gross_amount, service_tax, vat, amount, createdFor and send_receipt. Changed quantity and gross_amount for Partner Product \"Partner Product\".',22,3),(186,'2016-04-30 10:29:36.869795','27','Car design, Car design',1,'',21,4),(44,'2016-04-22 03:56:50.341743','9','Rakesh, Rakesh ac services',1,'',21,4),(168,'2016-04-28 04:07:47.689807','1','Shyam A, 7676996617',3,'',18,1),(47,'2016-04-22 04:11:01.717174','11','Suryawell',1,'',15,4),(48,'2016-04-22 04:12:42.757757','10','Surya, Surya exports and imports',1,'',21,4),(166,'2016-04-28 04:07:45.624572','3','Sridhar A, 7676996617',3,'',18,1),(167,'2016-04-28 04:07:46.657378','2','Sridhar Prasad, 9900544331',3,'',18,1),(165,'2016-04-28 04:07:44.592572','4','Sundar G, 9036370004',3,'',18,1),(163,'2016-04-28 04:07:42.527255','6','chandru b, 9036370004',3,'',18,1),(164,'2016-04-28 04:07:43.559514','5','chandru b, 0903637000',3,'',18,1),(53,'2016-04-22 04:27:17.767809','12','Nanu4',1,'',15,4),(54,'2016-04-22 04:31:45.018348','11','Nanu, Nanu car services',1,'',21,4),(55,'2016-04-22 04:48:53.773332','13','Shailu',1,'',15,4),(56,'2016-04-22 04:50:26.292630','12','Shailu, Bhama transports',1,'',21,4),(57,'2016-04-22 05:05:46.987340','14','Pandu',1,'',15,3),(58,'2016-04-22 05:07:36.931168','13','Hitha, Hitha enterprises',1,'',21,4),(59,'2016-04-22 05:33:39.068753','14','Pandu, Colourful creations',1,'',21,3),(60,'2016-04-22 05:39:15.547210','15','Razaq, Allah services',1,'',21,4),(61,'2016-04-22 05:39:23.192026','16','Razaq, Allah services',1,'',21,4),(161,'2016-04-28 04:07:40.459882','8','Hitu B, 9036370004',3,'',18,1),(162,'2016-04-28 04:07:41.493612','7','bala a, 9036370004',3,'',18,1),(159,'2016-04-28 04:07:38.395164','10','Ammu H, 9036370004',3,'',18,1),(160,'2016-04-28 04:07:39.427669','9','Nanu Ninu, 9482831666',3,'',18,1),(157,'2016-04-28 04:07:36.328414','12','Undya Ella, 9482831666',3,'',18,1),(158,'2016-04-28 04:07:37.360986','11','Lendra A, 9482831666',3,'',18,1),(156,'2016-04-28 04:07:35.295567','13','Gfnhg Bcnc, 9482831666',3,'',18,1),(155,'2016-04-28 04:07:34.262878','14','Kiran G, 9036370004',3,'',18,1),(154,'2016-04-28 04:07:33.230363','15','Indra Dev, 9482831666',3,'',18,1),(151,'2016-04-28 04:07:30.131400','18','Shridhar Prasad, 9900544331',3,'',18,1),(152,'2016-04-28 04:07:31.165178','17','sridhar prasad, 9900544331',3,'',18,1),(153,'2016-04-28 04:07:32.198181','16','life long, 9036370004',3,'',18,1),(75,'2016-04-22 09:01:06.045655','15','Chandu',1,'',15,3),(76,'2016-04-22 09:04:10.030555','16','Raghu',1,'',15,4),(189,'2016-05-03 09:04:56.980794','7','Bactakleen',2,'Changed base_price.',25,2),(79,'2016-04-22 09:24:14.350144','17','Prasad',1,'',15,4),(176,'2016-04-28 12:17:05.918395','17','Vijay simha, Slnp pitstop',1,'',21,4),(175,'2016-04-28 04:08:43.856722','1','Abcd, Xxx ltd',3,'',21,1),(140,'2016-04-28 04:05:42.480531','13','Shailu',3,'',15,1),(141,'2016-04-28 04:05:43.545354','5','Shyam',3,'',15,1),(142,'2016-04-28 04:05:44.610009','9','Snap',3,'',15,1),(143,'2016-04-28 04:05:45.674963','11','Suryawell',3,'',15,1),(144,'2016-04-28 04:05:46.740808','22','Vatsa',3,'',15,1),(145,'2016-04-28 04:05:47.806512','21','Venki',3,'',15,1),(86,'2016-04-22 10:12:30.502834','18','Indra',1,'',15,4),(185,'2016-04-30 10:25:42.158637','26','Mohammed baig, Happy wheels',1,'',21,4),(182,'2016-04-29 13:20:42.633113','23','Car styles, Car styles',1,'',21,3),(183,'2016-04-30 10:12:41.706257','24','Sahara, Sahara cars planet',1,'',21,4),(184,'2016-04-30 10:21:33.737385','25','Zoom, Zoom car dealers',1,'',21,4),(139,'2016-04-28 04:04:41.342769','8','Rakeshwari@gmail.com',3,'',15,1),(138,'2016-04-28 04:04:40.309801','16','Raghu',3,'',15,1),(137,'2016-04-28 04:04:39.276858','17','Prasad',3,'',15,1),(95,'2016-04-23 09:25:04.871426','19','demoforkpartner',1,'',15,1),(181,'2016-04-29 13:17:21.792301','22','Tanveer, Bharath auto accessories',1,'',21,3),(177,'2016-04-28 12:21:32.468297','18','Car city, Car city',1,'',21,4),(178,'2016-04-28 12:26:05.737060','19','Friends auto spares, Friends auto spares',1,'',21,4),(179,'2016-04-29 13:09:25.058186','20','Basavaraju.M, Car designers',1,'',21,3),(180,'2016-04-29 13:13:56.832677','21','Amar jain, Smart kars',1,'',21,3),(100,'2016-04-23 12:30:49.899567','19','demoforkpartner',3,'',15,1),(187,'2016-05-03 09:03:18.938020','9','Bactakleen',2,'Changed base_price.',25,2),(188,'2016-05-03 09:04:11.894559','8','Bactakleen',2,'Changed base_price.',25,2),(105,'2016-04-26 07:08:22.097303','20','demoforkpartner',1,'',15,1),(136,'2016-04-28 04:04:38.242029','14','Pandu',3,'',15,1),(135,'2016-04-28 04:04:37.209206','12','Nanu4',3,'',15,1),(108,'2016-04-27 03:42:44.738563','21','Venki',1,'',15,4),(109,'2016-04-27 03:44:55.946706','22','Vatsa',1,'',15,3),(150,'2016-04-28 04:07:29.099417','19','Shankara Reddy, 9620412304',3,'',18,1),(149,'2016-04-28 04:07:28.066853','20','Krishna manohar IAS, 9001230123',3,'',18,1),(148,'2016-04-28 04:07:27.034078','21','Krishna S, 9036370004',3,'',18,1),(147,'2016-04-28 04:07:26.000454','22','Shivu Anand, 9482831666',3,'',18,1),(146,'2016-04-28 04:07:24.968869','23','Hitu V, 9036370004',3,'',18,1),(117,'2016-04-28 04:01:11.396716','15','Chandu',3,'',15,1),(118,'2016-04-28 04:01:12.402302','20','demoforkpartner',3,'',15,1),(119,'2016-04-28 04:01:13.407555','7','Dhanu',3,'',15,1),(120,'2016-04-28 04:01:14.416997','18','Indra',3,'',15,1),(121,'2016-04-28 04:01:15.421221','10','Me',3,'',15,1),(122,'2016-04-28 04:01:16.428261','12','Nanu4',3,'',15,1),(123,'2016-04-28 04:02:34.624932','15','Chandu',3,'',15,1),(124,'2016-04-28 04:02:35.650243','20','demoforkpartner',3,'',15,1),(125,'2016-04-28 04:02:36.675894','7','Dhanu',3,'',15,1),(126,'2016-04-28 04:02:37.701088','18','Indra',3,'',15,1),(127,'2016-04-28 04:02:38.726113','10','Me',3,'',15,1),(128,'2016-04-28 04:02:39.751480','12','Nanu4',3,'',15,1),(129,'2016-04-28 04:02:40.777528','14','Pandu',3,'',15,1),(130,'2016-04-28 04:03:33.094514','15','Chandu',3,'',15,1),(131,'2016-04-28 04:03:34.160221','20','demoforkpartner',3,'',15,1),(132,'2016-04-28 04:03:35.225230','7','Dhanu',3,'',15,1),(133,'2016-04-28 04:03:36.290425','18','Indra',3,'',15,1),(134,'2016-04-28 04:03:37.354811','10','Me',3,'',15,1),(190,'2016-05-03 09:05:42.041688','6','Bactakleen',2,'Changed base_price.',25,2),(191,'2016-05-03 09:06:23.603196','5','Bactakleen',2,'Changed base_price.',25,2),(192,'2016-05-03 09:07:07.053664','4','Bactakleen',2,'Changed base_price.',25,2),(193,'2016-05-03 09:07:42.540150','3','Bactakleen',2,'Changed base_price.',25,2),(194,'2016-05-03 09:08:19.097223','2','Bactakleen',2,'Changed base_price.',25,2),(195,'2016-05-03 09:09:00.348904','1','Bactakleen',2,'Changed base_price.',25,2),(196,'2016-05-03 13:00:16.700704','28','Auto shoppe, Auto shoppe',1,'',21,3),(197,'2016-05-03 13:05:20.041074','29','Sapthagiri motors, Sapthagiri motors',1,'',21,3),(198,'2016-05-03 13:08:07.749694','30','Sapthagiri motors, Sapthgiri motors',1,'',21,3),(199,'2016-05-03 13:11:31.426303','31','FN wheel balancing , FN wheel balancing',1,'',21,3),(200,'2016-05-05 03:50:01.880154','32','Bhaskar, Cool Drive',1,'',21,3),(201,'2016-05-06 04:23:26.661893','33','Pradeep Krishna.K, Super Pest Control',1,'',21,3),(202,'2016-05-06 07:20:46.796335','34','Narasimha murthy, National security and allied services',1,'',21,4),(203,'2016-05-06 11:02:17.563739','35','MANU, SGR Cars',1,'',21,3),(204,'2016-05-06 11:08:27.706331','36','Ideal, Ideal pest control',1,'',21,3),(205,'2016-05-06 12:03:21.194126','23','Vatsa',1,'',15,3),(206,'2016-05-06 12:08:43.452119','24','Huli',1,'',15,4),(296,'2016-06-06 04:50:18.333037','2','Bactakleen',2,'Changed active.',26,2),(208,'2016-05-06 12:09:34.863764','24','Huli',2,'No fields changed.',15,4),(294,'2016-06-06 04:48:53.724650','4','Germbuster',2,'Changed base_price.',26,2),(293,'2016-06-06 04:48:04.961233','5','Bactakleen',1,'',26,2),(292,'2016-06-03 13:00:57.527661','30','S.Mohammed',1,'',15,3),(214,'2016-05-11 12:34:13.734105','37','Riyaz pasha, Car n shine',1,'',21,4),(215,'2016-05-11 12:37:06.487641','38','Car base, Car base',1,'',21,4),(216,'2016-05-12 03:47:59.974290','25','darshan',1,'',12,2),(217,'2016-05-13 10:23:36.712568','39','Afzal, Motoware',1,'',21,4),(218,'2016-05-13 10:28:49.586667','40','Farooq, Car galaxy',1,'',21,4),(219,'2016-05-13 13:37:09.167646','41','Ocean office , Ocean office automation',1,'',21,3),(220,'2016-05-13 13:45:22.735201','42','Gopi, Integrated pest control',1,'',21,3),(221,'2016-05-13 13:46:40.879594','42','Gopi, Integrated pest control',2,'Changed address.',21,3),(222,'2016-05-13 14:03:26.577211','43','Musafir, Car craze',1,'',21,3),(223,'2016-05-13 14:03:33.705936','44','Musafir, Car craze',1,'',21,3),(224,'2016-05-13 14:11:45.457098','45','Crystal, Crystal agency',1,'',21,3),(225,'2016-05-13 14:11:51.493266','46','Crystal, Crystal agency',1,'',21,3),(226,'2016-05-14 06:07:01.829338','26','RAKESH',1,'',15,25),(291,'2016-06-02 04:44:34.267487','63','Tarun, Malnad auto treat',1,'',21,3),(290,'2016-06-02 04:40:25.133226','62','Raghavan, Nineonenine integrated solutions pvt ltd',1,'',21,3),(289,'2016-06-02 04:37:03.730184','61','chetan, Sparkle car spa',1,'',21,3),(288,'2016-06-02 04:30:48.988868','60','Firoz khan, Car impressions',1,'',21,3),(287,'2016-06-02 04:28:03.562207','59','Imran Sayeed, Auto world ',1,'',21,3),(286,'2016-06-02 04:21:59.190591','58','sanjeev baid, car gold',1,'',21,3),(285,'2016-06-01 18:04:44.923084','24','Hitu V, 9036370004',3,'',18,1),(284,'2016-06-01 18:04:43.981812','25','Hithu Raj, 9743017666',3,'',18,1),(283,'2016-06-01 18:04:43.040268','26','Lendra Anand, 9482831666',3,'',18,1),(238,'2016-05-14 07:37:29.457235','27','RAKESH1',1,'',15,25),(281,'2016-06-01 18:04:41.156484','28','praveen k, 9164753438',3,'',18,1),(282,'2016-06-01 18:04:42.099328','27','Suresh M, 9164753438',3,'',18,1),(280,'2016-06-01 18:04:40.215587','29','syed suhail, 9164753438',3,'',18,1),(279,'2016-06-01 18:04:39.274744','30','purushotham gowda, 9164753438',3,'',18,1),(278,'2016-06-01 18:04:38.333987','31','sathya prasad d, 9164753438',3,'',18,1),(244,'2016-05-14 11:04:14.505329','47','Tura hi care, Tura hi care',1,'',21,3),(245,'2016-05-14 11:35:34.603218','28','Praveen',1,'',15,25),(277,'2016-06-01 18:04:37.393042','32','yogesh k, 9164753438',3,'',18,1),(276,'2016-06-01 18:04:36.452025','33','mehaboob basha, 9164753438',3,'',18,1),(275,'2016-06-01 18:04:35.510663','34','suhas s, 9164753438',3,'',18,1),(274,'2016-06-01 18:04:34.569538','35','mahesh d, 9164753438',3,'',18,1),(273,'2016-06-01 18:04:33.628423','36','embran  mohamad , 9164753438',3,'',18,1),(252,'2016-05-19 05:04:22.181188','48','Vasanth raj, Pesterad services',1,'',21,3),(253,'2016-05-19 05:08:32.017260','49','Raghavendra, SGR facilities services',1,'',21,3),(254,'2016-05-19 05:18:06.826787','50','Mohammed, Good rich pest control',1,'',21,3),(255,'2016-05-19 05:24:11.994832','51','Aditya agro seeds, aditya agro seeds',1,'',21,3),(256,'2016-05-19 05:27:17.369698','52','Uma shankar, Clean pro',1,'',21,3),(257,'2016-05-19 11:45:37.235296','53','Akram, The supercars',1,'',21,4),(258,'2016-05-19 11:49:06.690029','54','Nadeem pasha, Car care India',1,'',21,4),(259,'2016-05-19 11:53:19.944028','55','Syed zabiulla, Car effects',1,'',21,4),(260,'2016-05-19 11:56:40.238858','56','Rajendra surana, Konark\'s ',1,'',21,4),(261,'2016-05-19 12:00:02.715766','57','Abhishek singh, The car rental company',1,'',21,4),(295,'2016-06-06 04:49:51.875961','3','Germbuster',2,'Changed active.',26,2),(264,'2016-05-30 11:18:24.335164','29','Ipl',1,'',15,3),(272,'2016-06-01 18:04:32.686901','37','embran  mohamad , 9164753438',3,'',18,1),(266,'2016-06-01 17:55:28.550027','24','Huli',3,'',15,1),(267,'2016-06-01 17:55:29.490431','29','Ipl',3,'',15,1),(268,'2016-06-01 17:55:30.430624','28','Praveen',3,'',15,1),(269,'2016-06-01 17:55:31.370081','26','RAKESH',3,'',15,1),(270,'2016-06-01 17:55:32.309547','27','RAKESH1',3,'',15,1),(271,'2016-06-01 17:55:33.251158','23','Vatsa',3,'',15,1),(297,'2016-06-06 04:50:44.632593','1','Bactakleen',2,'Changed active.',26,2),(298,'2016-06-06 04:53:36.910445','10','Germbuster',2,'No fields changed.',25,2),(299,'2016-06-06 04:54:14.477167','9','Bactakleen',2,'No fields changed.',25,2),(300,'2016-06-06 04:55:03.504313','4','Bactakleen',2,'No fields changed.',25,2),(301,'2016-06-06 05:00:50.732341','1','0001 (2016), Excelcia technologies',1,'',16,3),(302,'2016-06-06 05:01:55.082128','1','0001 (2016), Excelcia technologies',2,'No fields changed.',16,3),(303,'2016-06-08 11:15:57.354571','64','Manohar, Just pest',1,'',21,4),(304,'2016-06-08 11:19:05.720778','65','Prithvi, Mobilrs tyre trch',1,'',21,4),(305,'2016-06-08 11:22:11.540919','66','Veeranna, A pro act',1,'',21,4),(306,'2016-06-08 11:22:17.348040','67','Veeranna, A pro act',1,'',21,4),(307,'2016-06-08 11:22:23.701414','68','Veeranna, A pro act',1,'',21,4),(308,'2016-06-08 11:22:29.843796','69','Veeranna, A pro act',1,'',21,4),(309,'2016-06-08 11:22:36.019648','70','Veeranna, A pro act',1,'',21,4),(310,'2016-06-09 03:56:21.597608','71','Deepak raj, Drift car accessories',1,'',21,3),(311,'2016-06-09 04:14:16.443145','72','Syed, Classic car spa',1,'',21,3),(312,'2016-06-09 04:21:09.403402','73','Meshach, Sundar service station',1,'',21,3),(313,'2016-06-09 04:24:23.126959','74','Jagadish, Seven hills',1,'',21,3),(314,'2016-06-10 09:19:53.269429','75','Saibul, Auto shine',1,'',21,3),(315,'2016-06-10 09:25:29.457381','76','Vinod kumar agarwal, Carz A2Z',1,'',21,3),(316,'2016-06-10 09:29:42.955865','77','Wajid sharieff, Total Choice',1,'',21,3),(317,'2016-06-10 09:34:58.659351','78','Nidhin jose, Team tech automobiles pvt. Ltd.',1,'',21,3),(318,'2016-06-25 07:56:14.531807','79','Akram, Car junction',1,'',21,4),(319,'2016-06-25 08:00:13.192408','80','Imran, Car vision',1,'',21,4),(320,'2016-06-25 08:04:28.468805','81','Sadiq, Car crown',1,'',21,4),(321,'2016-06-25 08:07:21.389632','82','Manjunath, Car passion',1,'',21,4),(322,'2016-07-05 11:42:41.662718','83','Amjad, Classic wheel alignment',1,'',21,4),(323,'2016-07-05 11:46:22.787751','84','Safi ulla, Star car decor',1,'',21,4),(324,'2016-07-05 11:51:52.816964','85','Ravichandran , 9845268526',1,'',21,4),(325,'2016-07-05 12:01:23.387623','86','yes motor, yes motor',1,'',21,3),(326,'2016-07-05 12:04:54.723268','87','Zan auto stand, Zan auto stand',1,'',21,3),(327,'2016-07-05 12:09:01.732587','88','vinay, best dial',1,'',21,3),(328,'2016-07-05 12:12:10.505689','89','New india, New india pest control',1,'',21,3),(329,'2016-07-05 12:17:05.581721','90','Prasanna, Vishwas pest control',1,'',21,3),(330,'2016-07-05 12:21:14.050019','91','New, New omex',1,'',21,3),(331,'2016-07-05 12:23:47.918226','92','Nisarga, Nisarga pest control',1,'',21,3),(332,'2016-07-05 12:27:58.728206','93','Venilla muthu, Tyre empire',1,'',21,3),(333,'2016-07-05 12:31:27.147237','94','Chandu, Chandu  motors',1,'',21,3),(334,'2016-07-05 12:34:37.508101','95','Herbal, Herbal pest control',1,'',21,3),(335,'2016-07-09 09:42:10.789429','96','Muneer, Auto fusion',1,'',21,3),(336,'2016-07-09 09:43:22.949455','97','Sethi, Good year ',1,'',21,4),(337,'2016-07-09 09:47:46.739399','98','Mohan kumar, Amogh tyre sales and service',1,'',21,4),(338,'2016-07-20 08:30:03.056188','99','Nizam, car zoom',1,'',21,3),(339,'2016-07-20 08:40:42.585170','100','abdul, bharath car world',1,'',21,3),(340,'2016-07-20 08:44:41.593506','101','nawaz khan, a1 car care centre',1,'',21,3),(341,'2016-07-20 08:48:54.016904','102','shariff, car track',1,'',21,3),(342,'2016-07-20 08:54:36.862368','103','mahesh, car point',1,'',21,3),(343,'2016-07-25 11:38:36.667464','104','Imran khan, car max',1,'',21,3),(344,'2016-07-25 11:45:11.108332','105','Yogesh, car crafts',1,'',21,3),(345,'2016-08-17 04:09:36.685196','31','Bestserve',1,'',15,4),(346,'2016-08-18 14:24:29.297124','106','Sumit agarwal, Glamour car accessories',1,'',21,4),(347,'2016-08-18 14:28:45.618267','107','M kumar , Auto planet ',1,'',21,4),(348,'2016-08-18 14:32:15.916561','108','Anwar ahsan, Top gear ',1,'',21,4),(349,'2016-08-18 14:35:52.866467','109','Adil , Auto spark',1,'',21,4),(350,'2016-08-18 15:03:51.945929','110','Thouqeer khan , Auto fusions',1,'',21,4),(351,'2016-08-18 15:07:02.150462','111','Ranjith, United tyre company',1,'',21,4),(352,'2016-08-18 15:09:48.458949','112','Ashwaq, Fast track',1,'',21,4),(353,'2016-08-18 15:12:31.570027','113','Moto, Moto adda',1,'',21,4),(354,'2016-08-18 15:15:10.759119','114','Nayaz khan , A1 car care center',1,'',21,4),(355,'2016-08-20 07:05:29.674419','32','Cherryindiranagar',1,'',15,4),(356,'2016-08-20 07:07:08.149002','32','Cherryindiranagar',2,'No fields changed.',15,4),(357,'2016-08-20 07:21:11.966601','33','Cherryelectroniccity',1,'',15,4),(358,'2016-08-20 07:36:59.769592','5','Bactakleen',2,'Changed base_price.',26,2),(359,'2016-08-20 07:40:08.763822','2','002 (2016), Excelsia',1,'',16,4),(360,'2016-08-20 07:41:51.412585','1','InventoryInvoice object',1,'',17,4),(361,'2016-08-20 07:43:12.858953','3','003 (2016), Excelsia',1,'',16,4),(362,'2016-08-20 07:44:21.627044','2','InventoryInvoice object',1,'',17,4),(363,'2016-08-20 07:45:42.834445','4','004 (2016), Excelsia',1,'',16,4),(364,'2016-08-20 07:46:42.395440','3','InventoryInvoice object',1,'',17,4),(365,'2016-08-20 07:58:54.649880','115','Siddiq khan , Finish line',1,'',21,4),(366,'2016-08-20 08:01:59.293084','116','Lohith bidari, Car at spa',1,'',21,4),(367,'2016-08-20 08:05:11.563019','117','Wajid sharieff, Total cboice car accessories',1,'',21,4),(368,'2016-08-22 05:59:32.730994','34','Cherry1indiranagar',1,'',15,4),(369,'2016-08-22 06:09:13.329498','34','Cherry1indiranagar',2,'No fields changed.',15,4),(370,'2016-08-22 09:25:00.894920','38','Praveen  Reddy, 9945091299',1,'',18,33),(371,'2016-08-22 09:28:26.632755','40','Invoice#40, Praveen , 948.00',1,'',29,33),(372,'2016-08-22 09:31:06.597010','39','Girish Reddy, 9902833555',1,'',18,33),(373,'2016-08-22 09:34:10.187268','41','Invoice#41, Girish, 948.00',1,'',29,33),(374,'2016-08-22 09:37:43.397971','40','Sridhar Prasad, 9900544331',1,'',18,33),(375,'2016-08-22 09:41:37.610457','42','Invoice#42, Sridhar, 948.00',1,'',29,33),(376,'2016-08-25 10:41:07.614862','41','Kishur  Chinnu, 8884622966',1,'',18,4),(377,'2016-08-25 10:49:49.528979','43','Invoice#43, Kishur , 948.00',1,'',29,33),(378,'2016-08-25 10:55:06.890791','42','Jobish  Thomson, 9886637624',1,'',18,33),(379,'2016-08-25 10:57:30.180627','44','Invoice#44, Jobish , 948.00',1,'',29,33),(380,'2016-08-25 11:34:39.250583','43','Surjith ., 9159917000',1,'',18,33),(381,'2016-08-25 11:36:56.719883','45','Invoice#45, Surjith, 948.00',1,'',29,33),(382,'2016-08-25 11:39:15.123496','44','Vikash Goutham, 9886000093',1,'',18,33),(383,'2016-08-25 11:41:31.028315','46','Invoice#46, Vikash, 948.00',1,'',29,33),(384,'2016-08-26 13:39:22.589864','45','Shiva Kumar, 9448043333',1,'',18,33),(385,'2016-08-26 13:41:41.404802','47','Invoice#47, Shiva, 948.00',1,'',29,33),(386,'2016-08-26 13:42:50.160464','48','Invoice#48, Shiva, 948.00',1,'',29,33),(387,'2016-08-26 13:55:53.074733','46','Sunil  Karunakaran, 9986031708',1,'',18,33),(388,'2016-08-26 13:58:51.216564','49','Invoice#49, Sunil , 948.00',1,'',29,33),(389,'2016-08-29 06:28:25.299586','47','Shiva  Prakash, 9900400761',1,'',18,33),(390,'2016-08-29 06:30:26.690165','50','Invoice#50, Shiva , 948.00',1,'',29,33),(391,'2016-08-29 06:34:15.688209','48','Basil Isaac, 9886068175',1,'',18,33),(392,'2016-08-29 06:36:31.976214','51','Invoice#51, Basil, 948.00',1,'',29,33),(393,'2016-08-29 06:40:41.857873','49','Vivek R, 9663033611',1,'',18,33),(394,'2016-08-29 06:43:41.279261','52','Invoice#52, Vivek, 948.00',1,'',29,33),(395,'2016-08-29 06:46:24.925862','50','Satish Reddy, 9844819491',1,'',18,33),(396,'2016-08-29 06:48:54.385166','53','Invoice#53, Satish, 948.00',1,'',29,33),(397,'2016-09-01 10:25:14.092326','51','Raghu Raghu, 9443893453',1,'',18,33),(398,'2016-09-01 10:27:39.330254','54','Invoice#54, Raghu, 1422.00',1,'',29,33),(399,'2016-09-01 10:30:29.883979','52','Jayram Jayram, 8970695559',1,'',18,33),(400,'2016-09-01 10:33:12.470471','55','Invoice#55, Jayram, 948.00',1,'',29,33),(401,'2016-09-01 10:54:36.315015','53','Varsha V, 9741400288',1,'',18,34),(402,'2016-09-01 10:56:42.724441','56','Invoice#56, Varsha, 948.00',1,'',29,34),(403,'2016-09-01 11:04:38.522151','54','David David, 9663396614',1,'',18,34),(404,'2016-09-01 11:06:59.330930','57','Invoice#57, David, 948.00',1,'',29,34),(405,'2016-09-01 11:09:12.647660','55','Vinay Vinay, 9480000588',1,'',18,34),(406,'2016-09-01 11:11:48.242780','58','Invoice#58, Vinay, 948.00',1,'',29,34),(407,'2016-09-01 11:11:52.381879','59','Invoice#59, Vinay, 948.00',1,'',29,34),(408,'2016-09-01 11:13:33.486930','56','Venkatesh Venki, 9845236008',1,'',18,34),(409,'2016-09-01 11:15:16.910200','60','Invoice#60, Venkatesh, 948.00',1,'',29,34),(410,'2016-09-01 11:20:39.289950','57','Navin Navin, 9886124320',1,'',18,34),(411,'2016-09-01 11:22:29.469835','61','Invoice#61, Navin, 948.00',1,'',29,34),(412,'2016-09-01 11:24:18.428738','58','Manish Manish, 8861977001',1,'',18,34),(413,'2016-09-02 05:21:02.246023','59','Arun Rajagopal, 9845500015',1,'',18,34),(414,'2016-09-02 05:23:22.096344','63','Invoice#63, Arun, 948.00',1,'',29,34),(415,'2016-09-03 13:22:55.399937','60','Madhusoodhan Rao, 9845276181',1,'',18,33),(416,'2016-09-03 13:25:34.447368','64','Invoice#64, Madhusoodhan, 948.00',1,'',29,33),(417,'2016-09-03 13:28:24.236619','61','Venkat Sanapala, 8971488999',1,'',18,33),(418,'2016-09-03 13:30:25.067090','65','Invoice#65, Venkat, 948.00',1,'',29,33),(419,'2016-09-06 10:08:09.847354','62','Libish Balachandran, 8971152683',1,'',18,34),(420,'2016-09-06 10:10:33.331637','66','Invoice#66, Libish, 948.00',1,'',29,34),(421,'2016-09-06 10:13:00.802769','63','Satish Das, 9886172028',1,'',18,34),(422,'2016-09-06 10:15:58.061718','67','Invoice#67, Satish, 948.00',1,'',29,34),(423,'2016-09-06 12:02:39.556135','64','Sathya Murthy, 9448322163',1,'',18,34),(424,'2016-09-06 12:04:45.806098','68','Invoice#68, Sathya, 948.00',1,'',29,34),(425,'2016-09-08 04:52:18.516222','1','Tax object',2,'Changed service_tax_percentage and end_date.',31,2),(426,'2016-09-08 05:16:10.547945','35','konarsjayanagar',1,'',15,4),(427,'2016-09-08 05:23:42.424787','34','Cherry1indiranagar',2,'Changed company_name. Changed name for Owner \"Owner\".',15,4),(428,'2016-09-08 05:24:55.070725','33','Cherryelectroniccity',2,'Changed company_name. Changed name for Owner \"Owner\".',15,4),(429,'2016-09-08 06:33:54.938464','65','Vijay N R, 9986017025',1,'',18,34),(430,'2016-09-08 06:37:42.476759','69','Invoice#69, Vijay, 832.00',1,'',29,34),(431,'2016-09-10 11:24:13.658547','66','Mohan Raj, 9980156047',1,'',18,34),(432,'2016-09-10 11:26:20.549494','70','Invoice#70, Mohan, 832.00',1,'',29,34),(433,'2016-09-12 07:48:07.266349','25','darshan',2,'Changed hire_date, is_active and is_staff.',12,2),(434,'2016-09-12 07:48:48.230831','3','Hitesh',2,'Changed hire_date, is_active and is_staff.',12,2),(435,'2016-09-12 07:54:16.744706','36','suhas',1,'',12,2),(436,'2016-09-12 08:08:51.143438','1','0001 (2016), Excelcia technologies',2,'No fields changed.',16,2),(437,'2016-09-12 08:10:59.529550','3','InventoryInvoice object',2,'Changed delivery_date, cheque_dd_date, transfer_date and realisation_date.',17,2),(438,'2016-09-12 08:25:11.683571','5','005 (2015), Excelcia Technologies',1,'',16,2),(439,'2016-09-12 08:27:43.370200','4','InventoryInvoice object',1,'',17,2),(440,'2016-09-12 08:28:42.277783','3','InventoryInvoice object',2,'Changed delivery_date, security_deposite_amount, cheque_dd_date, transfer_date and realisation_date.',17,2),(441,'2016-09-12 08:30:24.162180','3','InventoryInvoice object',2,'Changed delivery_date, payment_type, cheque_dd_number, cheque_dd_date, transfer_date, bank_name, bank_branch and realisation_date.',17,2),(442,'2016-09-16 06:50:24.982805','67','Arun  A, 9880676901',1,'',18,33),(443,'2016-09-16 06:53:57.936150','71','Invoice#71, Arun , 832.00',1,'',29,33),(444,'2016-09-16 09:22:45.335071','68','Navern N, 9886380739',1,'',18,33),(445,'2016-09-16 09:24:51.900590','72','Invoice#72, Navern, 832.00',1,'',29,33),(446,'2016-09-16 09:26:56.693071','69','Venu Reddy, 9901066266',1,'',18,33),(447,'2016-09-16 09:29:41.215931','73','Invoice#73, Venu, 832.00',1,'',29,33),(448,'2016-09-17 07:21:17.330071','70','Naveen P, 9945569588',1,'',18,34),(449,'2016-09-17 07:24:11.390770','74','Invoice#74, Naveen, 832.00',1,'',29,34),(450,'2016-09-17 07:28:34.306056','71','Sudeer P G, 9980989556',1,'',18,33),(451,'2016-09-17 07:30:37.326721','75','Invoice#75, Sudeer, 832.00',1,'',29,33),(452,'2016-09-19 06:50:42.480033','37','Tyreparkkhr',1,'',15,4),(453,'2016-09-19 07:09:04.489415','37','Tyreparkkhr',2,'No fields changed.',15,4),(454,'2016-09-19 07:12:31.700209','37','Tyreparkkhr',2,'Changed company_name.',15,4),(455,'2016-09-19 07:21:18.190138','72','Javeed Ahemad, 9844031325',1,'',18,37),(456,'2016-09-19 07:25:44.225446','76','Invoice#76, Javeed, 832.00',1,'',29,37),(457,'2016-09-21 06:32:00.972979','73','Jaya Murali, 9845203785',1,'',18,34),(458,'2016-09-21 07:01:16.010329','74','Jaya Murali, 9845203785',1,'',18,34),(459,'2016-09-21 07:20:18.542699','75','Jaya Murali, 9845203785',1,'',18,34),(460,'2016-09-21 07:27:28.724623','76','Jaya Murali, 9845203785',1,'',18,34),(461,'2016-09-21 09:38:08.116446','77','Invoice#77, Jaya, 832.00',1,'',29,34),(462,'2016-09-22 14:17:48.941536','77','Kishore K, 9880013994',1,'',18,33),(463,'2016-09-22 14:20:32.610964','78','Invoice#78, Kishore, 832.00',1,'',29,33),(464,'2016-09-22 14:24:22.295332','78','Arun A, 9845019068',1,'',18,34),(465,'2016-09-22 14:27:09.106192','79','Invoice#79, Arun, 832.00',1,'',29,34),(466,'2016-09-28 03:20:33.060885','79','Manjunath Mural, 9945691302',1,'',18,34),(467,'2016-09-29 04:05:43.383291','80','Sudhakar Reddy, 9886336360',1,'',18,34),(468,'2016-09-29 04:09:35.156699','81','Ramana C V, 8197364789',1,'',18,34),(469,'2016-09-29 07:25:27.204772','82','Guru Prasad, 9341724544',1,'',18,37),(470,'2016-10-01 06:41:11.412444','38','Tyreparkbtm',1,'',15,4),(471,'2016-10-01 08:24:14.956558','83','Anoop Jacob , 9845985959',1,'',18,38),(472,'2016-10-01 11:59:12.694106','84','Kunnal K, 9900048994',1,'',18,38),(473,'2016-10-01 12:37:27.181899','85','Nachsppa K U, 9845364084',1,'',18,38),(474,'2016-10-01 12:37:41.389641','86','Nachsppa K U, 9845364084',1,'',18,38),(475,'2016-10-01 12:44:08.385347','87','Santhosh S, 9003113373',1,'',18,38),(476,'2016-10-03 09:16:46.999810','88','Manoj M, 9880668016',1,'',18,33),(477,'2016-10-04 06:37:38.457323','39','Tyreparkrnr',1,'',15,4),(478,'2016-10-04 06:38:19.349747','39','Tyreparkrnr',2,'No fields changed.',15,4),(479,'2016-10-04 06:41:47.670448','39','Tyreparkrnr',2,'No fields changed.',15,4),(480,'2016-10-05 10:12:50.425052','89','Dr Veena, 9986890050',1,'',18,34),(481,'2016-10-05 10:18:57.436511','90','Nagendra ., 9731819166',1,'',18,34),(482,'2016-10-05 10:22:17.653384','91','Nagendra ., 9731819166',1,'',18,34),(483,'2016-10-05 10:23:52.158496','92','Nagendra ., 9731819166',1,'',18,34),(484,'2016-10-05 10:25:22.779874','93','Nagendra ., 9731819166',1,'',18,34),(485,'2016-10-05 13:58:39.849501','40','Motoadda',1,'',15,36),(486,'2016-10-05 14:08:43.942110','6','006 (2016), Excelcia technologies',1,'',16,36),(487,'2016-10-05 14:12:56.315384','5','InventoryInvoice object',1,'',17,36),(488,'2016-10-07 05:02:37.286940','94','vishwas k n, 9900567829',1,'',18,33),(489,'2016-10-07 10:46:43.992511','95','Anoop Mukundam, 9449258711',1,'',18,39),(490,'2016-10-07 10:50:31.656783','96','Savyasachi Raghu, 9900399544',1,'',18,39),(491,'2016-10-08 06:29:55.081177','41','tyreparkjnr',1,'',15,36),(492,'2016-10-08 06:43:05.633820','97','Ravisha ., 9740037659',1,'',18,37),(493,'2016-10-08 06:47:26.287291','98','Ganesh ., 9959959099',1,'',18,37),(494,'2016-10-08 06:51:46.548298','99','Prakash ., 9980914150',1,'',18,37),(495,'2016-10-08 06:56:37.110953','100','Dinesh ., 9632223172',1,'',18,37),(496,'2016-10-08 06:59:09.881718','101','Ravi Kumar, 9900544331',1,'',18,37),(497,'2016-10-08 10:07:13.384329','102','Akhil Moorthy, 9900600003',1,'',18,41),(498,'2016-10-08 10:10:48.469190','103','Gopal Reddy, 9448670956',1,'',18,41),(499,'2016-10-08 11:25:49.419505','104','Ramesh Kumar, 9663369349',1,'',18,39),(500,'2016-10-13 04:53:08.449320','105','Pavan Kalyan, 9440704189',1,'',18,39),(501,'2016-10-13 04:56:56.463267','106','Invoice#106, Pavan, 832.00',1,'',29,39),(502,'2016-10-13 04:58:53.190559','106','PHANIRAJ ., 9972556741',1,'',18,39),(503,'2016-10-13 05:00:39.469134','107','Invoice#107, PHANIRAJ, 832.00',1,'',29,39),(504,'2016-10-13 05:02:20.839820','107','S M Trading Company ., 9819809111',1,'',18,39),(505,'2016-10-13 05:04:50.251421','108','Invoice#108, S M Trading Company, 832.00',1,'',29,39),(506,'2016-10-13 05:07:50.898997','108','Ganesh ., 9844035609',1,'',18,39),(507,'2016-10-13 05:07:51.811676','109','Ganesh ., 9844035609',1,'',18,39),(508,'2016-10-13 05:10:11.059712','109','Invoice#109, Ganesh, 832.00',1,'',29,39),(509,'2016-10-16 02:01:27.937730','110','Prabhakar Prabhakar, 9945197039',1,'',18,39),(510,'2016-10-16 02:03:04.239901','110','Invoice#110, Prabhakar, 832.00',1,'',29,39),(511,'2016-10-16 02:07:25.579657','111','Vinay Narayanswamy, 9886724862',1,'',18,37),(512,'2016-10-16 02:09:14.026150','111','Invoice#111, Vinay, 832.00',1,'',29,37),(513,'2016-10-16 18:40:21.654175','112','Invoice#112, vishwas, 3120.00',1,'',29,33),(514,'2016-10-17 03:45:07.697712','112','P k Chakravarthy, 9449809975',1,'',18,41),(515,'2016-10-17 03:46:55.039538','113','Invoice#113, P k, 832.00',1,'',29,41),(516,'2016-10-17 04:24:06.977605','42','arjun',1,'',12,2),(517,'2016-10-17 04:29:28.309849','43','bahubali',1,'',12,2),(518,'2016-10-18 06:38:32.542326','113','Sridhar Prasad, 9900544331',1,'',18,34),(519,'2016-10-18 06:39:24.201090','114','Invoice#114, Sridhar, 832.00',1,'',29,34),(520,'2016-10-18 07:07:45.005408','114','Bharath  Kumar, 9008766448',1,'',18,39),(521,'2016-10-18 07:09:01.446871','115','Invoice#115, Bharath , 832.00',1,'',29,39),(522,'2016-10-18 07:12:35.170982','115','Vinay Narayanaswamy, 9886724862',1,'',18,37),(523,'2016-10-18 07:14:04.892239','116','Invoice#116, Vinay, 832.00',1,'',29,37),(524,'2016-10-21 03:52:41.893951','116','Nagesh  P, 9743195300',1,'',18,41),(525,'2016-10-21 03:55:25.144199','117','Invoice#117, Nagesh , 800.00',1,'',29,41),(526,'2016-10-24 06:37:42.164272','44','tyreparkypr',1,'',15,36),(527,'2016-10-25 07:00:28.566289','117','Bhaskar S, 9945333972',1,'',18,41),(528,'2016-10-25 07:02:14.098993','118','Invoice#118, Bhaskar, 800.00',1,'',29,41),(529,'2016-10-27 04:06:41.381498','118','vishwas KN, 9900567829',1,'',18,33),(530,'2016-10-27 04:26:18.860685','118','vishwas KN, 9900567829',3,'',18,1),(531,'2016-10-27 07:22:57.286329','45','tyrepark1ypr',1,'',15,36),(532,'2016-11-07 06:12:57.778553','1','sales.wellnetservices.com/admin',2,'Changed domain.',32,1),(533,'2016-11-07 06:15:18.303112','1','sales.wellnetservices.com',2,'Changed domain.',32,1),(534,'2016-11-10 05:50:18.950990','119','Rahul  Ghosh, 9711788811',1,'',18,34),(535,'2016-11-10 05:52:01.607582','119','Invoice#119, Rahul , 800.00',1,'',29,34),(536,'2016-11-10 05:53:40.836428','120','David ., 9663396614',1,'',18,34),(537,'2016-11-10 05:56:08.070793','120','Invoice#120, David, 800.00',1,'',29,34),(538,'2016-11-10 06:05:46.284942','121','Jayakumar ., 9663372739',1,'',18,39),(539,'2016-11-10 06:07:56.114856','121','Invoice#121, Jayakumar, 800.00',1,'',29,39),(540,'2016-11-10 06:09:43.695494','122','Praveen Kumar, 9886620689',1,'',18,39),(541,'2016-11-10 06:11:17.187879','122','Invoice#122, Praveen, 800.00',1,'',29,39),(542,'2016-11-10 06:12:40.957317','123','Kavitha ., 9844367797',1,'',18,39),(543,'2016-11-10 06:14:15.531236','123','Invoice#123, Kavitha, 800.00',1,'',29,39),(544,'2016-11-10 06:16:01.931347','124','Beena Welson, 9483885522',1,'',18,39),(545,'2016-11-10 06:17:34.239633','125','Invoice#125, Beena, 800.00',1,'',29,39),(546,'2016-11-10 06:17:35.789612','124','Invoice#124, Beena, 800.00',1,'',29,39),(547,'2016-11-11 08:53:26.995970','125','Sivaiah ., 9845568989',1,'',18,33),(548,'2016-11-11 08:55:13.605442','126','Invoice#126, Sivaiah, 800.00',1,'',29,33),(549,'2016-11-11 09:05:45.496618','35','konarkjnr',2,'Changed username.',15,4),(550,'2016-11-15 05:38:16.692089','44','tyreparkypr',2,'Changed password.',15,1),(551,'2016-11-15 06:11:34.519365','46','expresscarcare',1,'',15,42),(552,'2016-11-15 10:05:59.388557','44','tyreparkypr',2,'Changed email.',15,1),(553,'2016-11-15 10:15:45.472908','44','tyreparkypr',2,'Changed password.',15,2),(554,'2016-11-15 10:19:37.947825','44','tyreparkypr',2,'Changed email.',15,1),(555,'2016-11-15 15:06:22.647503','44','tyreparkypr',2,'Changed password.',15,1),(556,'2016-11-15 15:36:11.303001','44','tyreparkypr',2,'Changed is_active.',15,1),(557,'2016-11-15 15:37:05.306063','44','tyreparkypr',2,'Changed is_staff and is_active.',15,1),(558,'2016-11-15 15:44:26.412056','44','tyreparkypr',2,'Changed password.',15,1),(559,'2016-11-18 04:49:52.205579','47','tyreparkbsk',1,'',15,36),(560,'2016-11-18 10:36:46.421490','126','Prashanth ., 9886610810',1,'',18,41),(561,'2016-11-18 10:38:06.698795','127','Prashanth ., 9886610810',1,'',18,41),(562,'2016-11-23 07:10:54.532693','128','david d, 9663396614',1,'',18,34),(563,'2016-11-23 16:17:14.740248','118','Shambu Hegde, Waxpol Industrial Ltd',1,'',21,42),(564,'2016-11-23 16:20:12.773709','119','Riyaz, R K Car Decor',1,'',21,42),(565,'2016-11-23 16:22:55.477968','120','Manjunath, Gear up',1,'',21,42),(566,'2016-11-23 16:26:51.311609','121','Shaikabdulla, Car Tracks',1,'',21,42),(567,'2016-11-23 16:29:48.099606','122','Deepak, Elite Car Care',1,'',21,42),(568,'2016-11-23 16:32:17.198237','123','Gopi, Keshkamal Motors',1,'',21,42),(569,'2016-11-23 16:35:40.272914','124','Manjunath, M R Car Service and Wash',1,'',21,42),(570,'2016-11-23 16:38:40.971510','125','Syed Athiqualla, Car Dzire',1,'',21,42),(571,'2016-11-23 16:41:27.949160','126','Rahim, Indian Car AC and Electricals',1,'',21,42),(572,'2016-11-23 16:44:09.113016','127','Sri Kumar, Narmada Garage',1,'',21,42),(573,'2016-11-23 16:47:04.488917','128','Pavan, The Car Laundry',1,'',21,42),(574,'2016-11-23 16:50:08.938839','129','Raghu, Sri Krishna Tyres',1,'',21,42),(575,'2016-11-23 16:53:34.786361','130','Anand, Sri Balaji Wheel Allignment',1,'',21,42),(576,'2016-11-23 16:56:05.104113','131','Sundar, S M Cars',1,'',21,42),(577,'2016-11-23 16:59:52.954453','132','Prakash, Swasthika Motors',1,'',21,42),(578,'2016-11-24 04:04:13.048441','129','Hamsaraj ., 9972156093',1,'',18,34),(579,'2016-11-24 04:06:23.078124','127','Invoice#127, Hamsaraj, 800.00',1,'',29,34),(580,'2016-11-24 04:08:27.723859','130','Nived Prasanna, 9611000001',1,'',18,34),(581,'2016-11-24 04:10:14.533776','128','Invoice#128, Nived, 800.00',1,'',29,34),(582,'2016-11-26 07:23:32.111146','131','Ragupathi M, 8050766177',1,'',18,33),(583,'2016-11-26 07:23:37.131134','132','Ragupathi M, 8050766177',1,'',18,33),(584,'2016-11-26 07:37:27.523149','129','Invoice#129, Ragupathi, 700.00',1,'',29,33),(585,'2016-11-26 09:53:54.029118','133','Mridul R , 9845592541',1,'',18,33),(586,'2016-11-26 09:56:33.100216','134','Mridul R , 9845592541',1,'',18,33),(587,'2016-11-26 10:02:26.811233','130','Invoice#130, Mridul, 1500.00',1,'',29,33),(588,'2016-11-26 10:07:51.372501','135','Sisir T, 9916591163',1,'',18,33),(589,'2016-11-26 10:10:43.229019','131','Invoice#131, Sisir, 700.00',1,'',29,33),(590,'2016-11-26 10:15:09.728413','136','Sisir  R , 9916591163',1,'',18,33),(591,'2016-11-26 10:22:32.217707','132','Invoice#132, Sisir, 700.00',1,'',29,33),(592,'2016-11-26 10:26:14.072366','137','B.m Reddy, 9341104545',1,'',18,33),(593,'2016-11-26 10:30:40.675566','133','Invoice#133, B.m, 700.00',1,'',29,33),(594,'2016-11-26 10:33:18.716530','138','Mr. ROHITH  S P L , 9986538652',1,'',18,33),(595,'2016-11-28 04:54:54.198530','139','Rohit Spl, 9986538652',1,'',18,33),(596,'2016-11-28 04:58:07.058699','134','Invoice#134, Rohit, 700.00',1,'',29,33),(597,'2016-11-28 05:01:16.685647','140','Koteshwar Rao, 9482574399',1,'',18,33),(598,'2016-11-28 05:04:01.292295','135','Invoice#135, Koteshwar, 700.00',1,'',29,33),(599,'2016-12-03 11:47:59.895787','141','Tiken ., 9901971890',1,'',18,34),(600,'2016-12-03 11:49:33.309589','136','Invoice#136, Tiken, 800.00',1,'',29,34),(601,'2016-12-03 11:51:22.892187','142','Nanjappa ., 9945470073',1,'',18,34),(602,'2016-12-03 11:52:59.724621','137','Invoice#137, Nanjappa, 800.00',1,'',29,34),(603,'2016-12-03 11:55:03.785381','143','Tyag Ganapathi, 8197206060',1,'',18,34),(604,'2016-12-03 11:57:21.692593','138','Invoice#138, Tyag, 800.00',1,'',29,34),(605,'2016-12-08 09:36:34.331671','48','shuprashinenride',1,'',15,42),(606,'2016-12-09 10:41:00.271109','144','michael martin, 9845902721',1,'',18,37),(607,'2016-12-09 11:01:18.326505','145','Michael Martin, 9845902721',1,'',18,37),(608,'2016-12-09 11:05:19.056825','146','Michael Martin, 9845902721',1,'',18,37),(609,'2016-12-09 11:07:36.985029','139','Invoice#139, Michael, 700.00',1,'',29,37),(610,'2016-12-12 09:53:04.572157','7','07 (2017), Excelcia Technologies',1,'',16,2),(611,'2016-12-12 09:54:17.541456','8','008 (2017), Excelcia Technologies',1,'',16,2),(612,'2016-12-12 09:56:01.265903','9','009 (2017), Excelcia Technologies',1,'',16,2),(613,'2016-12-12 09:57:26.420055','10','0010 (2017), Excelcia Technologies',1,'',16,2),(614,'2016-12-12 09:58:27.757274','11','0011 (2017), Excelcia Technologies',1,'',16,2),(615,'2016-12-12 09:59:27.050760','12','0012 (2017), Excelcia Technologies',1,'',16,2),(616,'2016-12-12 10:00:30.354896','13','0013 (2017), Excelcia Technologies',1,'',16,2),(617,'2016-12-12 10:01:40.661672','14','0014 (2017), Excelcia Technologies',1,'',16,2),(618,'2016-12-12 10:02:41.481268','15','0015 (2017), Excelcia Technologies',1,'',16,2),(619,'2016-12-12 10:07:19.995230','6','InventoryInvoice object',1,'',17,2),(620,'2016-12-12 10:09:07.204810','7','InventoryInvoice object',1,'',17,2),(621,'2016-12-12 10:11:19.226189','8','InventoryInvoice object',1,'',17,2),(622,'2016-12-12 10:13:15.760555','9','InventoryInvoice object',1,'',17,2),(623,'2016-12-12 10:17:04.973716','10','InventoryInvoice object',1,'',17,2),(624,'2016-12-12 10:19:20.732297','11','InventoryInvoice object',1,'',17,2),(625,'2016-12-12 10:23:08.176618','12','InventoryInvoice object',1,'',17,2),(626,'2016-12-12 10:25:58.107892','13','InventoryInvoice object',1,'',17,2),(627,'2016-12-13 10:57:52.977718','147','MR.SARAVANA KUMAR, 9741009955',1,'',18,37),(750,'2017-12-06 15:44:10.850307','42','arjun',2,'Changed hire_date, is_active and is_staff.',12,2),(749,'2017-12-06 13:52:21.619674','57','rohith',1,'',12,1),(748,'2017-12-06 13:33:16.585142','1','2',1,'',43,2),(632,'2016-12-24 06:11:25.466336','49','sudarshanexpresscarcare',1,'',15,42),(633,'2016-12-24 12:09:26.207807','150','Anoop ., 9986026654',1,'',18,41),(634,'2016-12-24 12:11:16.075351','142','Invoice#142, Anoop, 800.00',1,'',29,41),(635,'2016-12-29 11:53:56.413570','133','Dinesh, Sivamurugan Tyres',1,'',21,36),(636,'2016-12-29 11:56:48.618383','134','Ashok / Sandesh, Reflect On',1,'',21,36),(637,'2016-12-29 12:00:20.729558','135','Sanket, S V Car professional',1,'',21,36),(638,'2016-12-29 12:02:28.177604','136','Manish, CarZippi',1,'',21,36),(639,'2016-12-29 12:05:54.870179','137','Chowdesh, Ravitejus Automobiles',1,'',21,36),(640,'2016-12-29 12:08:21.803468','138','Hameed, Xpert Car Care',1,'',21,36),(641,'2016-12-29 12:10:36.792372','139','Muneer, Marvel Car Care',1,'',21,36),(642,'2016-12-29 12:13:00.880790','140','Manjunath, M R Car Garage',1,'',21,36),(643,'2016-12-29 12:16:32.417127','141','Dinesh, Junction For Car Attachments',1,'',21,36),(644,'2016-12-29 12:19:59.470726','142','Kumar, ShivSai Car Care',1,'',21,36),(645,'2016-12-29 12:22:17.477997','143','Somashekar, Shiva Car Care',1,'',21,36),(646,'2016-12-29 12:24:49.101329','144','Harsha, Roch Werks',1,'',21,36),(647,'2016-12-29 12:27:05.885081','145','Suresh, Car Care India',1,'',21,36),(648,'2016-12-29 12:30:23.000517','146','Naveen Subramanya, Hot Rodz Automotive',1,'',21,36),(649,'2016-12-29 12:32:57.247958','147','Narendra, Refresh Car Spa',1,'',21,36),(650,'2016-12-29 12:35:20.293804','148','Hidayath, Taj Car Decor',1,'',21,36),(651,'2016-12-29 12:37:39.956389','149','Srikanth, Wheels Online',1,'',21,36),(652,'2016-12-29 12:39:30.146260','150','Usman, Auto Fusion',1,'',21,36),(653,'2016-12-29 12:41:40.743115','151','Suresh, Aditya Wheel Alignment',1,'',21,36),(654,'2016-12-29 12:43:53.882813','152','Ravi, Tyre Empire',1,'',21,36),(655,'2016-12-29 12:46:58.312915','153','Prithvi, Mobile Tyre Tech',1,'',21,36),(656,'2016-12-29 12:49:12.377830','154','Rajesh, Vijay Wheel Alignment',1,'',21,36),(657,'2016-12-29 12:51:16.205827','155','Narayana Murthy, Millivisions Pvt Ltd',1,'',21,36),(658,'2016-12-29 12:53:22.174326','156','Harry, Sea Horse Car Care',1,'',21,36),(659,'2016-12-29 12:56:32.976966','157','Suresh / Chandru, TechnoKraft car Service',1,'',21,36),(660,'2016-12-29 12:59:57.196146','158','Sagar, Girimaji Enterprises',1,'',21,36),(661,'2016-12-29 13:10:10.142278','159','Satish Kumar N, Fero Car Care',1,'',21,42),(662,'2016-12-29 13:12:35.490374','160','Adil, 3S Solutions',1,'',21,42),(663,'2016-12-29 13:16:00.652653','161','Pradeep Rao, Quicky Cleaners',1,'',21,42),(664,'2016-12-29 13:19:32.026952','162','Chethan Kumar, GT Car Spa',1,'',21,42),(665,'2017-01-05 08:03:57.610784','163','Sumit Agarwal, Glamour Car Accessories',1,'',21,36),(666,'2017-01-07 04:09:15.642577','50','autofusion',1,'',15,36),(667,'2017-01-07 04:12:49.709554','51','autofusioninr',1,'',15,36),(668,'2017-01-09 03:40:01.417225','16','14 (2016), Excelsia Technologies',1,'',16,36),(669,'2017-01-09 03:41:25.059816','16','0016 (2016), Excelsia Technologies',2,'Changed machine_number.',16,36),(670,'2017-01-09 03:47:11.424452','17','0017 (2016), Excelsia Technologies',1,'',16,36),(671,'2017-01-09 03:48:22.755056','18','0018 (2016), Excelsia Technologies',1,'',16,36),(672,'2017-01-09 03:55:21.349890','14','InventoryInvoice object',1,'',17,36),(673,'2017-01-09 04:00:33.552143','52','refreshcarspa',1,'',15,36),(674,'2017-01-09 04:03:10.550372','15','InventoryInvoice object',1,'',17,36),(675,'2017-01-09 13:03:32.710294','164','Yogesh, Throttle',1,'',21,36),(676,'2017-01-10 07:12:20.529822','165','Manoj, The Smart Car Wash',1,'',21,36),(677,'2017-02-28 11:29:51.317346','53','imaginepestservices',1,'',15,36),(678,'2017-02-28 11:34:43.598316','16','InventoryInvoice object',1,'',17,36),(679,'2017-02-28 11:39:27.039182','166','Narasimha Reddy, Panorama Pest Care Services',1,'',21,36),(680,'2017-02-28 11:43:44.315997','167','Suhas, Bubbles Car Spa',1,'',21,36),(681,'2017-02-28 11:46:29.167627','168','Abhay, Pestron India',1,'',21,36),(682,'2017-02-28 11:49:15.137934','169','Sathya Chandran, Velcare International',1,'',21,36),(683,'2017-03-01 09:39:34.556679','54','rapidcarcare',1,'',15,42),(684,'2017-03-06 10:59:40.369093','151','sushant R, 9980029559',1,'',18,37),(685,'2017-03-06 11:07:49.439461','152','harsh har, 9738101479',1,'',18,37),(686,'2017-03-08 07:45:54.499275','17','InventoryInvoice object',1,'',17,36),(687,'2017-03-13 06:19:07.784525','153','PRAVEEN KUMAR, 9886249116',1,'',18,37),(688,'2017-03-13 06:25:58.057012','153','PRAVEEN KUMAR, 9886249116',2,'No fields changed.',18,37),(689,'2017-03-14 08:55:54.622890','154','SREE MUGAMBIGAI GLAZING (P) LTD SREE, 9663508833',1,'',18,37),(690,'2017-03-14 08:58:29.447547','154','SREE MUGAMBIGAI GLAZING (P) LTD SREE, 9663508833',2,'No fields changed.',18,37),(691,'2017-03-14 13:28:40.648735','155','BADAMI BADAMI, 9900022485',1,'',18,37),(692,'2017-03-14 13:30:13.569788','155','BADAMI BADAMI, 9900022485',2,'No fields changed.',18,37),(693,'2017-03-24 03:37:53.323956','50','autofusion',2,'Changed is_staff and is_active.',15,2),(694,'2017-03-24 03:44:16.129439','52','refreshcarspa',2,'Changed is_staff and is_active.',15,2),(695,'2017-03-24 03:44:16.928896','52','refreshcarspa',2,'Changed is_staff and is_active.',15,2),(696,'2017-03-24 03:45:24.865206','30','S.Mohammed',2,'Changed is_staff and is_active.',15,2),(697,'2017-03-24 04:00:11.999530','32','Cherryindiranagar',2,'Changed is_staff and is_active.',15,2),(698,'2017-03-24 04:01:15.028137','46','expresscarcare',2,'Changed is_staff.',15,2),(699,'2017-03-24 04:02:14.349713','35','konarkjnr',2,'No fields changed.',15,2),(700,'2017-03-24 04:04:35.707896','54','rapidcarcare',2,'Changed is_staff.',15,2),(701,'2017-03-24 04:06:30.572889','48','shuprashinenride',2,'Changed is_staff.',15,2),(702,'2017-03-24 04:07:53.107387','49','sudarshanexpresscarcare',2,'Changed is_staff.',15,2),(703,'2017-03-24 04:12:01.652718','45','tyrepark1ypr',2,'Changed is_staff.',15,2),(704,'2017-03-24 04:12:57.296443','47','tyreparkbsk',2,'Changed is_active.',15,2),(705,'2017-03-24 04:15:25.848457','44','tyreparkypr',2,'Changed is_staff and is_active.',15,2),(706,'2017-03-24 05:20:17.096724','156','ms.veena veena, 9986890050',1,'',18,34),(707,'2017-03-24 05:28:33.924409','157','MR.SRINIVASA RAO, 9590959087',1,'',18,34),(708,'2017-03-24 05:32:10.818814','158','mr.srinivasa rao rao, 9590959087',1,'',18,34),(709,'2017-03-24 05:36:19.042246','159','shrinivas RAO, 9590959087',1,'',18,34),(710,'2017-03-24 05:44:14.188087','160','shrinivas rao, 9590959087',1,'',18,34),(711,'2017-03-24 11:45:12.816469','161','mr francis m, 9008488811',1,'',18,38),(712,'2017-03-24 11:45:15.624203','162','mr francis m, 9008488811',1,'',18,38),(713,'2017-03-24 11:47:58.143064','163','mr francis hn, 9008488811',1,'',18,38),(714,'2017-03-24 11:52:20.832553','164','sdjsdd dsaxz, 7795586131',1,'',18,38),(715,'2017-03-24 11:52:23.074469','165','sdjsdd dsaxz, 7795586131',1,'',18,38),(716,'2017-03-24 11:52:25.175269','166','sdjsdd dsaxz, 7795586131',1,'',18,38),(717,'2017-03-24 12:02:01.468933','167','francis mn, 9008488811',1,'',18,38),(718,'2017-03-25 03:55:32.574328','56','manupitstop',2,'Changed is_staff.',15,2),(719,'2017-03-25 13:09:46.550686','168','Mithun Reddy, 8861619999',1,'',18,56),(720,'2017-03-27 07:51:00.438780','169','Abhishek B, 7899111799',1,'',18,54),(721,'2017-03-28 06:43:18.940953','170','PRASHANTH  , 9986800177',1,'',18,54),(722,'2017-03-28 06:48:00.443160','171','MANJU  , 9980199802',1,'',18,54),(723,'2017-03-28 06:51:28.774124','172','RAVEENDRA  , 9902177116',1,'',18,54),(724,'2017-03-28 06:54:04.483320','173','YATHEESH  , 9980222095',1,'',18,54),(725,'2017-03-28 07:02:15.674481','174','KRISHNA  , 9620151657',1,'',18,54),(726,'2017-03-28 07:05:28.554166','175','VIJAY  , 7259400112',1,'',18,54),(727,'2017-03-28 07:10:05.058749','176','SRIKANT  , 7019726649',1,'',18,54),(728,'2017-03-31 10:34:16.033854','177','raju t, 9901445422',1,'',18,45),(729,'2017-03-31 10:41:07.549979','178','r anand, 8123363334',1,'',18,45),(730,'2017-04-01 06:22:42.943553','179','bahubali r, 7795586131',1,'',18,41),(731,'2017-12-06 11:36:40.784835','1','Authorized Delaer',1,'',38,1),(732,'2017-12-06 11:37:54.039149','2','Retail Network',1,'',38,1),(733,'2017-12-06 11:40:16.598878','3','Branch Office',1,'',38,1),(734,'2017-12-06 11:40:36.830994','4','Service Provider',1,'',38,1),(735,'2017-12-06 11:43:12.694035','1','SuperAdmin',2,'Changed permissions.',3,1),(736,'2017-12-06 11:44:47.342758','1','SuperAdmin',2,'Changed permissions.',3,1),(737,'2017-12-06 11:47:08.992658','2','Tax object',2,'Changed SGST_percentage, CGST_percentage, IGST_percentage and end_date.',31,2),(738,'2017-12-06 11:47:50.624927','1','Tax object',2,'Changed SGST_percentage, CGST_percentage, IGST_percentage and end_date.',31,2),(739,'2017-12-06 11:49:29.658684','1','SuperAdmin',2,'Changed permissions.',3,1),(740,'2017-12-06 11:53:22.862149','1','SuperAdmin',2,'Changed permissions.',3,1),(741,'2017-12-06 11:55:05.521156','1','Booking#1, sridhar@wellnetservices.com, 2017-12-06 11:54:56.625066+00:00',1,'',34,2),(742,'2017-12-06 11:59:33.209950','50','autofusion',2,'No fields changed.',15,2),(743,'2017-12-06 12:05:51.317636','51','autofusioninr',3,'',15,1),(744,'2017-12-06 12:05:52.204711','32','Cherryindiranagar',3,'',15,1),(745,'2017-12-06 12:05:53.091830','30','S.Mohammed',3,'',15,1),(746,'2017-12-06 12:05:53.979114','47','tyreparkbsk',3,'',15,1),(747,'2017-12-06 12:05:54.866673','44','tyreparkypr',3,'',15,1),(751,'2017-12-06 15:44:56.081145','4','Shailendra',2,'Changed hire_date, is_active and is_staff.',12,2),(752,'2017-12-06 15:45:56.192350','57','rohith',2,'Changed hire_date.',12,2),(753,'2017-12-06 15:52:03.517408','58','pakki',1,'',15,1),(754,'2017-12-06 17:33:51.746757','18','Booking#18, sridhar@wellnetservices.com, 2017-12-06 17:33:42.985630+00:00',1,'',22,2),(755,'2017-12-06 17:39:06.005872','4','Credit Period',2,'Changed description.',23,1),(756,'2017-12-07 05:56:38.371732','2','EmployeeGroup',2,'Changed permissions.',3,1),(757,'2017-12-07 06:44:25.859207','1','Shivshankar,Car',1,'',37,1),(758,'2017-12-07 06:46:59.010915','2','Bhaskar Rao,Car',1,'',37,1),(759,'2017-12-07 06:48:50.614992','3','Shivakumar,Car',1,'',37,1),(760,'2017-12-07 07:31:38.828922','4','Gopi,Car',1,'',37,1),(761,'2017-12-07 07:36:48.632545','5','Nataraj,Car',1,'',37,1),(762,'2017-12-07 07:38:34.681170','6','Islamuddin,Car',1,'',37,1),(763,'2017-12-07 07:40:23.266631','7','Basavaraj,Car',1,'',37,1),(764,'2017-12-07 07:42:24.790756','8','Madhu,Car',1,'',37,1),(765,'2017-12-07 07:45:41.860107','9','Kishan,Car',1,'',37,1),(766,'2017-12-07 07:47:33.643457','10','Prakhyat,Car',1,'',37,1),(767,'2017-12-07 07:49:16.417802','11','Thouqeer Khan,Car',1,'',37,1),(768,'2017-12-07 07:50:53.366159','12','Purushottam,Car',1,'',37,1),(769,'2017-12-07 07:52:45.457570','13','Ravi Kiran,Car',1,'',37,1),(770,'2017-12-07 07:54:22.333081','14','Abhishek,Car',1,'',37,1),(771,'2017-12-07 07:55:49.162117','15','Narendra,Car',1,'',37,1),(772,'2017-12-07 07:57:39.977353','16','Rajendra,Car',1,'',37,1),(773,'2017-12-07 08:46:44.904489','17','Jijo,Car',1,'',37,1),(774,'2017-12-07 08:48:26.716079','18','Arun,Car',1,'',37,1),(775,'2017-12-07 08:50:16.827575','19','Bharath,Car',1,'',37,1),(776,'2017-12-07 08:53:09.553148','20','Naveen Kumar,Car',1,'',37,1),(777,'2017-12-07 08:55:52.542323','21','Avinash Rao,Car',1,'',37,1),(778,'2017-12-07 08:59:04.065790','22','Prabhakar,Pest Control - Homes & office',1,'',37,1),(779,'2017-12-07 09:02:20.256796','23','Prashanth Shetty,Pest Control - Homes & office',1,'',37,1),(780,'2017-12-07 09:05:13.895776','24','Gurudas Shetty,Car',1,'',37,1),(781,'2017-12-07 09:07:45.504075','25','Dinesh,Car',1,'',37,1),(782,'2017-12-07 09:11:05.111885','26','Suman Howlader,Car',1,'',37,1),(783,'2017-12-07 09:12:35.132290','26','Suman Howlader,Car',2,'Changed company.',37,1),(784,'2017-12-07 09:16:37.613062','17','Jijo,Car',2,'Changed service_area.',37,1),(785,'2017-12-07 09:21:43.545248','26','Suman Howlader,Car',2,'Changed service_area.',37,1),(786,'2017-12-07 09:24:11.761786','17','Jijo,Car',2,'Changed service_area.',37,1),(787,'2017-12-07 09:25:56.303561','23','Prashanth Shetty,Pest Control-Homes/office',2,'Changed category.',37,1),(788,'2017-12-07 09:27:43.533487','22','Prabhakar,Pest Control-Homes/office',2,'Changed category.',37,1),(789,'2017-12-08 07:12:13.584242','3','Germbuster',3,'',26,1),(790,'2017-12-08 07:12:14.492365','2','Bactakleen',3,'',26,1),(791,'2017-12-08 07:12:15.400417','1','Bactakleen',3,'',26,1),(792,'2017-12-08 07:14:01.175117','1','7',2,'Changed model_type.',43,2),(793,'2017-12-08 07:14:20.941543','1','6',2,'Changed model_type.',43,2),(794,'2017-12-08 08:54:18.923144','59','keyur',1,'',12,57),(795,'2017-12-08 09:11:02.824560','60','lal',1,'',12,57),(796,'2017-12-08 09:24:21.976089','61','anup',1,'',12,57),(797,'2017-12-08 09:30:52.889712','62','girish',1,'',12,57),(798,'2017-12-08 09:37:09.388144','63','alex',1,'',12,57),(799,'2017-12-08 09:43:07.613669','64','kamal',1,'',12,57),(800,'2017-12-08 09:51:32.531355','65','uttam',1,'',12,57),(801,'2017-12-08 09:58:17.317849','66','akhil',1,'',12,57),(802,'2017-12-08 10:08:03.069025','67','amit',1,'',12,57),(803,'2017-12-08 10:14:25.038214','68','deepak',1,'',12,57),(804,'2017-12-08 10:18:16.198792','57','rohith',2,'Changed name, date_of_birth and hire_date.',12,57),(805,'2017-12-09 09:12:00.953733','19','Booking#19, girish@wellnetservices.com, 2017-12-09 09:11:51.687016+00:00',1,'',22,62),(806,'2017-12-09 09:14:51.458746','20','Booking#20, keyur@wellnetservices.com, 2017-12-09 09:14:43.299241+00:00',1,'',22,59),(807,'2017-12-09 09:15:51.884153','21','Booking#21, alex@wellnetservices.com, 2017-12-09 09:15:43.728414+00:00',1,'',22,63),(808,'2017-12-09 09:20:17.806845','2','Booking#2, girish@wellnetservices.com, 2017-12-09 09:20:09.342831+00:00',1,'',34,62),(809,'2017-12-09 09:20:57.618240','3','Booking#3, keyur@wellnetservices.com, 2017-12-09 09:20:49.213908+00:00',1,'',34,59),(810,'2017-12-09 09:21:18.064559','22','Booking#22, uttam@wellnetservices.com, 2017-12-09 09:21:09.446919+00:00',1,'',22,65),(811,'2017-12-09 09:21:30.673723','21','Booking#21, alex@wellnetservices.com, 2017-12-09 09:21:29.604597+00:00',2,'Changed cheque_dd_date and transfer_date.',22,63),(812,'2017-12-09 09:22:55.082320','1','2017-12-07',1,'',42,62),(813,'2017-12-09 09:29:35.884939','1','2017-12-07',2,'Added Report \"Reports\". Added Report \"Reports\".',42,2),(814,'2017-12-11 05:29:23.138220','2','EmployeeGroup',2,'Changed permissions.',3,1),(815,'2017-12-12 04:10:46.090399','23','Booking#23, suhas@wellnetservices.com, 2017-12-12 04:10:37.126381+00:00',1,'',22,36),(816,'2017-12-12 04:12:32.546901','64','kamal',2,'Changed hire_date.',12,57),(817,'2017-12-12 04:34:28.134984','2','EmployeeGroup',2,'Changed permissions.',3,1),(818,'2017-12-12 05:40:51.045951','36','suhas',2,'Changed pan_number and hire_date.',12,57),(819,'2017-12-12 11:27:10.285411','64','kamal',2,'Changed hire_date.',12,57),(820,'2017-12-12 11:27:59.255007','36','suhas',2,'Changed hire_date.',12,57),(821,'2017-12-12 13:04:31.161388','2','2017-12-12',1,'',42,62),(822,'2017-12-12 13:05:04.792938','2','2017-12-12',2,'No fields changed.',42,62),(823,'2017-12-12 13:05:27.559831','2','2017-12-12',2,'No fields changed.',42,62),(824,'2017-12-12 13:06:16.324987','2','2017-12-12',2,'No fields changed.',42,62),(825,'2017-12-12 13:06:32.004785','3','2017-12-12',1,'',42,66),(826,'2017-12-12 13:07:16.729247','3','2017-12-12',2,'No fields changed.',42,66),(827,'2017-12-12 13:07:37.709610','2','2017-12-12',2,'No fields changed.',42,62),(828,'2017-12-12 13:08:42.117303','2','2017-12-12',2,'No fields changed.',42,62),(829,'2017-12-12 13:09:09.477999','2','2017-12-12',2,'No fields changed.',42,62),(830,'2017-12-12 13:15:10.146678','4','2017-12-12',1,'',42,62),(831,'2017-12-12 13:15:47.501887','4','2017-12-12',2,'No fields changed.',42,62),(832,'2017-12-12 13:20:23.134234','4','2017-12-12',2,'No fields changed.',42,62),(833,'2017-12-12 13:21:10.066711','4','2017-12-12',2,'No fields changed.',42,62),(834,'2017-12-12 13:21:28.664834','4','2017-12-12',2,'No fields changed.',42,62),(835,'2017-12-13 13:34:15.316398','5','2017-12-13',1,'',42,66),(836,'2017-12-13 16:17:57.766925','6','2017-12-13',1,'',42,62),(837,'2017-12-14 14:57:41.225260','7','2017-12-14',1,'',42,66),(838,'2017-12-14 17:46:25.478565','8','2017-12-14',1,'',42,62),(839,'2017-12-15 12:40:46.990704','9','2017-12-15',1,'',42,62),(840,'2017-12-18 15:14:29.158844','10','2017-12-18',1,'',42,62),(841,'2017-12-18 15:31:52.962336','11','2017-12-18',1,'',42,66),(842,'2017-12-19 14:18:15.288434','12','2017-12-19',1,'',42,62),(843,'2017-12-19 15:29:08.792275','13','2017-12-19',1,'',42,66),(844,'2017-12-20 14:43:41.493179','14','2017-12-20',1,'',42,62),(845,'2017-12-20 15:34:23.081432','15','2017-12-20',1,'',42,66),(846,'2017-12-21 05:01:06.431948','24','Booking#24, girish@wellnetservices.com, 2017-12-21 05:00:57.120596+00:00',1,'',22,62),(847,'2017-12-21 06:04:48.598597','16','2017-12-21',1,'',42,67),(848,'2017-12-21 06:15:28.825014','4','Booking#4, girish@wellnetservices.com, 2017-12-21 06:15:18.791589+00:00',1,'',34,62),(849,'2017-12-21 06:15:32.017832','5','Booking#5, amit@wellnetservices.com, 2017-12-21 06:15:22.670286+00:00',1,'',34,67),(850,'2017-12-21 06:18:59.280308','4','Booking#4, girish@wellnetservices.com, 2017-12-21 06:18:51.342107+00:00',2,'No fields changed.',34,62),(851,'2017-12-21 06:19:02.249804','5','Booking#5, amit@wellnetservices.com, 2017-12-21 06:18:54.057405+00:00',2,'No fields changed.',34,67),(852,'2017-12-21 06:42:53.077434','17','2017-12-21',1,'',42,65),(853,'2017-12-21 06:47:11.023013','6','Booking#6, keyur@wellnetservices.com, 2017-12-21 06:47:02.285099+00:00',1,'',34,59),(854,'2017-12-21 06:48:10.511126','6','Booking#6, keyur@wellnetservices.com, 2017-12-21 06:47:51.877172+00:00',2,'No fields changed.',34,59),(855,'2017-12-21 06:53:58.726875','18','2017-12-20',1,'',42,59),(856,'2017-12-21 06:54:30.400758','19','2017-12-20',1,'',42,59),(857,'2017-12-21 06:59:02.716561','25','Booking#25, keyur@wellnetservices.com, 2017-12-21 06:58:52.853296+00:00',1,'',22,59),(858,'2017-12-21 07:15:25.321987','7','Booking#7, keyur@wellnetservices.com, 2017-12-21 07:15:16.455015+00:00',1,'',34,59),(859,'2017-12-21 07:15:53.689306','8','Booking#8, keyur@wellnetservices.com, 2017-12-21 07:15:36.548106+00:00',1,'',34,59),(860,'2017-12-21 07:23:11.079094','9','Booking#9, uttam@wellnetservices.com, 2017-12-21 07:22:58.871837+00:00',1,'',34,65),(861,'2017-12-21 07:30:52.821246','26','Booking#26, keyur@wellnetservices.com, 2017-12-21 07:30:44.459469+00:00',1,'',22,59),(862,'2017-12-21 07:30:53.465737','27','Booking#27, keyur@wellnetservices.com, 2017-12-21 07:30:45.389711+00:00',1,'',22,59),(863,'2017-12-21 07:31:04.577228','20','2017-12-21',1,'',42,66),(864,'2017-12-21 07:31:29.780659','20','2017-12-21',2,'No fields changed.',42,66),(865,'2017-12-21 07:31:40.001286','20','2017-12-21',2,'No fields changed.',42,66),(866,'2017-12-21 07:37:08.300440','28','Booking#28, keyur@wellnetservices.com, 2017-12-21 07:36:59.383367+00:00',1,'',22,59),(867,'2017-12-21 07:37:14.095635','10','Booking#10, akhil@wellnetservices.com, 2017-12-21 07:37:05.441547+00:00',1,'',34,66),(868,'2017-12-21 07:37:38.545778','11','Booking#11, akhil@wellnetservices.com, 2017-12-21 07:37:29.678657+00:00',1,'',34,66),(869,'2017-12-21 07:43:44.163978','29','Booking#29, akhil@wellnetservices.com, 2017-12-21 07:43:35.474182+00:00',1,'',22,66),(870,'2017-12-21 07:51:00.632636','30','Booking#30, uttam@wellnetservices.com, 2017-12-21 07:50:52.187577+00:00',1,'',22,65),(871,'2017-12-21 08:05:36.576002','21','2017-12-21',1,'',42,65),(872,'2017-12-21 08:10:52.895858','22','2017-12-21',1,'',42,59),(873,'2017-12-21 08:12:13.550018','23','2017-12-21',1,'',42,59),(874,'2017-12-21 08:12:42.387875','23','2017-12-21',2,'No fields changed.',42,59),(875,'2017-12-21 08:20:10.522033','24','2017-12-21',1,'',42,65),(876,'2017-12-21 08:20:49.935648','24','2017-12-21',2,'No fields changed.',42,65),(877,'2017-12-21 08:29:52.946971','23','2017-12-21',2,'No fields changed.',42,59),(878,'2017-12-21 09:55:34.700829','64','kamal',2,'Changed email and hire_date.',12,2),(879,'2017-12-21 10:12:08.965504','31','Booking#31, suhas@wellnetservices.com, 2017-12-21 10:12:00.472585+00:00',1,'',22,36),(880,'2017-12-21 10:12:12.863307','32','Booking#32, kamal@wellnetservices.com, 2017-12-21 10:12:04.098966+00:00',1,'',22,64),(881,'2017-12-21 10:16:58.280351','12','Booking#12, suhas@wellnetservices.com, 2017-12-21 10:16:49.534898+00:00',1,'',34,36),(882,'2017-12-21 10:16:58.933104','13','Booking#13, kamal@wellnetservices.com, 2017-12-21 10:16:50.059097+00:00',1,'',34,64),(883,'2017-12-21 10:27:22.625675','33','Booking#33, alex@wellnetservices.com, 2017-12-21 10:27:14.278995+00:00',1,'',22,63),(884,'2017-12-21 11:09:56.119997','25','2017-12-21',1,'',42,68),(885,'2017-12-21 11:10:02.258370','26','2017-12-21',1,'',42,68),(886,'2017-12-21 11:10:06.247000','27','2017-12-21',1,'',42,68),(887,'2017-12-21 11:10:10.936617','28','2017-12-21',1,'',42,68),(888,'2017-12-21 11:10:13.826579','29','2017-12-21',1,'',42,68),(889,'2017-12-21 11:12:13.094853','29','2017-12-21',2,'No fields changed.',42,68),(890,'2017-12-21 11:13:47.294369','30','2017-12-21',1,'',42,68),(891,'2017-12-21 12:35:02.948867','31','2017-12-21',1,'',42,62),(892,'2017-12-22 04:22:54.948336','2','EmployeeGroup',2,'Changed permissions.',3,1),(893,'2017-12-22 05:39:15.314309','14','Booking#14, amit@wellnetservices.com, 2017-12-22 05:39:05.880993+00:00',1,'',34,67),(894,'2017-12-22 09:46:52.634606','2','Tamil Nadu',1,'',7,57),(895,'2017-12-22 09:48:08.819631','3','Delhi',1,'',7,57),(896,'2017-12-22 09:48:37.905651','4','Mumbai',1,'',7,57),(897,'2017-12-22 09:51:42.371508','7','Koyambedu',1,'',8,57),(898,'2017-12-23 06:11:16.945133','4','Maharashtra',2,'Changed name.',7,57),(899,'2017-12-23 06:12:03.335304','5','Chattisgarh',1,'',7,57),(900,'2017-12-23 06:12:23.600643','6','Jharkhand',1,'',7,57),(901,'2017-12-23 06:12:52.984622','7','Assam',1,'',7,57),(902,'2017-12-23 06:13:10.985404','8','Bihar',1,'',7,57),(903,'2017-12-23 06:14:09.521614','9','Odisha',1,'',7,57),(904,'2017-12-23 06:14:35.031100','10','Meghayala',1,'',7,57),(905,'2017-12-23 06:15:22.593509','11','West Bengal',1,'',7,57),(906,'2017-12-23 06:15:48.097596','12','Nagaland',1,'',7,57),(907,'2017-12-23 06:16:09.659230','13','Sikkim',1,'',7,57),(908,'2017-12-23 06:49:52.419536','14','Kerala',1,'',7,57),(909,'2017-12-23 06:50:13.256242','15','Telanagana',1,'',7,57),(910,'2017-12-23 06:50:43.173819','16','Andhra pradesh',1,'',7,57),(911,'2017-12-23 06:51:27.028253','17','Himachal Pradesh',1,'',7,57),(912,'2017-12-23 06:57:09.314387','18','Jammu & Kashmir',1,'',7,57),(913,'2017-12-23 06:57:27.460426','19','Punjab',1,'',7,57),(914,'2017-12-23 06:57:48.896417','20','Noida',1,'',7,57),(915,'2017-12-23 06:58:35.833196','21','Greater Noida',1,'',7,57),(916,'2017-12-23 07:00:01.319583','22','Uttar Pradesh',1,'',7,57),(917,'2017-12-23 07:00:21.288209','23','Rajasthan',1,'',7,57),(918,'2017-12-23 07:00:38.802827','24','Madhya Pradesh',1,'',7,57),(919,'2017-12-23 07:00:58.707156','25','Goa',1,'',7,57),(920,'2017-12-23 07:02:00.161458','26','Gujarat',1,'',7,57),(921,'2017-12-23 07:10:40.404228','27','Arunachal Pradesh',1,'',7,57),(922,'2017-12-23 07:11:09.409510','28','Haryana',1,'',7,57),(923,'2017-12-23 07:12:18.462731','29','Manipur',1,'',7,57),(924,'2017-12-23 07:12:41.326560','30','Meghalaya',1,'',7,57),(925,'2017-12-23 07:13:01.310969','31','Mizoram',1,'',7,57),(926,'2017-12-23 07:14:45.859425','32','Tripura',1,'',7,57),(927,'2017-12-23 07:15:10.157900','33','Uttarakhand',1,'',7,57),(928,'2017-12-23 07:16:00.540574','34','Andaman and Nicobar Islands',1,'',7,57),(929,'2017-12-23 07:17:08.765373','3','Delhi (UT)',2,'Changed name.',7,57),(930,'2017-12-23 07:19:45.930806','35','Chandigarh (UT)',1,'',7,57),(931,'2017-12-23 07:25:15.443058','36','Dadra and Nagar Haveli (UT)',1,'',7,57),(932,'2017-12-23 07:26:06.598655','37','Daman and Diu (UT)',1,'',7,57),(933,'2017-12-23 07:26:46.918935','38','Lakshadweep (UT)',1,'',7,57),(934,'2017-12-23 07:27:13.718684','39','Puducherry (UT)',1,'',7,57),(935,'2017-12-23 07:28:12.099430','34','Andaman and Nicobar Islands (UT)',2,'Changed name.',7,57),(936,'2017-12-23 07:43:02.731243','8','Bilaspur',1,'',8,57),(937,'2017-12-23 07:44:24.726383','7','Koyambedu',2,'No fields changed.',8,57),(938,'2017-12-23 07:44:58.845004','9','Jamshedpur',1,'',8,57),(939,'2017-12-23 07:46:05.448048','10','Dibrugrah',1,'',8,57),(940,'2017-12-23 07:46:32.739676','11','Patna',1,'',8,57),(941,'2017-12-23 07:47:02.008006','12','Gaya',1,'',8,57),(942,'2017-12-23 07:47:34.652424','13','Cuttack',1,'',8,57),(943,'2017-12-23 07:48:16.101580','14','Rourkela',1,'',8,57),(944,'2017-12-23 07:48:46.434726','15','Sambalpur',1,'',8,57),(945,'2017-12-23 07:49:23.236642','16','Guwahati',1,'',8,57),(946,'2017-12-23 07:49:47.041863','17','Nagaon',1,'',8,57),(947,'2017-12-23 07:50:13.626574','18','Shillong',1,'',8,57),(948,'2017-12-23 07:50:59.970683','19','Durgapur',1,'',8,57),(949,'2017-12-23 07:52:26.341680','20','Asansol',1,'',8,57),(950,'2017-12-23 07:54:55.123412','21','Nagaland',1,'',8,57),(951,'2017-12-23 07:55:31.020141','22','Silchar',1,'',8,57),(952,'2017-12-23 07:55:58.508912','23','Howrah',1,'',8,57),(953,'2017-12-23 07:56:21.200115','24','Dhanbad',1,'',8,57),(954,'2017-12-23 07:56:42.616406','25','Ranchi',1,'',8,57),(955,'2017-12-23 07:57:04.637389','26','Gangtok',1,'',8,57),(956,'2017-12-23 07:57:25.870078','27','Kolkata',1,'',8,57),(957,'2017-12-23 07:57:46.566402','28','Siliguri',1,'',8,57),(958,'2017-12-23 07:58:14.817349','29','Bhilai Dhamda',1,'',8,57),(959,'2017-12-23 07:58:35.872819','30','Muzaffarpur',1,'',8,57),(960,'2017-12-23 07:59:01.799630','31','Raipur',1,'',8,57),(961,'2017-12-23 08:00:23.497300','32','Calicut',1,'',8,57),(962,'2017-12-23 08:01:04.860248','33','Kannur',1,'',8,57),(963,'2017-12-23 08:01:47.097134','34','Kasaragode',1,'',8,57),(964,'2017-12-23 08:02:55.519496','35','Malappuram',1,'',8,57),(965,'2017-12-23 08:03:48.589426','36','Palakkad',1,'',8,57),(966,'2017-12-23 08:04:19.054486','37','Tirur',1,'',8,57),(967,'2017-12-23 08:04:43.180592','38','Kalpetta',1,'',8,57),(968,'2017-12-23 08:05:06.944164','39','Vegalam',1,'',8,57),(969,'2017-12-23 08:05:31.389748','40','Coimbatore',1,'',8,57),(970,'2017-12-23 08:06:20.870600','41','Erode',1,'',8,57),(971,'2017-12-23 08:06:51.530942','42','Salem',1,'',8,57),(972,'2017-12-23 08:07:25.337426','43','Virudhunagar',1,'',8,57),(973,'2017-12-23 08:07:53.235896','44','Kumbakonam',1,'',8,57),(974,'2017-12-23 08:08:13.170490','45','Madurai',1,'',8,57),(975,'2017-12-23 08:08:34.183115','46','Trichy',1,'',8,57),(976,'2017-12-23 08:09:34.919752','47','Tirunelveli',1,'',8,57),(977,'2017-12-23 08:11:17.228544','48','Tirupur',1,'',8,57),(978,'2017-12-23 08:12:11.792044','49','Puducherry',1,'',8,57),(979,'2017-12-23 08:15:21.379045','50','Chennai',1,'',8,57),(980,'2017-12-23 08:15:44.243589','51','Vellore',1,'',8,57),(981,'2017-12-23 08:16:22.101394','52','Kanchipuram',1,'',8,57),(982,'2017-12-23 08:16:54.601294','53','Thiruvannamalai',1,'',8,57),(983,'2017-12-23 08:17:17.495353','54','Villupuram',1,'',8,57),(984,'2017-12-23 08:17:40.597867','55','Karaikal',1,'',8,57),(985,'2017-12-23 08:18:18.290712','56','Kollam',1,'',8,57),(986,'2017-12-23 08:18:57.341817','57','Thrissur',1,'',8,57),(987,'2017-12-23 08:19:23.603990','58','Kochi',1,'',8,57),(988,'2017-12-23 08:19:53.542509','59','Kottayam',1,'',8,57),(989,'2017-12-23 08:20:13.506759','60','Alappuzha',1,'',8,57),(990,'2017-12-23 08:20:32.623954','61','Muvattupuzha',1,'',8,57),(991,'2017-12-23 08:21:22.953713','62','Pathanamthitta',1,'',8,57),(992,'2017-12-23 08:21:47.588660','63','Thiruvananthapuram',1,'',8,57),(993,'2017-12-23 08:22:17.255175','64','Enchakkal',1,'',8,57),(994,'2017-12-23 08:22:39.852012','65','Thiruvalla',1,'',8,57),(995,'2017-12-23 08:23:31.865299','66','Tumkur',1,'',8,57),(996,'2017-12-23 08:25:29.365973','67','Hyderabad',1,'',8,57),(997,'2017-12-23 08:26:03.033112','68','Durga',1,'',8,57),(998,'2017-12-23 08:27:03.791443','69','Udupi',1,'',8,57),(999,'2017-12-23 08:27:30.882719','70','Bijapur',1,'',8,57),(1000,'2017-12-23 08:27:54.724413','71','Belgaum',1,'',8,57),(1001,'2017-12-23 08:31:27.045701','72','Gulbarga',1,'',8,57),(1002,'2017-12-23 08:31:49.252003','73','Hospet',1,'',8,57),(1003,'2017-12-23 08:32:14.230878','74','Balakrishna',1,'',8,57),(1004,'2017-12-23 08:32:36.091227','75','Shivamogga',1,'',8,57),(1005,'2017-12-23 09:37:16.456299','76','Mandi',1,'',8,57),(1006,'2017-12-23 09:37:49.352606','77','Solan',1,'',8,57),(1007,'2017-12-23 09:39:14.557744','78','Hamirpur',1,'',8,57),(1008,'2017-12-23 09:40:16.464077','79','Shimla',1,'',8,57),(1009,'2017-12-23 09:40:39.869041','80','Srinagar',1,'',8,57),(1010,'2017-12-23 09:41:01.954340','81','Amritsar',1,'',8,57),(1011,'2017-12-23 09:41:36.615784','82','Hoshiarpur',1,'',8,57),(1012,'2017-12-23 09:42:33.670043','83','Jalandhar',1,'',8,57),(1013,'2017-12-23 09:43:09.309180','84','Nawan shahar',1,'',8,57),(1014,'2017-12-23 09:43:28.392939','85','Tarantaran',1,'',8,57),(1015,'2017-12-23 09:43:52.662918','86','Delhi',1,'',8,57),(1016,'2017-12-23 09:44:19.873163','87','Noida',1,'',8,57),(1017,'2017-12-23 09:44:53.734439','88','Greater Noida',1,'',8,57),(1018,'2017-12-23 09:46:11.499809','89','Kundli',1,'',8,57),(1019,'2017-12-23 09:46:56.688092','90','Ambala',1,'',8,57),(1020,'2017-12-23 09:47:31.810149','91','Mohali',1,'',8,57),(1021,'2017-12-23 09:48:13.482497','92','Karnal',1,'',8,57),(1022,'2017-12-23 09:48:58.326301','93','Panipat',1,'',8,57),(1023,'2017-12-23 09:49:38.310552','94','Yamunanagar',1,'',8,57),(1024,'2017-12-23 09:51:14.124022','95','Kaithal',1,'',8,57),(1025,'2017-12-23 09:52:17.082576','96','Ludhiana',1,'',8,57),(1026,'2017-12-23 09:52:54.078261','97','Sangrur',1,'',8,57),(1027,'2017-12-23 09:53:23.062126','98','Gurgaon',1,'',8,57),(1028,'2017-12-23 09:53:58.172027','99','Rewari',1,'',8,57),(1029,'2017-12-23 09:54:19.891392','100','Hissar',1,'',8,57),(1030,'2017-12-23 09:54:57.920865','101','Sirsa',1,'',8,57),(1031,'2017-12-23 09:55:25.155192','102','Fatehgarh Sahib',1,'',8,57),(1032,'2017-12-23 09:55:48.776440','103','Bathinda',1,'',8,57),(1033,'2017-12-23 09:56:18.156850','104','Patiala',1,'',8,57),(1034,'2017-12-23 09:57:30.635944','105','Panchkula',1,'',8,57),(1035,'2017-12-23 09:58:53.570842','106','Ferozpur',1,'',8,57),(1036,'2017-12-23 09:59:27.077301','107','Moga',1,'',8,57),(1037,'2017-12-23 09:59:47.066449','108','Rohtak',1,'',8,57),(1038,'2017-12-23 10:00:07.647745','109','Leh',1,'',8,57),(1039,'2017-12-23 10:00:27.013025','110','Jammu',1,'',8,57),(1040,'2017-12-23 10:00:51.727652','111','Kangra',1,'',8,57),(1041,'2017-12-23 10:01:19.646705','112','Faridabad',1,'',8,57),(1042,'2017-12-23 10:02:00.327707','113','Palwal',1,'',8,57),(1043,'2017-12-23 10:02:48.986510','114','Ghaziabad',1,'',8,57),(1044,'2017-12-23 10:03:36.249727','115','Gwalior',1,'',8,57),(1045,'2017-12-23 10:04:05.676508','116','Alwar',1,'',8,57),(1046,'2017-12-23 10:04:28.025432','117','Bhilwara',1,'',8,57),(1047,'2017-12-23 10:04:48.264059','118','Jaipur',1,'',8,57),(1048,'2017-12-23 10:05:09.398159','119','Kota',1,'',8,57),(1049,'2017-12-23 10:05:27.728562','120','Udaipur',1,'',8,57),(1050,'2017-12-23 10:05:55.408430','121','Bareilly',1,'',8,57),(1051,'2017-12-23 10:06:21.905967','122','Haldwani',1,'',8,57),(1052,'2017-12-23 10:06:44.917897','123','Jabalpur',1,'',8,57),(1053,'2017-12-23 10:07:11.636056','124','Moradabad',1,'',8,57),(1054,'2017-12-23 10:07:58.479966','124','Moradabad',2,'Changed state.',8,57),(1055,'2017-12-23 10:08:21.064870','125','Dehradun',1,'',8,57),(1056,'2017-12-23 10:08:45.050391','126','Meerut',1,'',8,57),(1057,'2017-12-23 10:09:07.300968','127','Jhansi',1,'',8,57),(1058,'2017-12-23 10:09:50.782108','128','Aligarh',1,'',8,57),(1059,'2017-12-23 10:10:12.434572','129','Ajmer',1,'',8,57),(1060,'2017-12-23 10:10:41.016740','130','Sikar',1,'',8,57),(1061,'2017-12-23 10:11:01.727035','131','Allahabad',1,'',8,57),(1062,'2017-12-23 10:11:22.059342','132','Gorakhpur',1,'',8,57),(1063,'2017-12-23 10:11:46.475305','133','Varanasi',1,'',8,57),(1064,'2017-12-23 10:12:16.297554','134','Azamgargh',1,'',8,57),(1065,'2017-12-23 10:12:38.563143','135','Sonebhadra',1,'',8,57),(1066,'2017-12-23 10:13:01.333455','136','Bhopal',1,'',8,57),(1067,'2017-12-23 10:13:26.431601','137','Indore',1,'',8,57),(1068,'2017-12-23 10:19:16.015116','138','Ratlam',1,'',8,57),(1069,'2017-12-23 10:19:37.809794','139','Bikaner',1,'',8,57),(1070,'2017-12-23 10:19:57.389310','140','Jodhpur',1,'',8,57),(1071,'2017-12-23 10:20:25.452586','141','Chindwara',1,'',8,57),(1072,'2017-12-23 10:20:44.976882','142','Sri Ganganagar',1,'',8,57),(1073,'2017-12-23 10:21:14.611168','143','Agra',1,'',8,57),(1074,'2017-12-23 10:22:09.828493','143','Agra',2,'Changed state.',8,57),(1075,'2017-12-23 10:22:33.876592','144','Kanpur',1,'',8,57),(1076,'2017-12-23 10:22:54.760263','145','Lucknow',1,'',8,57),(1077,'2017-12-23 10:23:15.000718','146','Satna',1,'',8,57),(1078,'2017-12-23 10:23:46.617816','147','Thane',1,'',8,57),(1079,'2017-12-23 10:24:04.830133','148','Thane West',1,'',8,57),(1080,'2017-12-23 10:24:25.863234','149','Kalyan',1,'',8,57),(1081,'2017-12-23 10:24:44.158464','150','Panvel',1,'',8,57),(1082,'2017-12-23 10:25:02.888107','151','Nasik',1,'',8,57),(1083,'2017-12-23 10:30:34.306706','152','Pune',1,'',8,57),(1084,'2017-12-23 10:30:52.709362','153','Satara',1,'',8,57),(1085,'2017-12-23 10:31:13.791533','154','Ahmednagar',1,'',8,57),(1086,'2017-12-23 10:31:38.856560','155','Solapur',1,'',8,57),(1087,'2017-12-23 10:31:57.337009','156','Kolhapur',1,'',8,57),(1088,'2017-12-23 10:32:15.642836','157','Ratnagiri',1,'',8,57),(1089,'2017-12-23 10:32:35.863149','158','Sangli',1,'',8,57),(1090,'2017-12-23 10:33:02.352175','159','Dharwad',1,'',8,57),(1091,'2017-12-23 10:33:23.518722','160','Goa',1,'',8,57),(1092,'2017-12-23 10:34:14.600232','161','Aurangabad',1,'',8,57),(1093,'2017-12-23 10:34:40.293242','162','Baramati',1,'',8,57),(1094,'2017-12-23 10:34:59.297011','163','Nagpur',1,'',8,57),(1095,'2017-12-23 10:35:21.432302','164','Akola',1,'',8,57),(1096,'2017-12-23 10:35:47.133273','165','Jalgaon',1,'',8,57),(1097,'2017-12-23 10:36:19.119351','166','Dhule',1,'',8,57),(1098,'2017-12-23 10:37:04.602280','167','Nandurbar',1,'',8,57),(1099,'2017-12-23 10:37:25.660128','168','Latur',1,'',8,57),(1100,'2017-12-23 10:52:58.590220','169','Rajkot',1,'',8,57),(1101,'2017-12-23 10:53:18.432857','170','Ahmedabad',1,'',8,57),(1102,'2017-12-23 10:53:37.780927','171','Vadodara',1,'',8,57),(1103,'2017-12-23 10:53:58.969102','172','Mehsana',1,'',8,57),(1104,'2017-12-23 10:54:43.761365','173','Himatnagar',1,'',8,57),(1105,'2017-12-23 10:55:06.078188','174','Gandhidham',1,'',8,57),(1106,'2017-12-23 11:12:52.211930','175','Anand',1,'',8,57),(1107,'2017-12-23 11:14:17.194932','176','Surat',1,'',8,57),(1108,'2017-12-23 11:14:39.533825','177','Bharuch',1,'',8,57),(1109,'2017-12-23 11:15:00.626383','178','Bhavnagar',1,'',8,57),(1110,'2017-12-23 11:15:59.708022','179','Vapi',1,'',8,57),(1111,'2017-12-26 08:15:32.011251','34','Booking#34, kamal@wellnetservices.com, 2017-12-26 08:15:16.947538+00:00',1,'',22,64),(1112,'2017-12-26 08:15:39.491365','35','Booking#35, kamal@wellnetservices.com, 2017-12-26 08:15:30.492973+00:00',1,'',22,64),(1113,'2017-12-26 08:16:57.433300','36','Booking#36, kamal@wellnetservices.com, 2017-12-26 08:16:49.541286+00:00',1,'',22,64),(1114,'2017-12-28 14:34:43.880993','37','Booking#37, kamal@wellnetservices.com, 2017-12-28 14:34:28.870890+00:00',1,'',22,64),(1115,'2017-12-29 06:56:32.038619','14','Booking#14, amit@wellnetservices.com, 2017-12-22',3,'',34,1),(1116,'2017-12-29 06:56:32.963129','13','Booking#13, kamal@wellnetservices.com, 2017-12-21',3,'',34,1),(1117,'2017-12-29 06:56:33.886764','12','Booking#12, suhas@wellnetservices.com, 2017-12-21',3,'',34,1),(1118,'2017-12-29 06:56:34.809845','11','Booking#11, akhil@wellnetservices.com, 2017-12-21',3,'',34,1),(1119,'2017-12-29 06:56:35.732995','10','Booking#10, akhil@wellnetservices.com, 2017-12-21',3,'',34,1),(1120,'2017-12-29 06:56:36.655949','9','Booking#9, uttam@wellnetservices.com, 2017-12-21',3,'',34,1),(1121,'2017-12-29 06:56:37.579632','8','Booking#8, keyur@wellnetservices.com, 2017-12-21',3,'',34,1),(1122,'2017-12-29 06:56:38.503765','7','Booking#7, keyur@wellnetservices.com, 2017-12-21',3,'',34,1),(1123,'2017-12-29 06:56:39.426836','6','Booking#6, keyur@wellnetservices.com, 2017-12-21',3,'',34,1),(1124,'2017-12-29 06:56:40.349723','5','Booking#5, amit@wellnetservices.com, 2017-12-21',3,'',34,1),(1125,'2017-12-29 06:56:41.273326','4','Booking#4, girish@wellnetservices.com, 2017-12-21',3,'',34,1),(1126,'2017-12-29 06:56:42.197015','3','Booking#3, keyur@wellnetservices.com, 2017-12-09',3,'',34,1),(1127,'2017-12-29 06:56:43.120656','2','Booking#2, girish@wellnetservices.com, 2017-12-09',3,'',34,1),(1128,'2017-12-29 06:56:44.044972','1','Booking#1, sridhar@wellnetservices.com, 2017-12-06',3,'',34,1),(1129,'2017-12-29 07:29:30.902921','37','Booking#37, kamal@wellnetservices.com, 2017-12-28',3,'',22,1),(1130,'2017-12-29 07:29:31.787525','36','Booking#36, kamal@wellnetservices.com, 2017-12-26',3,'',22,1),(1131,'2017-12-29 07:29:32.670562','35','Booking#35, kamal@wellnetservices.com, 2017-12-26',3,'',22,1),(1132,'2017-12-29 07:29:33.553452','34','Booking#34, kamal@wellnetservices.com, 2017-12-26',3,'',22,1),(1133,'2017-12-29 07:29:34.436576','33','Booking#33, alex@wellnetservices.com, 2017-12-21',3,'',22,1),(1134,'2017-12-29 07:29:35.319263','32','Booking#32, kamal@wellnetservices.com, 2017-12-21',3,'',22,1),(1135,'2017-12-29 07:29:36.202265','31','Booking#31, suhas@wellnetservices.com, 2017-12-21',3,'',22,1),(1136,'2017-12-29 07:29:37.085968','30','Booking#30, uttam@wellnetservices.com, 2017-12-21',3,'',22,1),(1137,'2017-12-29 07:29:37.969349','29','Booking#29, akhil@wellnetservices.com, 2017-12-21',3,'',22,1),(1138,'2017-12-29 07:29:38.854410','28','Booking#28, keyur@wellnetservices.com, 2017-12-21',3,'',22,1),(1139,'2017-12-29 07:29:39.738417','27','Booking#27, keyur@wellnetservices.com, 2017-12-21',3,'',22,1),(1140,'2017-12-29 07:29:40.621481','26','Booking#26, keyur@wellnetservices.com, 2017-12-21',3,'',22,1),(1141,'2017-12-29 07:29:41.504531','25','Booking#25, keyur@wellnetservices.com, 2017-12-21',3,'',22,1),(1142,'2017-12-29 07:29:42.387497','24','Booking#24, girish@wellnetservices.com, 2017-12-21',3,'',22,1),(1143,'2017-12-29 07:29:43.270340','23','Booking#23, suhas@wellnetservices.com, 2017-12-12',3,'',22,1),(1144,'2017-12-29 07:29:44.153528','22','Booking#22, uttam@wellnetservices.com, 2017-12-09',3,'',22,1),(1145,'2017-12-29 07:29:45.036439','21','Booking#21, alex@wellnetservices.com, 2017-12-09',3,'',22,1),(1146,'2017-12-29 07:29:45.919530','20','Booking#20, keyur@wellnetservices.com, 2017-12-09',3,'',22,1),(1147,'2017-12-29 07:29:46.803495','19','Booking#19, girish@wellnetservices.com, 2017-12-09',3,'',22,1),(1148,'2017-12-29 07:29:47.686492','18','Booking#18, sridhar@wellnetservices.com, 2017-12-06',3,'',22,1),(1149,'2017-12-29 11:58:20.175365','32','2017-12-29',1,'',42,66),(1150,'2017-12-29 12:07:40.018605','33','2017-12-29',1,'',42,67),(1151,'2017-12-29 13:37:42.571174','3','Bactakleen Fumigation Machine',1,'',24,57),(1152,'2017-12-29 13:39:15.009437','4','Bactakleen Ultra Mist Solution',1,'',24,57),(1153,'2017-12-29 13:39:17.384650','5','Bactakleen Ultra Mist Solution',1,'',24,57),(1154,'2017-12-29 13:39:19.350753','6','Bactakleen Ultra Mist Solution',1,'',24,57),(1155,'2017-12-29 13:39:20.039169','7','Bactakleen Ultra Mist Solution',1,'',24,57),(1156,'2017-12-29 15:37:41.404253','34','2017-12-29',1,'',42,62),(1157,'2017-12-30 06:31:40.278271','7','Bactakleen Ultra Mist Solution',3,'',24,1),(1158,'2017-12-30 06:31:41.161093','6','Bactakleen Ultra Mist Solution',3,'',24,1),(1159,'2017-12-30 06:31:42.043246','5','Bactakleen Ultra Mist Solution',3,'',24,1),(1160,'2017-12-30 07:16:07.682264','6','Bactakleen Fumigation Machine',1,'',26,57),(1161,'2017-12-30 07:17:16.445922','7','Bactakleen Ultra Mist Solution',1,'',26,57),(1162,'2017-12-30 07:19:08.252204','3','Tax object',1,'',31,57),(1163,'2017-12-30 07:20:17.428012','4','Tax object',1,'',31,57),(1164,'2017-12-30 13:18:42.412975','35','2017-12-30',1,'',42,65),(1165,'2018-01-02 05:35:22.953411','69','nanditoyotakudlugate',1,'',15,36),(1166,'2018-01-02 05:51:17.969419','70','nanditoyotabannerghattaroad',1,'',15,36),(1167,'2018-01-02 06:01:54.532095','71','nanditoyotakanakapuraroad',1,'',15,36),(1168,'2018-01-02 06:09:58.368220','72','nanditoyotakrroad',1,'',15,36),(1169,'2018-01-02 06:25:22.191833','73','nanditoyotabanaswadi',1,'',15,36),(1170,'2018-01-02 06:34:28.233651','74','nanditoyotabommanahalli',1,'',15,36),(1171,'2018-01-02 06:44:19.801632','75','nanditoyotawhitefield',1,'',15,36),(1172,'2018-01-02 10:55:44.620813','76','lansontoyotakoyambedu',1,'',15,36),(1173,'2018-01-02 11:24:43.443649','15','Booking#15, alex@wellnetservices.com, 2018-01-02 11:24:28.057586+00:00',1,'',34,63),(1174,'2018-01-02 11:28:34.994118','4','Tax object',2,'Changed IGST_percentage and end_date.',31,2),(1175,'2018-01-02 11:29:08.675906','3','Tax object',2,'Changed IGST_percentage and end_date.',31,2),(1176,'2018-01-02 11:29:45.459965','2','Tax object',2,'Changed active and end_date.',31,2),(1177,'2018-01-02 11:30:17.033483','1','Tax object',2,'Changed active and end_date.',31,2),(1178,'2018-01-02 11:35:21.083985','16','Booking#16, sridhar@wellnetservices.com, 2018-01-02 11:35:11.578686+00:00',1,'',34,2),(1179,'2018-01-02 11:49:03.983354','76','lansontoyotakoyambedu',2,'Changed company_name.',15,2),(1180,'2018-01-02 11:51:03.878717','73','nanditoyotabanaswadi',2,'Changed company_name.',15,36),(1181,'2018-01-02 11:52:06.995715','70','nanditoyotabannerghattaroad',2,'Changed company_name.',15,36),(1182,'2018-01-02 11:53:01.585650','74','nanditoyotabommanahalli',2,'Changed company_name.',15,36),(1183,'2018-01-02 11:54:00.224261','71','nanditoyotakanakapuraroad',2,'Changed company_name.',15,36),(1184,'2018-01-02 11:54:57.432372','72','nanditoyotakrroad',2,'Changed company_name.',15,36),(1185,'2018-01-02 11:55:54.273420','69','nanditoyotakudlugate',2,'Changed company_name.',15,36),(1186,'2018-01-02 11:56:56.841326','75','nanditoyotawhitefield',2,'Changed company_name.',15,36),(1187,'2018-01-03 12:01:55.017123','77','VivaToyotaAirportRoad',1,'',15,36),(1188,'2018-01-03 12:12:04.750397','78','VivaToyotaKogilu',1,'',15,36),(1189,'2018-01-03 12:20:25.344666','79','VivaToyotaMysoreRoad',1,'',15,36),(1190,'2018-01-03 12:22:26.091849','180','Mumbai',1,'',8,57),(1191,'2018-01-03 12:41:31.345467','76','LansonToyotaKoyambedu',2,'Changed username.',15,36),(1192,'2018-01-03 12:42:36.605734','73','NandiToyotaBanaswadi',2,'Changed username.',15,36),(1193,'2018-01-03 12:43:49.075279','70','NandTtoyotaBannerghattaRoad',2,'Changed username.',15,36),(1194,'2018-01-03 12:45:05.981959','70','NandiToyotaBannerghattaRoad',2,'Changed username.',15,36),(1195,'2018-01-03 12:45:21.114993','70','NandiToyotaBannerghattaRoad',2,'No fields changed.',15,36),(1196,'2018-01-03 12:46:31.587868','74','NandiToyotaBommanahalli',2,'Changed username.',15,36),(1197,'2018-01-03 12:48:01.740268','71','NandiToyotaKanakapuraRoad',2,'Changed username.',15,36),(1198,'2018-01-03 12:49:18.378245','72','NandiToyotaKRRoad',2,'Changed username.',15,36),(1199,'2018-01-03 12:50:32.507625','69','NandiToyotaKudluGate',2,'Changed username.',15,36),(1200,'2018-01-03 12:51:37.646153','75','NandiToyotaWhitefield',2,'Changed username.',15,36),(1201,'2018-01-03 13:04:46.411668','80','MadhubanToyotaKurlaWest',1,'',15,57),(1202,'2018-01-03 13:32:59.632602','36','2018-01-03',1,'',42,62),(1203,'2018-01-03 14:21:49.349679','37','2018-01-03',1,'',42,67),(1204,'2018-01-04 05:45:08.195383','6','Bactakleen Fumigation Machine',2,'Changed user_group.',26,2),(1205,'2018-01-04 09:22:35.464238','81','MGFToyotaGurgaon',1,'',15,68),(1206,'2018-01-04 15:26:58.129217','38','2018-01-04',1,'',42,62),(1207,'2018-01-04 15:57:42.649268','39','2018-01-04',1,'',42,67),(1208,'2018-01-05 15:33:16.262434','40','2018-01-05',1,'',42,62),(1209,'2018-01-06 13:49:26.213904','41','2018-01-06',1,'',42,67),(1210,'2018-01-06 15:20:12.521446','42','2018-01-06',1,'',42,62),(1211,'2018-01-08 07:36:05.860718','82','MGFToyotaPeeragadhi',1,'',15,57),(1212,'2018-01-08 08:01:50.763573','83','MGFToyotaDaulatabad',1,'',15,57),(1213,'2018-01-08 08:33:22.296373','45','Booking#45, sridhar@wellnetservices.com, 2018-01-08 08:33:21.175245+00:00',2,'Changed is_IGST, cheque_dd_date and transfer_date.',22,2),(1214,'2018-01-08 10:16:00.525776','83','MGFToyotaDaulatabad',2,'Changed email.',15,57),(1215,'2018-01-08 10:16:08.617185','83','MGFToyotaDaulatabad',2,'No fields changed.',15,57),(1216,'2018-01-08 10:16:09.317576','83','MGFToyotaDaulatabad',2,'No fields changed.',15,57),(1217,'2018-01-08 10:25:06.246545','83','MGFToyotaDaulatabad',2,'Changed landline. Changed landline for Owner \"Owner\".',15,57),(1218,'2018-01-08 10:25:06.736655','83','MGFToyotaDaulatabad',2,'Changed landline. Changed landline for Owner \"Owner\".',15,57),(1219,'2018-01-08 10:25:06.761339','83','MGFToyotaDaulatabad',2,'Changed landline. Changed landline for Owner \"Owner\".',15,57),(1220,'2018-01-08 10:25:07.022449','83','MGFToyotaDaulatabad',2,'Changed landline. Changed landline for Owner \"Owner\".',15,57),(1221,'2018-01-08 12:18:06.779434','21','Booking#21, rohith@wellnetservices.com, 2018-01-08 12:17:49.580400+00:00',1,'',34,57),(1222,'2018-01-08 12:20:30.121761','22','Booking#22, rohith@wellnetservices.com, 2018-01-08 12:20:14.831009+00:00',1,'',34,57),(1223,'2018-01-08 12:23:12.808417','23','Booking#23, rohith@wellnetservices.com, 2018-01-08 12:22:59.514015+00:00',1,'',34,57),(1224,'2018-01-08 14:50:59.453520','43','2018-01-08',1,'',42,62),(1225,'2018-01-08 15:04:13.838604','44','2018-01-08',1,'',42,67),(1226,'2018-01-09 07:25:31.988974','81','MGFToyotaGurgaon',2,'Changed company_address. Changed address for Owner \"Owner\". Changed branch_address and authorized_person_address for Dealership/Branch \"Branch\".',15,57),(1227,'2018-01-09 07:25:32.248536','81','MGFToyotaGurgaon',2,'Changed company_address. Changed address for Owner \"Owner\". Changed branch_address and authorized_person_address for Dealership/Branch \"Branch\".',15,57),(1228,'2018-01-09 07:25:33.187135','81','MGFToyotaGurgaon',2,'Changed company_address. Changed address for Owner \"Owner\". Changed branch_address and authorized_person_address for Dealership/Branch \"Branch\".',15,57),(1229,'2018-01-09 07:27:21.030326','82','MGFToyotaPeeragadhi',2,'Changed company_address. Changed address for Owner \"Owner\". Changed branch_address and authorized_person_address for Dealership/Branch \"Branch\".',15,57),(1230,'2018-01-09 07:27:21.149006','82','MGFToyotaPeeragadhi',2,'Changed company_address. Changed address for Owner \"Owner\". Changed branch_address and authorized_person_address for Dealership/Branch \"Branch\".',15,57),(1231,'2018-01-09 07:27:21.338306','82','MGFToyotaPeeragadhi',2,'Changed company_address. Changed address for Owner \"Owner\". Changed branch_address and authorized_person_address for Dealership/Branch \"Branch\".',15,57),(1232,'2018-01-09 07:29:50.972561','83','MGFToyotaDaulatabad',2,'Changed company_address. Changed address for Owner \"Owner\". Changed branch_address and authorized_person_address for Dealership/Branch \"Branch\".',15,57),(1233,'2018-01-09 07:29:51.229980','83','MGFToyotaDaulatabad',2,'Changed company_address. Changed address for Owner \"Owner\". Changed branch_address and authorized_person_address for Dealership/Branch \"Branch\".',15,57),(1234,'2018-01-09 07:29:52.159919','83','MGFToyotaDaulatabad',2,'Changed company_address. Changed address for Owner \"Owner\". Changed branch_address and authorized_person_address for Dealership/Branch \"Branch\".',15,57),(1235,'2018-01-09 10:08:44.163475','1','SuperAdmin',2,'Changed permissions.',3,1),(1236,'2018-01-09 10:19:05.097623','1','SuperAdmin',2,'Changed permissions.',3,1),(1237,'2018-01-09 10:24:49.930496','1','SuperAdmin',2,'Changed permissions.',3,1),(1238,'2018-01-09 11:12:44.952931','45','Booking#45, sridhar@wellnetservices.com, 2018-01-08',3,'',22,57),(1239,'2018-01-09 14:01:37.717555','45','2018-01-09',1,'',42,67),(1240,'2018-01-09 14:54:11.359452','46','2018-01-09',1,'',42,62),(1241,'2018-01-09 15:26:00.233488','47','2018-01-09',1,'',42,66),(1242,'2018-01-10 05:40:24.730447','1','SuperAdmin',2,'Changed permissions.',3,1),(1243,'2018-01-10 05:44:51.570674','2','1',1,'',43,2),(1244,'2018-01-10 08:47:29.439488','1','SuperAdmin',2,'No fields changed.',3,1),(1245,'2018-01-10 10:55:48.548963','48','2018-01-10',1,'',42,64),(1246,'2018-01-10 10:55:54.632735','49','2018-01-10',1,'',42,64),(1247,'2018-01-10 10:55:55.470054','50','2018-01-10',1,'',42,64),(1248,'2018-01-10 12:30:51.409538','73','NandiToyotaBanaswadi',2,'Changed company_address. Changed branch_address for Dealership/Branch \"Branch\".',15,36),(1249,'2018-01-10 12:32:14.364029','70','NandiToyotaBannerghattaRoad',2,'Changed company_address. Changed branch_address for Dealership/Branch \"Branch\".',15,36),(1250,'2018-01-10 12:33:27.756275','74','NandiToyotaBommanahalli',2,'Changed company_address. Changed branch_address for Dealership/Branch \"Branch\".',15,36),(1251,'2018-01-10 12:34:37.171462','71','NandiToyotaKanakapuraRoad',2,'Changed company_address. Changed branch_address for Dealership/Branch \"Branch\".',15,36),(1252,'2018-01-10 12:35:40.063799','72','NandiToyotaKRRoad',2,'Changed company_address. Changed branch_address for Dealership/Branch \"Branch\".',15,36),(1253,'2018-01-10 12:36:56.415537','69','NandiToyotaKudluGate',2,'Changed company_address. Changed branch_address for Dealership/Branch \"Branch\".',15,36),(1254,'2018-01-10 12:38:06.285989','75','NandiToyotaWhitefield',2,'Changed company_address. Changed branch_address for Dealership/Branch \"Branch\".',15,36),(1255,'2018-01-10 12:42:43.260921','76','LansonToyotaKoyambedu',2,'Changed company_address. Changed branch_address for Dealership/Branch \"Branch\".',15,36),(1256,'2018-01-10 13:20:17.088773','43','bahubali',2,'Changed email and hire_date.',12,2),(1257,'2018-01-10 13:31:00.463991','51','2018-01-10',1,'',42,67),(1258,'2018-01-10 13:54:23.544285','52','2018-01-10',1,'',42,62),(1259,'2018-01-10 15:17:15.216992','53','2018-01-10',1,'',42,66),(1260,'2018-01-11 04:54:26.895470','1','SuperAdmin',2,'Changed permissions.',3,1),(1261,'2018-01-11 06:25:22.612321','2','1',2,'No fields changed.',43,2),(1262,'2018-01-11 08:00:09.177070','46','Booking#46, alex@wellnetservices.com, 2018-01-11 07:59:58.000347+00:00',1,'',22,63),(1263,'2018-01-11 15:07:08.216641','54','2018-01-11',1,'',42,62),(1264,'2018-01-11 15:17:23.683790','55','2018-01-11',1,'',42,67),(1265,'2018-01-12 03:32:25.623125','47','Booking#47, suhas@wellnetservices.com, 2018-01-12 03:32:11.733278+00:00',1,'',22,36),(1266,'2018-01-12 03:36:24.480506','48','Booking#48, suhas@wellnetservices.com, 2018-01-12 03:36:11.622206+00:00',1,'',22,36),(1267,'2018-01-12 03:39:52.746008','49','Booking#49, suhas@wellnetservices.com, 2018-01-12 03:39:40.122680+00:00',1,'',22,36),(1268,'2018-01-12 03:42:13.841295','50','Booking#50, suhas@wellnetservices.com, 2018-01-12 03:42:00.713110+00:00',1,'',22,36),(1269,'2018-01-12 03:46:03.074802','51','Booking#51, suhas@wellnetservices.com, 2018-01-12 03:45:49.720415+00:00',1,'',22,36),(1270,'2018-01-12 03:48:17.302111','52','Booking#52, suhas@wellnetservices.com, 2018-01-12 03:48:05.468610+00:00',1,'',22,36),(1271,'2018-01-12 03:50:31.735887','53','Booking#53, suhas@wellnetservices.com, 2018-01-12 03:50:21.233757+00:00',1,'',22,36),(1272,'2018-01-12 10:13:50.508907','73','NandiToyotaBanaswadi',2,'Changed dealer_code.',15,36),(1273,'2018-01-12 10:15:10.219900','70','NandiToyotaBannerghattaRoad',2,'Changed dealer_code.',15,36),(1274,'2018-01-12 10:17:12.227476','74','NandiToyotaBommanahalli',2,'Changed dealer_code.',15,36),(1275,'2018-01-12 10:18:24.150076','71','NandiToyotaKanakapuraRoad',2,'Changed dealer_code.',15,36),(1276,'2018-01-12 10:26:08.865802','72','NandiToyotaKRRoad',2,'Changed dealer_code.',15,36),(1277,'2018-01-12 10:28:41.567508','69','NandiToyotaKudluGate',2,'Changed dealer_code.',15,36),(1278,'2018-01-12 10:30:11.122702','75','NandiToyotaWhitefield',2,'Changed dealer_code.',15,36),(1279,'2018-01-12 10:32:04.532016','76','LansonToyotaKoyambedu',2,'Changed dealer_code.',15,36),(1280,'2018-01-12 13:42:53.027705','56','2018-01-12',1,'',42,67),(1281,'2018-01-12 14:19:01.037133','57','2018-01-12',1,'',42,62),(1282,'2018-01-12 15:10:50.819046','58','2018-01-11',1,'',42,66),(1283,'2018-01-12 15:16:39.195462','59','2018-01-12',1,'',42,66),(1284,'2018-01-13 13:53:56.290335','60','2018-01-13',1,'',42,62),(1285,'2018-01-13 14:55:32.090334','61','2018-01-13',1,'',42,66),(1286,'2018-01-15 13:17:59.015207','62','2018-01-15',1,'',42,67),(1287,'2018-01-15 13:56:57.672513','63','2018-01-15',1,'',42,62),(1288,'2018-01-15 15:04:37.989944','64','2018-01-15',1,'',42,66),(1289,'2018-01-16 05:10:35.566884','78','VivaToyotaKogilu',2,'Changed company_address. Changed branch_address for Dealership/Branch \"Branch\".',15,36),(1290,'2018-01-16 05:11:48.443128','77','VivaToyotaAirportRoad',2,'Changed company_address. Changed branch_address for Dealership/Branch \"Branch\".',15,36),(1291,'2018-01-16 05:13:16.092524','79','VivaToyotaMysoreRoad',2,'Changed company_address. Changed branch_address for Dealership/Branch \"Branch\".',15,36),(1292,'2018-01-16 05:15:33.808033','79','VivaToyotaMysoreRoad',2,'Changed dealer_code.',15,36),(1293,'2018-01-16 05:16:44.872201','77','VivaToyotaAirportRoad',2,'Changed dealer_code.',15,36),(1294,'2018-01-16 05:17:42.136513','78','VivaToyotaKogilu',2,'Changed dealer_code.',15,36),(1295,'2018-01-16 13:07:29.952736','65','2018-01-16',1,'',42,65),(1296,'2018-01-16 13:45:09.856779','66','2018-01-16',1,'',42,67),(1297,'2018-01-16 14:43:07.594138','67','2018-01-16',1,'',42,62),(1298,'2018-01-16 14:56:15.009953','68','2018-01-16',1,'',42,66),(1299,'2018-01-17 12:01:25.263574','81','MGFToyotaGurgaon',2,'Changed authorized_person_email for Dealership/Branch \"Branch\".',15,68),(1300,'2018-01-17 12:15:18.683045','54','Booking#54, deepak@wellnetservices.com, 2018-01-17 12:15:06.067586+00:00',1,'',22,68),(1301,'2018-01-17 12:26:34.794054','55','Booking#55, deepak@wellnetservices.com, 2018-01-17 12:26:24.797695+00:00',1,'',22,68),(1302,'2018-01-17 12:42:27.105009','56','Booking#56, deepak@wellnetservices.com, 2018-01-17 12:42:15.732211+00:00',1,'',22,68),(1303,'2018-01-17 13:08:28.280236','69','2018-01-17',1,'',42,65),(1304,'2018-01-17 13:48:01.383455','70','2018-01-17',1,'',42,66),(1305,'2018-01-17 14:17:04.930913','71','2018-01-17',1,'',42,62),(1306,'2018-01-17 15:22:32.031688','72','2018-01-17',1,'',42,67),(1307,'2018-01-18 10:54:25.522620','57','Booking#57, suhas@wellnetservices.com, 2018-01-18 10:54:13.857585+00:00',1,'',22,36),(1308,'2018-01-18 10:57:40.787969','58','Booking#58, suhas@wellnetservices.com, 2018-01-18 10:57:31.595700+00:00',1,'',22,36),(1309,'2018-01-18 10:59:49.992822','59','Booking#59, suhas@wellnetservices.com, 2018-01-18 10:59:40.413646+00:00',1,'',22,36),(1310,'2018-01-18 13:40:34.330549','73','2018-01-18',1,'',42,67),(1311,'2018-01-18 13:46:08.563993','74','2018-01-18',1,'',42,66),(1312,'2018-01-18 13:46:45.379459','75','2018-01-18',1,'',42,66),(1313,'2018-01-18 15:47:06.273769','76','2018-01-18',1,'',42,62),(1314,'2018-01-19 03:46:56.780941','60','Booking#60, suhas@wellnetservices.com, 2018-01-19 03:46:46.421052+00:00',1,'',22,36),(1315,'2018-01-19 03:50:27.942237','78','VivaToyotaKogilu',2,'Changed company_address and pin_code.',15,36),(1316,'2018-01-19 03:52:26.241198','79','VivaToyotaMysoreRoad',2,'Changed company_address and pin_code.',15,36),(1317,'2018-01-19 03:55:34.729712','61','Booking#61, suhas@wellnetservices.com, 2018-01-19 03:55:24.129515+00:00',1,'',22,36),(1318,'2018-01-19 03:59:19.892070','62','Booking#62, suhas@wellnetservices.com, 2018-01-19 03:59:09.610324+00:00',1,'',22,36),(1319,'2018-01-19 04:49:12.263943','57','Booking#57, suhas@wellnetservices.com, 2018-01-19 04:49:11.072204+00:00',2,'Changed cheque_dd_date, transfer_date, is_cancelled and cancel_reason.',22,2),(1320,'2018-01-19 13:32:45.340209','77','2018-01-19',1,'',42,67),(1321,'2018-01-19 13:50:28.760413','78','2018-01-19',1,'',42,65),(1322,'2018-01-19 14:12:34.523118','75','2018-01-19',2,'Changed date.',42,66),(1323,'2018-01-19 15:19:27.098207','79','2018-01-19',1,'',42,62),(1324,'2018-01-20 13:05:36.897104','80','2018-01-20',1,'',42,62),(1325,'2018-01-20 14:05:25.439259','81','2018-01-20',1,'',42,67),(1326,'2018-01-20 14:15:52.850255','82','2018-01-20',1,'',42,65),(1327,'2018-01-20 15:42:59.038246','75','2018-01-20',2,'Changed date.',42,66),(1328,'2018-01-20 15:45:44.452164','75','2018-01-19',2,'Changed date.',42,66),(1329,'2018-01-20 15:57:22.274397','83','2018-01-20',1,'',42,66),(1330,'2018-01-22 10:11:01.539711','63','Booking#63, suhas@wellnetservices.com, 2018-01-22 10:10:51.863954+00:00',1,'',22,36),(1331,'2018-01-22 10:13:17.642855','64','Booking#64, suhas@wellnetservices.com, 2018-01-22 10:13:05.671963+00:00',1,'',22,36),(1332,'2018-01-22 10:15:35.750520','65','Booking#65, suhas@wellnetservices.com, 2018-01-22 10:15:25.616193+00:00',1,'',22,36),(1333,'2018-01-22 10:18:58.550605','66','Booking#66, suhas@wellnetservices.com, 2018-01-22 10:18:48.239412+00:00',1,'',22,36),(1334,'2018-01-22 10:19:01.938011','68','Booking#68, suhas@wellnetservices.com, 2018-01-22 10:18:52.801440+00:00',1,'',22,36),(1335,'2018-01-22 10:19:03.572219','67','Booking#67, suhas@wellnetservices.com, 2018-01-22 10:18:52.493975+00:00',1,'',22,36),(1336,'2018-01-22 11:08:48.675388','57','Booking#57, suhas@wellnetservices.com, 2018-01-22 11:08:47.595373+00:00',2,'Changed cheque_dd_date and transfer_date.',22,57),(1337,'2018-01-22 11:12:17.015796','57','Booking#57, suhas@wellnetservices.com, 2018-01-22 11:12:15.879226+00:00',2,'Changed cheque_dd_date and transfer_date.',22,57),(1338,'2018-01-22 11:16:06.987910','59','Booking#59, suhas@wellnetservices.com, 2018-01-22 11:16:05.871950+00:00',2,'Changed cheque_dd_date, transfer_date, is_cancelled and cancel_reason.',22,57),(1339,'2018-01-22 11:32:58.823251','59','Booking#59, suhas@wellnetservices.com, 2018-01-22 11:32:57.650430+00:00',2,'Changed cheque_dd_date and transfer_date.',22,57),(1340,'2018-01-22 11:50:57.951855','59','Booking#59, suhas@wellnetservices.com, 2018-01-22 11:50:56.882617+00:00',2,'Changed cheque_dd_date and transfer_date.',22,57),(1341,'2018-01-22 13:00:36.733497','84','2018-01-22',1,'',42,67),(1342,'2018-01-22 14:20:43.022979','85','2018-01-22',1,'',42,62),(1343,'2018-01-22 14:43:06.964368','86','2018-01-22',1,'',42,66),(1344,'2018-01-23 04:17:39.474455','61','Booking#61, suhas@wellnetservices.com, 2018-01-23 04:17:38.388511+00:00',2,'Changed cheque_dd_date, transfer_date, is_cancelled and cancel_reason.',22,57),(1345,'2018-01-23 04:26:04.197150','62','Booking#62, suhas@wellnetservices.com, 2018-01-23 04:26:03.042457+00:00',2,'Changed cheque_dd_date, transfer_date, is_cancelled and cancel_reason.',22,57),(1346,'2018-01-23 05:03:02.356447','38','Booking#38, suhas@wellnetservices.com, 2018-01-23 05:03:01.293343+00:00',2,'Changed cheque_dd_date, transfer_date, is_cancelled and cancel_reason.',22,57),(1347,'2018-01-23 05:04:15.867072','39','Booking#39, suhas@wellnetservices.com, 2018-01-23 05:04:14.764396+00:00',2,'Changed cheque_dd_date, transfer_date, is_cancelled and cancel_reason.',22,57),(1348,'2018-01-23 05:05:45.551450','40','Booking#40, suhas@wellnetservices.com, 2018-01-23 05:05:44.455782+00:00',2,'Changed cheque_dd_date, transfer_date, is_cancelled and cancel_reason.',22,57),(1349,'2018-01-23 05:06:52.389769','41','Booking#41, suhas@wellnetservices.com, 2018-01-23 05:06:51.279523+00:00',2,'Changed cheque_dd_date, transfer_date, is_cancelled and cancel_reason.',22,57),(1350,'2018-01-23 05:07:56.658474','42','Booking#42, suhas@wellnetservices.com, 2018-01-23 05:07:55.548055+00:00',2,'Changed cheque_dd_date, transfer_date, is_cancelled and cancel_reason.',22,57),(1351,'2018-01-23 05:11:34.340563','43','Booking#43, suhas@wellnetservices.com, 2018-01-23 05:11:33.240047+00:00',2,'Changed cheque_dd_date, transfer_date, is_cancelled and cancel_reason.',22,57),(1352,'2018-01-23 05:13:35.731638','44','Booking#44, suhas@wellnetservices.com, 2018-01-23 05:13:34.642738+00:00',2,'Changed cheque_dd_date, transfer_date, is_cancelled and cancel_reason.',22,57),(1353,'2018-01-23 05:15:13.492467','3','1',1,'',43,57),(1354,'2018-01-23 05:18:32.387098','3','1',2,'No fields changed.',43,57),(1355,'2018-01-23 05:50:41.249951','4','1',1,'',43,57),(1356,'2018-01-23 05:52:25.745300','5','1',1,'',43,57),(1357,'2018-01-23 05:52:31.910405','6','1',1,'',43,57),(1358,'2018-01-23 13:13:42.145608','87','2018-01-23',1,'',42,65),(1359,'2018-01-23 13:55:32.321689','88','2018-01-23',1,'',42,62),(1360,'2018-01-23 15:31:14.082132','89','2018-01-23',1,'',42,66),(1361,'2018-01-23 15:51:49.431747','90','2018-01-23',1,'',42,67),(1362,'2018-01-24 13:46:42.101066','91','2018-01-24',1,'',42,65),(1363,'2018-01-24 14:16:55.047123','92','2018-01-24',1,'',42,66),(1364,'2018-01-24 14:21:02.861706','93','2018-01-24',1,'',42,67),(1365,'2018-01-24 14:24:30.399668','94','2018-01-24',1,'',42,62),(1366,'2018-01-25 06:36:10.549788','95','2018-01-24',1,'',42,64),(1367,'2018-01-25 06:36:26.337115','96','2018-01-24',1,'',42,64),(1368,'2018-01-25 07:30:47.232158','24','Booking#24, rohith@wellnetservices.com, 2018-01-25 07:30:35.709025+00:00',1,'',34,57),(1369,'2018-01-25 09:50:32.849570','84','SilvermoonToyotaKangra',1,'',15,57),(1370,'2018-01-25 09:56:08.777300','25','Booking#25, amit@wellnetservices.com, 2018-01-25 09:55:56.651459+00:00',1,'',34,67),(1371,'2018-01-25 12:36:31.767215','97','2018-01-25',1,'',42,67),(1372,'2018-01-25 12:41:52.779506','98','2018-01-25',1,'',42,65),(1373,'2018-01-25 13:28:17.675347','99','2018-01-25',1,'',42,62),(1374,'2018-01-25 14:16:19.659938','100','2018-01-25',1,'',42,66),(1375,'2018-01-25 17:05:16.269996','101','2018-01-24',1,'',42,63),(1376,'2018-01-25 17:18:45.701938','102','2018-01-25',1,'',42,63),(1377,'2018-01-27 10:31:30.435322','85','AnandToyotaSolan',1,'',15,57),(1378,'2018-01-27 10:50:24.715334','86','AnandToyotaMandi',1,'',15,57),(1379,'2018-01-27 10:54:44.667773','85','AnandToyotaSolan',2,'Changed landline. Changed landline for Owner \"Owner\". Changed landline for Dealership/Branch \"Branch\".',15,57),(1380,'2018-01-27 10:54:47.919487','85','AnandToyotaSolan',2,'Changed landline. Changed landline for Owner \"Owner\". Changed authorized_person_landline for Dealership/Branch \"Branch\".',15,57),(1381,'2018-01-27 10:54:48.295419','85','AnandToyotaSolan',2,'Changed landline. Changed authorized_person_landline for Dealership/Branch \"Branch\".',15,57),(1382,'2018-01-27 10:55:51.660406','86','AnandToyotaMandi',2,'Changed landline.',15,57),(1383,'2018-01-27 12:51:18.165413','103','2018-01-27',1,'',42,65),(1384,'2018-01-27 13:34:31.275742','104','2018-01-27',1,'',42,66),(1385,'2018-01-27 15:57:53.587110','105','2018-01-27',1,'',42,67),(1386,'2018-01-27 16:01:33.863753','26','Booking#26, amit@wellnetservices.com, 2018-01-27 16:01:22.032878+00:00',1,'',34,67),(1387,'2018-01-27 16:03:16.561067','27','Booking#27, amit@wellnetservices.com, 2018-01-27 16:03:05.308790+00:00',1,'',34,67),(1388,'2018-01-27 18:22:14.163336','106','2018-01-27',1,'',42,62),(1389,'2018-01-29 06:51:28.190789','87','RavinduToyotaRajajinagar',1,'',15,36),(1390,'2018-01-29 07:15:20.697411','88','RavinduToyotaAvalahalli',1,'',15,36),(1391,'2018-01-29 07:22:04.090540','28','Booking#28, suhas@wellnetservices.com, 2018-01-29 07:21:15.038756+00:00',1,'',34,36),(1392,'2018-01-29 07:25:36.535850','29','Booking#29, suhas@wellnetservices.com, 2018-01-29 07:25:23.428367+00:00',1,'',34,36),(1393,'2018-01-29 09:55:12.066824','69','Booking#69, amit@wellnetservices.com, 2018-01-29 09:55:00.868542+00:00',1,'',22,67),(1394,'2018-01-29 11:36:22.268536','89','GALAXYTOYOTA',1,'',15,68),(1395,'2018-01-29 11:58:34.708573','107','2018-01-29',1,'',42,63),(1396,'2018-01-29 12:00:32.645294','107','2018-01-29',2,'Changed discussion_point for Report \"Reports\".',42,63),(1397,'2018-01-29 12:12:32.406995','90','GALAXYTOYOTADL03A',1,'',15,68),(1398,'2018-01-29 12:31:57.269964','91','GALAXYTOYOTADL04A',1,'',15,68),(1399,'2018-01-29 12:35:43.223653','89','GALAXYTOYOTADL01A',2,'Changed username.',15,68),(1400,'2018-01-29 12:41:44.570055','108','2018-01-29',1,'',42,62),(1401,'2018-01-29 13:01:28.996514','109','2018-01-29',1,'',42,65),(1402,'2018-01-29 13:22:11.946413','92','LakozyToyotaMaladWest',1,'',15,57),(1403,'2018-01-29 13:25:17.719891','110','2018-01-29',1,'',42,67),(1404,'2018-01-29 13:31:45.770064','89','GALAXYTOYOTADL01A',2,'Changed year_of_establishment.',15,68),(1405,'2018-01-29 13:49:02.261098','60','lal',2,'Changed hire_date, is_active and is_staff.',12,2),(1406,'2018-01-29 14:00:26.696461','111','2018-01-29',1,'',42,66),(1407,'2018-01-30 05:05:58.047507','93','GALAXYTOYOTADL06A',1,'',15,68),(1408,'2018-01-30 05:07:36.008231','93','GALAXYTOYOTADL06A',2,'No fields changed.',15,68),(1409,'2018-01-30 05:32:15.641849','94','RajpalToyotaBhopal',1,'',15,57),(1410,'2018-01-30 05:35:34.936350','89','GALAXYTOYOTADL01A',2,'Changed landline. Changed landline for Owner \"Owner\". Changed landline and authorized_person_landline for Dealership/Branch \"Branch\".',15,68),(1411,'2018-01-30 05:36:52.942240','89','GALAXYTOYOTADL01A',2,'No fields changed.',15,68),(1412,'2018-01-30 05:50:16.247258','90','GALAXYTOYOTADL03A',2,'Changed landline, mobile_number and email for Owner \"Owner\". Changed landline and authorized_person_landline for Dealership/Branch \"Branch\".',15,68),(1413,'2018-01-30 05:58:46.721534','91','GALAXYTOYOTADL04A',2,'Changed landline. Changed landline for Owner \"Owner\". Changed landline and authorized_person_landline for Dealership/Branch \"Branch\".',15,68),(1414,'2018-01-30 06:04:09.270757','30','Booking#30, deepak@wellnetservices.com, 2018-01-30 06:03:49.217529+00:00',1,'',34,68),(1415,'2018-01-30 06:05:30.900578','95','GalaxyToyotaSonepat',1,'',15,57),(1416,'2018-01-30 06:07:02.800373','31','Booking#31, deepak@wellnetservices.com, 2018-01-30 06:06:51.620262+00:00',1,'',34,68),(1417,'2018-01-30 06:09:39.682236','32','Booking#32, deepak@wellnetservices.com, 2018-01-30 06:09:28.418849+00:00',1,'',34,68),(1418,'2018-01-30 06:11:54.301551','33','Booking#33, deepak@wellnetservices.com, 2018-01-30 06:11:37.414115+00:00',1,'',34,68),(1419,'2018-01-30 06:14:22.039354','34','Booking#34, deepak@wellnetservices.com, 2018-01-30 06:14:10.740573+00:00',1,'',34,68),(1420,'2018-01-30 06:38:32.842556','35','Booking#35, deepak@wellnetservices.com, 2018-01-30 06:38:21.058938+00:00',1,'',34,68),(1421,'2018-01-30 06:50:08.213423','90','GALAXYTOYOTADL03A',2,'Changed address for Owner \"Owner\".',15,68),(1422,'2018-01-30 06:52:55.399338','91','GALAXYTOYOTADL04A',2,'Changed address for Owner \"Owner\".',15,68),(1423,'2018-01-30 07:32:03.840267','96','ShawToyotaWagholi',1,'',15,57),(1424,'2018-01-30 07:37:48.034612','36','Booking#36, girish@wellnetservices.com, 2018-01-30 07:37:36.853654+00:00',1,'',34,62),(1425,'2018-01-30 07:39:42.983128','37','Booking#37, akhil@wellnetservices.com, 2018-01-30 07:39:32.079893+00:00',1,'',34,66),(1426,'2018-01-30 08:04:08.550506','31','Booking#31, deepak@wellnetservices.com, 2018-01-30 08:03:59.606745+00:00',2,'Changed is_cancelled and cancel_reason.',34,57),(1427,'2018-01-30 08:05:13.854495','32','Booking#32, deepak@wellnetservices.com, 2018-01-30 08:05:05.307822+00:00',2,'Changed is_cancelled and cancel_reason.',34,57),(1428,'2018-01-30 08:07:22.139735','33','Booking#33, deepak@wellnetservices.com, 2018-01-30 08:07:06.434239+00:00',2,'Changed is_cancelled and cancel_reason.',34,57),(1429,'2018-01-30 08:09:19.422528','38','Booking#38, deepak@wellnetservices.com, 2018-01-30 08:09:08.809648+00:00',1,'',34,68),(1430,'2018-01-30 08:11:58.687575','37','Booking#37, akhil@wellnetservices.com, 2018-01-30 08:11:49.156679+00:00',2,'Changed gross_amount, IGST_amount, SGST_amount, CGST_amount and amount. Changed quantity and gross_amount for ProForm Partner Product \"Partner Product\".',34,66),(1431,'2018-01-30 08:12:27.513341','38','Booking#38, deepak@wellnetservices.com, 2018-01-30 08:12:18.225871+00:00',2,'Changed is_cancelled and cancel_reason.',34,57),(1432,'2018-01-30 08:18:03.621100','90','GALAXYTOYOTADL03A',2,'Changed company_address. Changed address for Owner \"Owner\". Changed branch_address and authorized_person_address for Dealership/Branch \"Branch\".',15,57),(1433,'2018-01-30 08:19:20.146930','91','GALAXYTOYOTADL04A',2,'Changed company_address. Changed address for Owner \"Owner\". Changed branch_address and authorized_person_address for Dealership/Branch \"Branch\".',15,57),(1434,'2018-01-30 08:22:10.081279','93','GALAXYTOYOTADL06A',2,'Changed company_address. Changed address for Owner \"Owner\". Changed branch_address and authorized_person_address for Dealership/Branch \"Branch\".',15,57),(1435,'2018-01-30 08:24:43.725893','39','Booking#39, rohith@wellnetservices.com, 2018-01-30 08:24:32.168284+00:00',1,'',34,57),(1436,'2018-01-30 08:53:32.741266','90','GALAXYTOYOTADL03A',2,'Changed company_address and pin_code. Changed address for Owner \"Owner\". Changed branch_address and authorized_person_address for Dealership/Branch \"Branch\".',15,68),(1437,'2018-01-30 08:56:34.572539','91','GALAXYTOYOTADL04A',2,'Changed company_address. Changed address for Owner \"Owner\". Changed branch_address and authorized_person_address for Dealership/Branch \"Branch\".',15,68),(1438,'2018-01-30 08:59:31.860334','93','GALAXYTOYOTADL06A',2,'Changed company_address and pin_code. Changed address for Owner \"Owner\". Changed branch_address and authorized_person_address for Dealership/Branch \"Branch\".',15,68),(1439,'2018-01-30 09:09:44.815752','40','Booking#40, deepak@wellnetservices.com, 2018-01-30 09:09:33.150258+00:00',1,'',34,68),(1440,'2018-01-30 09:13:02.411092','41','Booking#41, deepak@wellnetservices.com, 2018-01-30 09:12:50.796637+00:00',1,'',34,68),(1441,'2018-01-30 11:53:35.667283','97','InfiniumToyotaRajkot',1,'',15,57),(1442,'2018-01-30 12:08:40.578820','42','Booking#42, keyur@wellnetservices.com, 2018-01-30 12:08:28.199531+00:00',1,'',34,59),(1443,'2018-01-30 12:21:34.632670','43','Booking#43, keyur@wellnetservices.com, 2018-01-30 12:21:23.352368+00:00',1,'',34,59),(1444,'2018-01-30 12:56:33.296750','98','InfiniumToyotaNaroda',1,'',15,57),(1445,'2018-01-30 12:59:05.399914','44','Booking#44, keyur@wellnetservices.com, 2018-01-30 12:58:53.600734+00:00',1,'',34,59),(1446,'2018-01-30 13:03:12.643160','112','2018-01-30',1,'',42,67),(1447,'2018-01-30 13:20:19.506581','113','2018-01-30',1,'',42,62),(1448,'2018-01-30 14:16:07.444229','101','2018-01-24',2,'Changed time_to, company and discussion_point for Report \"Reports\".',42,63),(1449,'2018-01-30 14:17:37.734891','102','2018-01-25',2,'Changed discussion_point for Report \"Reports\".',42,63),(1450,'2018-01-30 14:19:36.590113','101','2018-01-24',2,'Changed discussion_point for Report \"Reports\".',42,63),(1451,'2018-01-30 14:21:13.394426','102','2018-01-25',2,'Changed discussion_point for Report \"Reports\". Changed discussion_point for Report \"Reports\".',42,63),(1452,'2018-01-30 14:23:00.902085','101','2018-01-24',2,'Changed company for Report \"Reports\".',42,63),(1453,'2018-01-30 14:32:16.661842','107','2018-01-29',2,'Changed discussion_point for Report \"Reports\". Changed discussion_point for Report \"Reports\".',42,63),(1454,'2018-01-30 14:41:10.903982','107','2018-01-29',2,'Changed discussion_point for Report \"Reports\".',42,63),(1455,'2018-01-30 14:41:32.273180','114','2018-01-30',1,'',42,59),(1456,'2018-01-30 14:50:09.352978','115','2018-01-30',1,'',42,59),(1457,'2018-01-30 15:37:54.953804','107','2018-01-29',2,'No fields changed.',42,63),(1458,'2018-01-30 15:39:15.123689','116','2018-01-30',1,'',42,66),(1459,'2018-01-31 03:40:52.588608','99','NipponToyotaCochin',1,'',15,36),(1460,'2018-01-31 03:48:31.744210','45','Booking#45, suhas@wellnetservices.com, 2018-01-31 03:48:20.455979+00:00',1,'',34,36),(1461,'2018-01-31 03:48:41.775649','46','Booking#46, suhas@wellnetservices.com, 2018-01-31 03:48:29.253068+00:00',1,'',34,36),(1462,'2018-01-31 03:54:07.153112','117','2018-01-30',1,'',42,63),(1463,'2018-01-31 05:10:22.446216','47','Booking#47, keyur@wellnetservices.com, 2018-01-31 05:10:10.473208+00:00',1,'',34,59),(1464,'2018-01-31 08:07:48.714998','100','RadiantToyotaLudhiana',1,'',15,57),(1465,'2018-01-31 09:12:41.699869','48','Booking#48, amit@wellnetservices.com, 2018-01-31 09:12:28.672206+00:00',1,'',34,67),(1466,'2018-01-31 09:42:39.042431','49','Booking#49, keyur@wellnetservices.com, 2018-01-31 09:42:16.627976+00:00',1,'',34,59),(1467,'2018-01-31 10:37:33.555847','7','6',1,'',43,68),(1468,'2018-01-31 10:38:47.583638','8','6',1,'',43,68),(1469,'2018-01-31 10:40:07.999284','1','6',2,'No fields changed.',43,68),(1470,'2018-01-31 13:03:05.881774','118','2018-01-31',1,'',42,65),(1471,'2018-01-31 13:38:32.014514','119','2018-01-31',1,'',42,62),(1472,'2018-01-31 13:46:23.368707','120','2018-01-31',1,'',42,67),(1473,'2018-01-31 15:54:36.938585','121','2018-01-31',1,'',42,66),(1474,'2018-01-31 16:15:45.530964','6','1',2,'No fields changed.',43,68),(1475,'2018-01-31 17:07:48.007729','122','2018-01-31',1,'',42,63),(1476,'2018-02-01 07:28:48.946747','101','RadiantToyotaMoga',1,'',15,57),(1477,'2018-02-01 09:13:55.586358','102','JaiGaneshToyotaBhavnagar',1,'',15,57),(1478,'2018-02-01 11:53:08.892680','53','Booking#53, suhas@wellnetservices.com, 2018-02-01 11:52:46.847058+00:00',2,'Changed payment_type, cheque_dd_date, utr_number, transfer_date, bank_name, bank_branch, realisation_date and send_receipt.',22,36),(1479,'2018-02-01 11:55:26.064541','52','Booking#52, suhas@wellnetservices.com, 2018-02-01 11:55:11.864697+00:00',2,'Changed payment_type, cheque_dd_date, utr_number, transfer_date, bank_name, bank_branch, realisation_date and send_receipt.',22,36),(1480,'2018-02-01 11:57:49.125052','51','Booking#51, suhas@wellnetservices.com, 2018-02-01 11:57:33.642710+00:00',2,'Changed payment_type, cheque_dd_date, utr_number, transfer_date, bank_name, bank_branch, realisation_date and send_receipt.',22,36),(1481,'2018-02-01 11:59:44.896445','50','Booking#50, suhas@wellnetservices.com, 2018-02-01 11:59:24.957766+00:00',2,'Changed payment_type, cheque_dd_date, utr_number, transfer_date, bank_name, bank_branch, realisation_date and send_receipt.',22,36),(1482,'2018-02-01 12:01:39.642045','49','Booking#49, suhas@wellnetservices.com, 2018-02-01 12:01:24.074032+00:00',2,'Changed payment_type, cheque_dd_date, utr_number, transfer_date, bank_name, bank_branch, realisation_date and send_receipt.',22,36),(1483,'2018-02-01 12:04:06.953301','48','Booking#48, suhas@wellnetservices.com, 2018-02-01 12:03:44.449628+00:00',2,'Changed payment_type, cheque_dd_date, utr_number, transfer_date, bank_name, bank_branch, realisation_date and send_receipt.',22,36),(1484,'2018-02-01 12:06:05.970883','47','Booking#47, suhas@wellnetservices.com, 2018-02-01 12:05:50.584922+00:00',2,'Changed payment_type, cheque_dd_date, utr_number, transfer_date, bank_name, bank_branch, realisation_date and send_receipt.',22,36),(1485,'2018-02-01 12:14:24.643407','69','Booking#69, amit@wellnetservices.com, 2018-02-01 12:14:09.329133+00:00',2,'Changed cheque_dd_date, transfer_date and send_receipt.',22,57),(1486,'2018-02-01 12:29:38.180807','70','Booking#70, rohith@wellnetservices.com, 2018-02-01 12:29:28.241047+00:00',1,'',22,57),(1487,'2018-02-01 13:10:13.713015','123','2018-02-01',1,'',42,65),(1488,'2018-02-01 13:12:06.988218','50','Booking#50, keyur@wellnetservices.com, 2018-02-01 13:11:53.946480+00:00',1,'',34,59),(1489,'2018-02-01 13:38:09.390049','124','2018-02-01',1,'',42,59),(1490,'2018-02-01 13:50:58.226772','125','2018-02-01',1,'',42,67),(1491,'2018-02-02 05:45:44.435079','103','anil',1,'',12,57),(1492,'2018-02-02 07:24:18.646661','98','InfiniumToyotaNaroda',2,'Changed company_pan_number.',15,57),(1493,'2018-02-02 08:25:08.030757','126','2018-02-01',1,'',42,62),(1494,'2018-02-02 11:13:16.328627','104','ChaudhariToyotaJalgaon',1,'',15,57),(1495,'2018-02-02 11:17:27.968650','105','RavinduToyotaMagadiRd',1,'',15,36),(1496,'2018-02-02 11:27:31.446324','106','RavinduToyotaPeenya',1,'',15,36),(1497,'2018-02-02 11:37:35.273345','107','RavinduToyotaTumkur',1,'',15,36),(1498,'2018-02-02 12:01:31.726386','108','RajyogToyotaLatur',1,'',15,57),(1499,'2018-02-02 12:06:59.190760','109','HarshaToyotaKondapur',1,'',15,64),(1500,'2018-02-02 12:16:44.582353','110','ESPIRITTOYOTA',1,'',15,68),(1501,'2018-02-02 12:16:57.857499','111','HarshaToyotaLBNagar',1,'',15,64),(1502,'2018-02-02 12:19:59.424883','110','ESPIRITTOYOTADL05A',2,'Changed username.',15,68),(1503,'2018-02-02 12:21:27.751322','110','ESPIRITTOYOTADL05A',2,'Changed company_name.',15,68),(1504,'2018-02-02 12:21:48.607171','112','InfiniumToyotaGandhidham',1,'',15,57),(1505,'2018-02-02 12:26:49.472247','51','Booking#51, deepak@wellnetservices.com, 2018-02-02 12:26:34.906346+00:00',1,'',34,68),(1506,'2018-02-02 12:31:08.026127','113','HarshaToyotaNizampet',1,'',15,64),(1507,'2018-02-02 12:36:22.886298','114','InfiniumToyotaVadodara',1,'',15,57),(1508,'2018-02-02 12:40:46.418390','15','Telangana',2,'Changed name.',7,57),(1509,'2018-02-02 12:43:12.697674','181','Kurnool',1,'',8,57),(1510,'2018-02-02 12:46:41.150966','115','ESPIRITTOYOTANO02A',1,'',15,68),(1511,'2018-02-02 13:01:24.776265','116','InfiniumToyotaMehsana',1,'',15,57),(1512,'2018-02-02 13:01:29.343874','117','HarshaToyotaKurnool',1,'',15,64),(1513,'2018-02-02 13:08:23.692465','182','Bopal',1,'',8,57),(1514,'2018-02-02 13:08:57.376745','183','Nellore',1,'',8,57),(1515,'2018-02-02 13:24:22.581134','118','InfiniumToyotaBopal',1,'',15,57),(1516,'2018-02-02 13:28:41.020617','119','HarshaToyotaNellore',1,'',15,64),(1517,'2018-02-02 13:33:07.232841','184','Tirupathi',1,'',8,57),(1518,'2018-02-02 13:41:50.875649','120','HarshaToyotaTirupati',1,'',15,64),(1519,'2018-02-02 13:42:35.759867','127','2018-02-02',1,'',42,65),(1520,'2018-02-02 13:44:41.314813','121','InfiniumToyotaHimatnagar',1,'',15,57),(1521,'2018-02-02 13:48:03.431223','185','Ananthapur',1,'',8,57),(1522,'2018-02-02 13:52:16.465096','122','HarshaToyotaAnantapur',1,'',15,64),(1523,'2018-02-02 13:58:17.485249','52','Booking#52, kamal@wellnetservices.com, 2018-02-02 13:58:06.484341+00:00',1,'',34,64),(1524,'2018-02-02 14:00:21.995134','53','Booking#53, kamal@wellnetservices.com, 2018-02-02 14:00:04.926444+00:00',1,'',34,64),(1525,'2018-02-02 14:01:25.094406','186','Sarkhej',1,'',8,57),(1526,'2018-02-02 14:02:00.604475','54','Booking#54, kamal@wellnetservices.com, 2018-02-02 14:01:38.101923+00:00',1,'',34,64),(1527,'2018-02-02 14:03:35.613952','55','Booking#55, kamal@wellnetservices.com, 2018-02-02 14:03:23.056088+00:00',1,'',34,64),(1528,'2018-02-02 14:05:07.269599','56','Booking#56, kamal@wellnetservices.com, 2018-02-02 14:04:56.838623+00:00',1,'',34,64),(1529,'2018-02-02 14:06:40.847086','57','Booking#57, kamal@wellnetservices.com, 2018-02-02 14:06:30.274926+00:00',1,'',34,64),(1530,'2018-02-02 14:08:23.883157','58','Booking#58, kamal@wellnetservices.com, 2018-02-02 14:08:09.365996+00:00',1,'',34,64),(1531,'2018-02-02 14:10:21.548804','123','InfiniumToyotaSarkhej',1,'',15,57),(1532,'2018-02-02 14:40:47.169817','128','2018-02-02',1,'',42,67),(1533,'2018-02-02 15:21:01.532462','129','2018-02-01',1,'',42,66),(1534,'2018-02-02 15:24:45.923973','130','2018-02-02',1,'',42,66),(1535,'2018-02-03 01:49:33.779690','131','2018-02-02',1,'',42,62),(1536,'2018-02-03 01:50:28.928438','131','2018-02-02',2,'Changed city for Report \"Reports\".',42,62),(1537,'2018-02-03 01:54:39.106572','59','Booking#59, girish@wellnetservices.com, 2018-02-03 01:54:27.541898+00:00',1,'',34,62),(1538,'2018-02-03 02:00:07.638514','60','Booking#60, girish@wellnetservices.com, 2018-02-03 01:59:56.037034+00:00',1,'',34,62),(1539,'2018-02-03 03:34:43.521523','61','Booking#61, suhas@wellnetservices.com, 2018-02-03 03:34:33.601331+00:00',1,'',34,36),(1540,'2018-02-03 03:36:16.308038','62','Booking#62, suhas@wellnetservices.com, 2018-02-03 03:36:07.532177+00:00',1,'',34,36),(1541,'2018-02-03 03:38:02.802163','63','Booking#63, suhas@wellnetservices.com, 2018-02-03 03:37:53.537709+00:00',1,'',34,36),(1542,'2018-02-03 05:54:56.337795','64','Booking#64, keyur@wellnetservices.com, 2018-02-03 05:54:44.615055+00:00',1,'',34,59),(1543,'2018-02-03 05:58:23.410970','65','Booking#65, keyur@wellnetservices.com, 2018-02-03 05:58:11.870301+00:00',1,'',34,59),(1544,'2018-02-03 06:01:30.951037','66','Booking#66, keyur@wellnetservices.com, 2018-02-03 06:01:19.580167+00:00',1,'',34,59),(1545,'2018-02-03 06:04:02.526941','67','Booking#67, keyur@wellnetservices.com, 2018-02-03 06:03:51.035805+00:00',1,'',34,59),(1546,'2018-02-03 06:07:34.424107','68','Booking#68, keyur@wellnetservices.com, 2018-02-03 06:07:18.876585+00:00',1,'',34,59),(1547,'2018-02-03 06:12:19.823762','69','Booking#69, keyur@wellnetservices.com, 2018-02-03 06:12:03.534430+00:00',1,'',34,59),(1548,'2018-02-03 06:17:41.421039','70','Booking#70, keyur@wellnetservices.com, 2018-02-03 06:17:30.075622+00:00',1,'',34,59),(1549,'2018-02-03 06:20:28.594604','71','Booking#71, keyur@wellnetservices.com, 2018-02-03 06:20:17.543648+00:00',1,'',34,59),(1550,'2018-02-03 06:43:40.415211','88','Greater Noida',2,'Changed state.',8,57),(1551,'2018-02-03 06:44:07.777376','124','EspiritToyotaGreaterNoida',1,'',15,57),(1552,'2018-02-03 07:06:06.665911','125','GargyaToyotaGuwahati',1,'',15,57),(1553,'2018-02-03 07:22:58.164945','126','RathodToyotaVapi',1,'',15,57),(1554,'2018-02-03 07:55:47.211397','90','GALAXYTOYOTADL03A',2,'Changed landline.',15,68),(1555,'2018-02-03 07:57:02.429043','93','GALAXYTOYOTADL06A',2,'Changed landline.',15,68),(1556,'2018-02-03 08:09:15.982094','110','ESPIRITTOYOTADL05A',2,'Changed company_name, company_name_invoice and company_address. Changed address for Owner \"Owner\". Changed branch_address and authorized_person_address for Dealership/Branch \"Branch\".',15,68),(1557,'2018-02-03 08:23:14.239531','115','ESPIRITTOYOTANO02A',2,'Changed company_name, company_name_invoice and company_address. Changed address for Owner \"Owner\". Changed branch_address and authorized_person_address for Dealership/Branch \"Branch\".',15,68),(1558,'2018-02-03 08:38:11.792522','72','Booking#72, deepak@wellnetservices.com, 2018-02-03 08:38:00.691003+00:00',1,'',34,68),(1559,'2018-02-03 09:08:44.689362','110','ESPIRITTOYOTADL05A',2,'Changed dealership_category and company_name.',15,57),(1560,'2018-02-03 09:40:55.596832','115','ESPIRITTOYOTANO02A',2,'Changed dealership_category.',15,57),(1561,'2018-02-03 09:42:33.109283','124','EspiritToyotaGreaterNoida',2,'Changed company_name_invoice.',15,57),(1562,'2018-02-03 09:50:20.690597','73','Booking#73, uttam@wellnetservices.com, 2018-02-03 09:50:03.732138+00:00',1,'',34,65),(1563,'2018-02-03 13:04:32.854983','74','Booking#74, deepak@wellnetservices.com, 2018-02-03 13:04:20.343217+00:00',1,'',34,68),(1564,'2018-02-03 13:07:16.516194','75','Booking#75, deepak@wellnetservices.com, 2018-02-03 13:07:05.259587+00:00',1,'',34,68),(1565,'2018-02-03 13:16:16.839676','132','2018-02-03',1,'',42,62),(1566,'2018-02-03 13:17:21.259292','133','2018-02-03',1,'',42,65),(1567,'2018-02-03 13:20:24.070951','134','2018-02-03',1,'',42,67),(1568,'2018-02-03 15:18:57.568790','135','2018-02-03',1,'',42,66),(1569,'2018-02-04 07:12:19.854314','76','Booking#76, deepak@wellnetservices.com, 2018-02-04 07:12:07.598746+00:00',1,'',34,68),(1570,'2018-02-05 04:40:54.747331','77','Booking#77, keyur@wellnetservices.com, 2018-02-05 04:40:42.601267+00:00',1,'',34,59),(1571,'2018-02-05 07:08:26.145008','127','GlobeToyotaLudhiana',1,'',15,57),(1572,'2018-02-05 07:18:05.640085','128','GlobeToyotaMohali',1,'',15,57),(1573,'2018-02-05 07:35:31.461615','129','GlobeToyotaSangrur',1,'',15,57),(1574,'2018-02-05 07:45:52.911642','130','GlobeToyotaKarnal',1,'',15,57),(1575,'2018-02-05 07:54:52.442448','131','GlobeToyotaAmbala',1,'',15,57),(1576,'2018-02-05 08:02:13.749984','132','GlobeToyotaPanipat',1,'',15,57),(1577,'2018-02-05 08:08:27.823704','133','GlobeToyotaYamunanagar',1,'',15,57),(1578,'2018-02-05 13:15:45.180473','136','2018-02-05',1,'',42,65),(1579,'2018-02-05 16:57:08.683913','78','Booking#78, amit@wellnetservices.com, 2018-02-05 16:56:56.301602+00:00',1,'',34,67),(1580,'2018-02-05 16:59:43.364904','79','Booking#79, amit@wellnetservices.com, 2018-02-05 16:59:32.216009+00:00',1,'',34,67),(1581,'2018-02-05 17:02:06.481418','80','Booking#80, amit@wellnetservices.com, 2018-02-05 17:01:54.272002+00:00',1,'',34,67),(1582,'2018-02-05 17:04:17.433999','81','Booking#81, amit@wellnetservices.com, 2018-02-05 17:04:06.594618+00:00',1,'',34,67),(1583,'2018-02-05 17:07:10.128458','82','Booking#82, amit@wellnetservices.com, 2018-02-05 17:06:59.334302+00:00',1,'',34,67),(1584,'2018-02-05 17:07:20.197917','83','Booking#83, amit@wellnetservices.com, 2018-02-05 17:07:09.426377+00:00',1,'',34,67),(1585,'2018-02-05 17:09:44.558965','84','Booking#84, amit@wellnetservices.com, 2018-02-05 17:09:33.291588+00:00',1,'',34,67),(1586,'2018-02-05 17:12:04.677334','85','Booking#85, amit@wellnetservices.com, 2018-02-05 17:11:53.438021+00:00',1,'',34,67),(1587,'2018-02-05 18:25:25.092584','137','2018-02-05',1,'',42,67),(1588,'2018-02-06 05:31:04.551569','51','Booking#51, deepak@wellnetservices.com, 2018-02-06 05:30:55.564780+00:00',2,'Changed is_cancelled and cancel_reason.',34,57),(1589,'2018-02-06 07:22:03.916253','187','Chandigarh ',1,'',8,57),(1590,'2018-02-06 07:31:45.840424','134','PioneerToyotaChandigarhCH01A',1,'',15,57),(1591,'2018-02-06 08:08:30.426442','135','SATYAMR01A',1,'',15,68),(1592,'2018-02-06 08:09:52.997859','135','SATYAMR01A',2,'No fields changed.',15,68),(1593,'2018-02-06 08:18:10.577489','86','Booking#86, deepak@wellnetservices.com, 2018-02-06 08:17:58.572285+00:00',1,'',34,68),(1594,'2018-02-06 08:24:42.250112','135','SATYAMRH01A',2,'Changed username.',15,68),(1595,'2018-02-06 09:30:05.859870','71','Booking#71, akhil@wellnetservices.com, 2018-02-06 09:29:54.069280+00:00',1,'',22,66),(1596,'2018-02-06 10:11:53.362357','76','Booking#76, deepak@wellnetservices.com, 2018-02-06 10:11:43.245575+00:00',2,'Changed is_cancelled and cancel_reason.',34,57),(1597,'2018-02-06 10:16:29.913157','188','Bahadurgarh',1,'',8,57),(1598,'2018-02-06 10:43:41.380953','136','SATYAMBD01A',1,'',15,68),(1599,'2018-02-06 10:45:39.433106','136','SATYAMBD01A',2,'No fields changed.',15,68),(1600,'2018-02-06 14:10:32.706139','138','2018-02-06',1,'',42,67),(1601,'2018-02-06 14:59:03.606799','139','2018-02-05',1,'',42,66),(1602,'2018-02-06 15:03:18.786840','140','2018-02-06',1,'',42,66),(1603,'2018-02-06 15:23:00.258682','141','2018-02-06',1,'',42,63),(1604,'2018-02-07 03:56:16.597748','189','Visakhapatnam',1,'',8,57),(1605,'2018-02-07 04:01:11.291969','137','LeelaKrishnaToyotaVishakapatna',1,'',15,64),(1606,'2018-02-07 05:57:27.755111','138','AnaamalaisToyotaCoimbatore',1,'',15,57),(1607,'2018-02-07 06:37:56.221248','139','AnaamalaisToyotaErode',1,'',15,57),(1608,'2018-02-07 07:12:32.767883','140','AnaamalaisToyotaSalem',1,'',15,57),(1609,'2018-02-07 07:28:53.180924','141','AnaamalaisToyotaTirupur',1,'',15,57),(1610,'2018-02-07 08:45:21.523961','190','Nagercoil',1,'',8,57),(1611,'2018-02-07 08:50:53.658896','142','AnaamalaisToyotaNagercoil',1,'',15,57),(1612,'2018-02-07 09:09:06.791459','143','AnaamalaisToyotaTrichy',1,'',15,57),(1613,'2018-02-07 09:26:33.681843','144','AnaamalaisToyotaKumbakonam',1,'',15,57),(1614,'2018-02-07 09:39:52.169684','145','AnaamalaisToyotaMadurai',1,'',15,57),(1615,'2018-02-07 10:12:05.415782','72','Booking#72, amit@wellnetservices.com, 2018-02-07 10:11:43.854158+00:00',1,'',22,67),(1616,'2018-02-07 10:24:42.180985','73','Booking#73, amit@wellnetservices.com, 2018-02-07 10:24:28.076833+00:00',1,'',22,67),(1617,'2018-02-07 11:02:30.142230','142','2018-02-05',1,'',42,62),(1618,'2018-02-07 11:08:02.167715','143','2018-02-06',1,'',42,62),(1619,'2018-02-07 11:12:49.647553','144','2018-02-07',1,'',42,62),(1620,'2018-02-07 11:40:13.546341','146','AnaamalaisToyotaTirunelveli',1,'',15,57),(1621,'2018-02-07 11:55:34.836633','147','AnaamalaisToyotaVirudhunagar',1,'',15,57),(1622,'2018-02-07 11:57:34.561434','142','AnaamalaisToyotaNagercoil',2,'Changed email. Changed email for Owner \"Owner\". Changed authorized_person_name, authorized_person_landline, authorized_person_mobile_number and authorized_person_email for Dealership/Branch \"Branch\".',15,57),(1623,'2018-02-07 12:37:16.498948','191','Velachery',1,'',8,57),(1624,'2018-02-07 12:41:29.749567','148','GRACEGURGAONGO02A',1,'',15,68),(1625,'2018-02-07 12:42:07.797115','148','GRACEGURGAONGO02A',2,'No fields changed.',15,68),(1626,'2018-02-07 12:45:30.591800','87','Booking#87, deepak@wellnetservices.com, 2018-02-07 12:45:17.208513+00:00',1,'',34,68),(1627,'2018-02-07 12:50:29.187169','149','LansonToyotaPallikarnai',1,'',15,57),(1628,'2018-02-07 12:54:31.690665','88','Booking#88, rohith@wellnetservices.com, 2018-02-07 12:54:20.279092+00:00',1,'',34,57),(1629,'2018-02-07 15:39:59.580774','145','2018-02-07',1,'',42,61),(1630,'2018-02-07 15:42:21.408601','145','2018-02-07',2,'No fields changed.',42,61),(1631,'2018-02-07 16:40:57.219949','146','2018-02-07',1,'',42,63),(1632,'2018-02-07 18:04:57.463137','6','2',2,'Changed model_type.',43,68),(1633,'2018-02-07 18:07:42.511403','6','2',2,'Changed from_date.',43,68),(1634,'2018-02-07 18:08:26.375695','6','2',2,'Changed to_date.',43,68),(1635,'2018-02-07 18:09:36.073183','6','2',2,'No fields changed.',43,68),(1636,'2018-02-08 04:51:13.928405','89','Booking#89, alex@wellnetservices.com, 2018-02-08 04:51:02.549985+00:00',1,'',34,63),(1637,'2018-02-08 04:53:40.519372','89','Booking#89, alex@wellnetservices.com, 2018-02-08 04:53:31.569320+00:00',2,'No fields changed.',34,63),(1638,'2018-02-08 04:54:14.457513','89','Booking#89, alex@wellnetservices.com, 2018-02-08 04:54:06.031758+00:00',2,'No fields changed.',34,63),(1639,'2018-02-08 09:11:13.823058','150','JMKToyotaJhansi',1,'',15,57),(1640,'2018-02-08 09:14:55.811525','90','Booking#90, akhil@wellnetservices.com, 2018-02-08 09:14:42.336107+00:00',1,'',34,66),(1641,'2018-02-08 09:17:35.873978','110','EspiritToyotaDelhi',2,'Changed username and company_name.',15,57),(1642,'2018-02-08 09:20:12.521381','115','EspiritToyotaNoida',2,'Changed username and company_name.',15,57),(1643,'2018-02-08 09:24:58.402039','90','Booking#90, akhil@wellnetservices.com, 2018-02-08 09:24:48.666783+00:00',2,'Changed gross_amount, IGST_amount, SGST_amount, CGST_amount and amount. Changed quantity and gross_amount for ProForm Partner Product \"Partner Product\".',34,66),(1644,'2018-02-08 09:25:22.391897','90','Booking#90, akhil@wellnetservices.com, 2018-02-08 09:25:12.261142+00:00',2,'No fields changed.',34,66),(1645,'2018-02-08 09:26:08.305675','91','Booking#91, rohith@wellnetservices.com, 2018-02-08 09:25:56.808754+00:00',1,'',34,57),(1646,'2018-02-08 09:47:09.797843','151','SunnyToyotaKanpur',1,'',15,57),(1647,'2018-02-08 10:31:01.724854','152','THIRTYSIXTOYOTAFA01A',1,'',15,68),(1648,'2018-02-08 10:31:46.880460','152','THIRTYSIXTOYOTAFA01A',2,'No fields changed.',15,68),(1649,'2018-02-08 10:36:27.524872','92','Booking#92, deepak@wellnetservices.com, 2018-02-08 10:36:14.282419+00:00',1,'',34,68),(1650,'2018-02-08 10:59:10.624563','93','Booking#93, rohith@wellnetservices.com, 2018-02-08 10:58:51.576890+00:00',1,'',34,57),(1651,'2018-02-08 11:07:01.379580','110','EspiritToyotaDelhi',2,'Changed GSTIN. Changed email for Owner \"Owner\".',15,57),(1652,'2018-02-08 11:47:54.169405','94','Booking#94, deepak@wellnetservices.com, 2018-02-08 11:47:41.646863+00:00',1,'',34,68),(1653,'2018-02-08 11:49:59.913630','95','Booking#95, deepak@wellnetservices.com, 2018-02-08 11:49:46.949390+00:00',1,'',34,68),(1654,'2018-02-08 11:53:23.365668','96','Booking#96, deepak@wellnetservices.com, 2018-02-08 11:53:12.257086+00:00',1,'',34,68),(1655,'2018-02-08 13:35:56.477412','147','2018-02-08',1,'',42,67),(1656,'2018-02-08 16:16:51.218975','148','2018-02-08',1,'',42,62),(1657,'2018-02-09 05:14:41.347403','153','LansonToyotaPuducherry',1,'',15,57),(1658,'2018-02-09 06:04:08.337665','154','CastleToyotaHoshiarpur',1,'',15,57),(1659,'2018-02-09 06:25:31.277972','155','CastleToyotaJalandharParagpur',1,'',15,57),(1660,'2018-02-09 06:28:03.079744','154','CastleToyotaHoshiarpur',2,'Changed company_name_invoice.',15,57),(1661,'2018-02-09 06:45:55.221099','192','Nawanshahr',1,'',8,57),(1662,'2018-02-09 07:00:18.380223','156','CastleToyotaNawanshahr',1,'',15,57),(1663,'2018-02-09 07:14:43.097260','157','CastleToyotaJalandhar',1,'',15,57),(1664,'2018-02-09 07:31:01.663820','97','Booking#97, alex@wellnetservices.com, 2018-02-09 07:30:46.302569+00:00',1,'',34,63),(1665,'2018-02-09 10:38:37.280203','98','Booking#98, alex@wellnetservices.com, 2018-02-09 10:38:24.809459+00:00',1,'',34,63),(1666,'2018-02-09 10:41:26.171541','99','Booking#99, alex@wellnetservices.com, 2018-02-09 10:41:13.473688+00:00',1,'',34,63),(1667,'2018-02-09 10:43:19.319252','100','Booking#100, alex@wellnetservices.com, 2018-02-09 10:43:06.903481+00:00',1,'',34,63),(1668,'2018-02-09 10:45:11.199112','101','Booking#101, alex@wellnetservices.com, 2018-02-09 10:44:59.644544+00:00',1,'',34,63),(1669,'2018-02-09 10:47:05.538204','102','Booking#102, alex@wellnetservices.com, 2018-02-09 10:46:52.835502+00:00',1,'',34,63),(1670,'2018-02-09 10:48:56.293245','103','Booking#103, alex@wellnetservices.com, 2018-02-09 10:48:44.735413+00:00',1,'',34,63),(1671,'2018-02-09 10:51:02.267100','104','Booking#104, alex@wellnetservices.com, 2018-02-09 10:50:50.620009+00:00',1,'',34,63),(1672,'2018-02-09 10:53:17.660155','105','Booking#105, alex@wellnetservices.com, 2018-02-09 10:53:06.802682+00:00',1,'',34,63),(1673,'2018-02-09 10:55:02.287167','106','Booking#106, alex@wellnetservices.com, 2018-02-09 10:54:50.573104+00:00',1,'',34,63),(1674,'2018-02-09 11:41:05.118487','76','LansonToyotaKoyambedu',2,'Changed email. Changed authorized_person_name, authorized_person_mobile_number and authorized_person_email for Dealership/Branch \"Branch\".',15,57),(1675,'2018-02-09 13:58:11.575070','149','2018-02-09',1,'',42,67),(1676,'2018-02-09 14:39:45.934800','150','2018-02-08',1,'',42,66),(1677,'2018-02-09 14:45:55.460230','151','2018-02-07',1,'',42,66),(1678,'2018-02-09 14:53:56.861789','152','2018-02-09',1,'',42,63),(1679,'2018-02-09 16:02:36.340117','153','2018-02-09',1,'',42,62),(1680,'2018-02-10 04:57:36.007211','158','NanavatiToyotaSurat',1,'',15,57),(1681,'2018-02-10 10:26:23.368564','107','Booking#107, keyur@wellnetservices.com, 2018-02-10 10:26:10.153838+00:00',1,'',34,59),(1682,'2018-02-10 13:16:15.121832','154','2018-02-10',1,'',42,67),(1683,'2018-02-10 13:24:05.956442','155','2018-02-10',1,'',42,65),(1684,'2018-02-10 14:58:28.419510','156','2018-02-09',1,'',42,66),(1685,'2018-02-10 15:16:33.246351','157','2018-02-10',1,'',42,66),(1686,'2018-02-10 17:42:16.331957','158','2018-02-10',1,'',42,62),(1687,'2018-02-12 04:28:45.362765','159','GrandToyotaMeerut',1,'',15,57),(1688,'2018-02-12 09:23:49.263152','71','Booking#71, akhil@wellnetservices.com, 2018-02-12 09:23:39.684322+00:00',2,'Changed cheque_dd_date, utr_number, transfer_date, bank_name, bank_branch, realisation_date, order_delivery_date, courier_company_name, pod_number, IGST_amount, SGST_amount, CGST_amount, amount and send_receipt.',22,57),(1689,'2018-02-12 09:30:50.940744','108','Booking#108, akhil@wellnetservices.com, 2018-02-12 09:30:39.502407+00:00',1,'',34,66),(1690,'2018-02-12 09:55:18.699279','74','Booking#74, deepak@wellnetservices.com, 2018-02-12 09:55:07.533324+00:00',1,'',22,68),(1691,'2018-02-12 13:51:54.393590','159','2018-02-12',1,'',42,62),(1692,'2018-02-12 14:35:59.687123','160','2018-02-12',1,'',42,67),(1693,'2018-02-12 15:22:00.947925','161','2018-02-12',1,'',42,66),(1694,'2018-02-13 04:59:02.404698','109','Booking#109, alex@wellnetservices.com, 2018-02-13 04:58:51.600282+00:00',1,'',34,63),(1695,'2018-02-13 12:05:43.458539','75','Booking#75, alex@wellnetservices.com, 2018-02-13 12:05:31.028188+00:00',1,'',22,63),(1696,'2018-02-13 12:08:20.595766','76','Booking#76, alex@wellnetservices.com, 2018-02-13 12:08:10.013461+00:00',1,'',22,63),(1697,'2018-02-13 12:11:52.797783','77','Booking#77, alex@wellnetservices.com, 2018-02-13 12:11:42.165051+00:00',1,'',22,63),(1698,'2018-02-13 12:14:10.010002','78','Booking#78, alex@wellnetservices.com, 2018-02-13 12:13:59.846900+00:00',1,'',22,63),(1699,'2018-02-13 12:15:19.176819','79','Booking#79, alex@wellnetservices.com, 2018-02-13 12:15:08.586081+00:00',1,'',22,63),(1700,'2018-02-13 12:16:58.753794','80','Booking#80, alex@wellnetservices.com, 2018-02-13 12:16:48.704009+00:00',1,'',22,63),(1701,'2018-02-13 12:19:04.726146','81','Booking#81, alex@wellnetservices.com, 2018-02-13 12:18:54.151849+00:00',1,'',22,63),(1702,'2018-02-13 12:20:02.786547','82','Booking#82, alex@wellnetservices.com, 2018-02-13 12:19:52.330491+00:00',1,'',22,63),(1703,'2018-02-13 12:22:36.737674','83','Booking#83, alex@wellnetservices.com, 2018-02-13 12:22:26.444674+00:00',1,'',22,63),(1704,'2018-02-13 12:24:04.448559','84','Booking#84, alex@wellnetservices.com, 2018-02-13 12:23:54.305498+00:00',1,'',22,63),(1705,'2018-02-13 13:56:48.180900','162','2018-02-13',1,'',42,67),(1706,'2018-02-14 04:29:44.472857','85','Booking#85, suhas@wellnetservices.com, 2018-02-14 04:29:32.673796+00:00',1,'',22,36),(1707,'2018-02-14 06:09:55.907218','142','AnaamalaisToyotaNagercoil',2,'Changed address for Owner \"Owner\". Changed authorized_person_address for Dealership/Branch \"Branch\".',15,57),(1708,'2018-02-14 08:18:28.105706','152','THIRTYSIXTOYOTAFA01A',2,'Changed company_name.',15,68),(1709,'2018-02-14 10:12:57.205967','110','Booking#110, amit@wellnetservices.com, 2018-02-14 10:12:45.423838+00:00',1,'',34,67),(1710,'2018-02-14 10:18:39.364079','111','Booking#111, amit@wellnetservices.com, 2018-02-14 10:18:28.609344+00:00',1,'',34,67),(1711,'2018-02-14 10:21:06.370773','112','Booking#112, amit@wellnetservices.com, 2018-02-14 10:20:55.383473+00:00',1,'',34,67),(1712,'2018-02-14 10:24:57.999117','113','Booking#113, amit@wellnetservices.com, 2018-02-14 10:24:47.764276+00:00',1,'',34,67),(1713,'2018-02-14 10:37:21.245889','155','CastleToyotaJalandharParagpur',2,'Changed email and company_name.',15,57),(1714,'2018-02-14 10:42:24.286192','157','CastleToyotaJalandhar',2,'Changed email.',15,57),(1715,'2018-02-14 10:43:18.282989','156','CastleToyotaNawanshahr',2,'Changed email.',15,57),(1716,'2018-02-14 12:34:37.908160','163','2018-02-14',1,'',42,63),(1717,'2018-02-14 13:25:26.887073','164','2018-02-14',1,'',42,67),(1718,'2018-02-14 13:48:31.426063','86','Booking#86, deepak@wellnetservices.com, 2018-02-14 13:48:20.037948+00:00',1,'',22,68),(1719,'2018-02-14 14:23:58.507388','160','THIRTYSIXTOYOTADL09A',1,'',15,68),(1720,'2018-02-14 14:24:34.049637','160','THIRTYSIXTOYOTADL09A',2,'No fields changed.',15,68),(1721,'2018-02-14 14:30:36.368487','114','Booking#114, deepak@wellnetservices.com, 2018-02-14 14:30:24.823464+00:00',1,'',34,68),(1722,'2018-02-15 07:19:35.293392','193','Warangal',1,'',8,57),(1723,'2018-02-15 07:32:47.854714','161','KakatiyaToyotaWarangal',1,'',15,64),(1724,'2018-02-15 07:45:23.792609','115','Booking#115, kamal@wellnetservices.com, 2018-02-15 07:45:12.442017+00:00',1,'',34,64),(1725,'2018-02-15 13:10:06.914405','165','2018-02-14',1,'',42,62),(1726,'2018-02-15 13:19:52.251115','166','2018-02-14',1,'',42,62),(1727,'2018-02-15 13:34:45.285771','167','2018-02-15',1,'',42,62),(1728,'2018-02-15 15:32:27.872625','168','2018-02-15',1,'',42,66),(1729,'2018-02-15 15:46:21.423636','169','2018-02-13',1,'',42,66),(1730,'2018-02-15 15:51:58.724958','170','2018-02-14',1,'',42,66),(1731,'2018-02-15 15:52:01.122396','171','2018-02-14',1,'',42,66),(1732,'2018-02-15 16:22:20.049604','172','2018-02-15',1,'',42,67),(1733,'2018-02-15 16:38:35.189682','173','2018-02-15',1,'',42,64),(1734,'2018-02-16 04:38:14.647663','194','Sahibabad',1,'',8,57),(1735,'2018-02-16 05:16:38.888591','162','UttamToyotaSahibabad',1,'',15,66),(1736,'2018-02-16 05:19:59.743166','162','UttamToyotaSahibabad',2,'Changed year_of_establishment. Changed address for Owner \"Owner\". Changed branch_address and authorized_person_address for Dealership/Branch \"Branch\".',15,57),(1737,'2018-02-16 05:23:47.398913','116','Booking#116, akhil@wellnetservices.com, 2018-02-16 05:23:36.018515+00:00',1,'',34,66),(1738,'2018-02-16 05:51:43.110488','117','Booking#117, keyur@wellnetservices.com, 2018-02-16 05:51:31.118532+00:00',1,'',34,59),(1739,'2018-02-16 06:23:42.196163','87','Booking#87, alex@wellnetservices.com, 2018-02-16 06:23:32.919268+00:00',1,'',22,63),(1740,'2018-02-16 06:33:21.297742','80','MadhubanToyotaKurlaWest',2,'Changed dealer_code, company_name and company_name_invoice.',15,57),(1741,'2018-02-16 06:38:53.719749','163','MadhubanToyotaCottonGreen',1,'',15,57),(1742,'2018-02-16 06:53:15.815253','164','MadhubanToyotaRaeyRoad',1,'',15,57),(1743,'2018-02-16 06:56:48.929982','80','MadhubanToyotaKurlaWest',2,'Changed GSTIN and company_pan_number.',15,57),(1744,'2018-02-16 07:07:26.012396','118','Booking#118, suhas@wellnetservices.com, 2018-02-16 07:07:14.286984+00:00',1,'',34,36),(1745,'2018-02-16 07:12:45.547141','119','Booking#119, suhas@wellnetservices.com, 2018-02-16 07:12:34.698011+00:00',1,'',34,36),(1746,'2018-02-16 10:15:27.074880','165','CastleToyotaAmristar',1,'',15,57),(1747,'2018-02-16 10:52:52.243773','88','Booking#88, deepak@wellnetservices.com, 2018-02-16 10:52:38.978412+00:00',1,'',22,68),(1748,'2018-02-16 10:58:58.436751','89','Booking#89, deepak@wellnetservices.com, 2018-02-16 10:58:47.969520+00:00',1,'',22,68),(1749,'2018-02-16 11:05:22.986118','90','Booking#90, deepak@wellnetservices.com, 2018-02-16 11:05:12.629550+00:00',1,'',22,68),(1750,'2018-02-16 11:10:08.348443','91','Booking#91, deepak@wellnetservices.com, 2018-02-16 11:09:56.307122+00:00',1,'',22,68),(1751,'2018-02-16 11:14:58.487682','92','Booking#92, deepak@wellnetservices.com, 2018-02-16 11:14:48.335912+00:00',1,'',22,68),(1752,'2018-02-16 11:36:13.376663','93','Booking#93, keyur@wellnetservices.com, 2018-02-16 11:36:02.359550+00:00',1,'',22,59),(1753,'2018-02-16 11:40:59.196385','94','Booking#94, keyur@wellnetservices.com, 2018-02-16 11:40:47.951807+00:00',1,'',22,59),(1754,'2018-02-16 11:44:43.367528','95','Booking#95, keyur@wellnetservices.com, 2018-02-16 11:44:32.791604+00:00',1,'',22,59),(1755,'2018-02-16 11:48:10.755178','96','Booking#96, keyur@wellnetservices.com, 2018-02-16 11:48:00.194764+00:00',1,'',22,59),(1756,'2018-02-16 11:52:31.092415','97','Booking#97, keyur@wellnetservices.com, 2018-02-16 11:52:20.635675+00:00',1,'',22,59),(1757,'2018-02-16 11:55:22.345991','98','Booking#98, keyur@wellnetservices.com, 2018-02-16 11:55:12.353572+00:00',1,'',22,59),(1758,'2018-02-16 11:59:02.931011','99','Booking#99, keyur@wellnetservices.com, 2018-02-16 11:58:52.866360+00:00',1,'',22,59),(1759,'2018-02-16 12:06:26.891975','100','Booking#100, keyur@wellnetservices.com, 2018-02-16 12:06:16.245402+00:00',1,'',22,59),(1760,'2018-02-16 12:12:40.221915','101','Booking#101, keyur@wellnetservices.com, 2018-02-16 12:12:30.089591+00:00',1,'',22,59),(1761,'2018-02-16 12:26:50.777525','102','Booking#102, deepak@wellnetservices.com, 2018-02-16 12:26:40.288576+00:00',1,'',22,68),(1762,'2018-02-16 13:11:05.368987','103','Booking#103, akhil@wellnetservices.com, 2018-02-16 13:10:53.803198+00:00',1,'',22,66),(1763,'2018-02-16 13:15:57.332195','103','Booking#103, akhil@wellnetservices.com, 2018-02-16 13:15:56.213329+00:00',2,'Changed cheque_dd_date, transfer_date, IGST_amount, SGST_amount, CGST_amount and amount.',22,57),(1764,'2018-02-16 13:34:59.836517','174','2018-02-16',1,'',42,63),(1765,'2018-02-16 13:36:29.119693','175','2018-02-15',1,'',42,63),(1766,'2018-02-16 13:49:24.690896','176','2018-02-16',1,'',42,67),(1767,'2018-02-16 14:04:14.244523','177','2018-02-16',1,'',42,65),(1768,'2018-02-16 14:24:54.603033','166','UttamToyotaGhaziabad',1,'',15,66),(1769,'2018-02-16 15:14:45.314603','167','UttamToyotaNoida',1,'',15,66),(1770,'2018-02-16 15:49:43.312783','178','2018-02-16',1,'',42,64),(1771,'2018-02-16 16:03:42.085204','179','2018-02-16',1,'',42,62),(1772,'2018-02-16 16:34:56.932268','180','2018-02-16',1,'',42,66),(1773,'2018-02-16 16:37:20.631692','171','2018-02-15',2,'Changed date.',42,66),(1774,'2018-02-17 04:02:39.683158','135','SATYAMRH01A',2,'Changed company_name.',15,57),(1775,'2018-02-17 04:06:00.623514','136','SATYAMBD01A',2,'Changed company_name.',15,57),(1776,'2018-02-17 04:17:16.521140','120','Booking#120, akhil@wellnetservices.com, 2018-02-17 04:17:05.004426+00:00',1,'',34,66),(1777,'2018-02-17 04:24:01.204590','121','Booking#121, akhil@wellnetservices.com, 2018-02-17 04:23:50.246104+00:00',1,'',34,66),(1778,'2018-02-17 04:28:28.619755','152','THIRTYSIXTOYOTAFA01A',2,'Changed company_name.',15,57),(1779,'2018-02-17 04:30:38.409444','160','THIRTYSIXTOYOTADL09A',2,'Changed company_name.',15,57),(1780,'2018-02-17 04:33:45.114669','122','Booking#122, akhil@wellnetservices.com, 2018-02-17 04:33:33.898758+00:00',1,'',34,66),(1781,'2018-02-17 07:59:29.115790','89','GalaxyToyotaMotiNagar',2,'Changed username and company_name.',15,57),(1782,'2018-02-17 08:04:04.799801','90','GalaxyToyotaOkhla',2,'Changed username and company_name.',15,57),(1783,'2018-02-17 08:11:05.636372','91','GalaxyToyotaShalimarBagh',2,'Changed username and company_name.',15,57),(1784,'2018-02-17 11:39:38.727748','104','Booking#104, akhil@wellnetservices.com, 2018-02-17 11:39:27.239324+00:00',1,'',22,66),(1785,'2018-02-17 11:43:57.059515','105','Booking#105, akhil@wellnetservices.com, 2018-02-17 11:43:46.329943+00:00',1,'',22,66),(1786,'2018-02-17 11:46:59.818311','106','Booking#106, akhil@wellnetservices.com, 2018-02-17 11:46:49.143321+00:00',1,'',22,66),(1787,'2018-02-17 12:44:02.920202','181','2018-02-17',1,'',42,62),(1788,'2018-02-17 14:48:06.489204','182','2018-02-17',1,'',42,66),(1789,'2018-02-17 15:00:54.210672','183','2018-02-17',1,'',42,63),(1790,'2018-02-17 15:37:16.499656','184','2018-02-17',1,'',42,67),(1791,'2018-02-19 05:06:42.994110','195','Navsari',1,'',8,57),(1792,'2018-02-19 05:25:15.832529','168','RathodtoyotaNavsari',1,'',15,59),(1793,'2018-02-19 05:28:11.669578','168','RathodToyotaNavsari',2,'Changed dealer_code, username and company_name.',15,57),(1794,'2018-02-19 07:15:45.482992','168','RathodToyotaNavsari',2,'Changed company_name_invoice and company_address. Changed address for Owner \"Owner\". Changed branch_address, authorized_person_name and authorized_person_address for Dealership/Branch \"Branch\".',15,57),(1795,'2018-02-19 11:17:35.900897','185','2018-02-19',1,'',42,61),(1796,'2018-02-19 13:12:59.421482','186','2018-02-19',1,'',42,67),(1797,'2018-02-19 13:40:27.627253','187','2018-02-19',1,'',42,65),(1798,'2018-02-19 14:13:40.580937','188','2018-02-19',1,'',42,62),(1799,'2018-02-19 15:35:39.635651','189','2018-02-19',1,'',42,66),(1800,'2018-02-19 18:12:20.557744','190','2018-02-19',1,'',42,64),(1801,'2018-02-19 18:22:39.482497','191','2018-02-19',1,'',42,64),(1802,'2018-02-20 06:52:16.832196','169','GraceToyotaNagpur',1,'',15,62),(1803,'2018-02-20 06:57:26.724246','169','GraceToyotaNagpur',2,'Changed company_address. Changed address for Owner \"Owner\". Changed branch_address and authorized_person_address for Dealership/Branch \"Branch\".',15,62),(1804,'2018-02-20 07:34:37.429832','170','GraceToyotaAkola',1,'',15,62),(1805,'2018-02-20 07:35:40.301319','170','GraceToyotaAkola',2,'No fields changed.',15,62),(1806,'2018-02-20 07:48:56.425531','196','Amravati',1,'',8,57),(1807,'2018-02-20 07:50:35.627653','123','Booking#123, amit@wellnetservices.com, 2018-02-20 07:50:23.827400+00:00',1,'',34,67),(1808,'2018-02-20 07:53:21.466334','124','Booking#124, amit@wellnetservices.com, 2018-02-20 07:53:10.292000+00:00',1,'',34,67),(1809,'2018-02-20 07:55:54.412986','171','GraceToyotaAmravati',1,'',15,62),(1810,'2018-02-20 07:56:43.275935','171','GraceToyotaAmravati',2,'No fields changed.',15,62),(1811,'2018-02-20 07:58:41.635914','125','Booking#125, amit@wellnetservices.com, 2018-02-20 07:58:30.857938+00:00',1,'',34,67),(1812,'2018-02-20 08:01:17.651293','126','Booking#126, amit@wellnetservices.com, 2018-02-20 08:01:05.230583+00:00',1,'',34,67),(1813,'2018-02-20 09:00:21.310024','192','2018-02-19',1,'',42,63),(1814,'2018-02-20 09:40:39.827140','171','GraceToyotaAmravati',2,'Changed address for Owner \"Owner\". Changed authorized_person_address for Dealership/Branch \"Branch\".',15,57),(1815,'2018-02-20 09:41:45.620364','127','Booking#127, girish@wellnetservices.com, 2018-02-20 09:41:33.754867+00:00',1,'',34,62),(1816,'2018-02-20 09:44:29.762344','128','Booking#128, girish@wellnetservices.com, 2018-02-20 09:44:18.707707+00:00',1,'',34,62),(1817,'2018-02-20 09:47:29.411701','129','Booking#129, girish@wellnetservices.com, 2018-02-20 09:47:18.284993+00:00',1,'',34,62),(1818,'2018-02-20 12:01:19.105414','107','Booking#107, keyur@wellnetservices.com, 2018-02-20 12:01:07.283402+00:00',1,'',22,59),(1819,'2018-02-20 13:04:20.509937','193','2018-02-20',1,'',42,65),(1820,'2018-02-20 13:32:18.567692','194','2018-02-20',1,'',42,63),(1821,'2018-02-20 14:03:07.097516','195','2018-02-20',1,'',42,67),(1822,'2018-02-20 14:11:43.380105','196','2018-02-20',1,'',42,62),(1823,'2018-02-20 14:26:10.352544','197','2018-02-20',1,'',42,61),(1824,'2018-02-20 14:36:13.189409','198','2018-02-20',1,'',42,66),(1825,'2018-02-21 04:20:57.851716','108','Booking#108, suhas@wellnetservices.com, 2018-02-21 04:20:48.198224+00:00',1,'',22,36),(1826,'2018-02-21 04:47:53.522940','109','Booking#109, suhas@wellnetservices.com, 2018-02-21 04:47:44.061214+00:00',1,'',22,36),(1827,'2018-02-21 04:54:51.073413','108','Booking#108, suhas@wellnetservices.com, 2018-02-21 04:54:49.985671+00:00',2,'Changed cheque_dd_date, transfer_date, is_cancelled and cancel_reason.',22,57),(1828,'2018-02-21 10:36:15.438180','107','Booking#107, keyur@wellnetservices.com, 2018-02-21 10:36:06.323200+00:00',2,'Changed cheque_dd_date, utr_number, transfer_date, bank_name, bank_branch, realisation_date, order_delivery_date, courier_company_name and send_receipt.',22,57),(1829,'2018-02-21 12:02:31.022754','55','Booking#55, deepak@wellnetservices.com, 2018-02-21 12:02:22.003549+00:00',2,'Changed payment_type, cheque_dd_date, utr_number, transfer_date, bank_name, bank_branch, realisation_date, courier_company_name and send_receipt.',22,57),(1830,'2018-02-21 12:05:00.136240','54','Booking#54, deepak@wellnetservices.com, 2018-02-21 12:04:51.687861+00:00',2,'Changed payment_type, cheque_dd_date, utr_number, transfer_date, bank_name, bank_branch, realisation_date, courier_company_name and send_receipt.',22,57),(1831,'2018-02-21 12:15:36.697026','199','2018-02-21',1,'',42,61),(1832,'2018-02-21 12:32:36.132043','9','1',1,'',43,57),(1833,'2018-02-21 12:34:14.140305','10','1',1,'',43,57),(1834,'2018-02-21 12:37:48.486724','11','1',1,'',43,57),(1835,'2018-02-21 12:39:43.919705','9','1',2,'No fields changed.',43,57),(1836,'2018-02-21 12:42:52.954698','9','1',2,'No fields changed.',43,57),(1837,'2018-02-21 12:51:57.070975','11','1',2,'No fields changed.',43,2),(1838,'2018-02-21 12:55:36.066331','11','1',2,'No fields changed.',43,2),(1839,'2018-02-21 12:58:39.747258','200','2018-02-21',1,'',42,63),(1840,'2018-02-21 13:16:38.416043','110','Booking#110, girish@wellnetservices.com, 2018-02-21 13:16:27.048162+00:00',1,'',22,62),(1841,'2018-02-21 13:20:56.000612','108','RajyogToyotaLatur',2,'Changed company_address. Changed address for Owner \"Owner\". Changed branch_address and authorized_person_address for Dealership/Branch \"Branch\".',15,57),(1842,'2018-02-21 14:49:39.092852','201','2018-02-21',1,'',42,67),(1843,'2018-02-21 15:01:11.116114','202','2018-02-21',1,'',42,66),(1844,'2018-02-21 16:21:17.886511','203','2018-02-21',1,'',42,64),(1845,'2018-02-22 04:36:58.773586','172','NARMADATOYOTAVADODARA',1,'',15,59),(1846,'2018-02-22 05:09:20.583713','173','NARMADATOYOTAANAND',1,'',15,59),(1847,'2018-02-22 05:52:46.944946','11','1',2,'No fields changed.',43,2),(1848,'2018-02-22 05:53:05.108091','11','1',2,'No fields changed.',43,2),(1849,'2018-02-22 05:53:18.792369','11','1',2,'No fields changed.',43,2),(1850,'2018-02-22 05:53:19.630410','11','1',2,'No fields changed.',43,2),(1851,'2018-02-22 05:53:19.698483','11','1',2,'No fields changed.',43,2),(1852,'2018-02-22 05:53:19.808836','11','1',2,'No fields changed.',43,2),(1853,'2018-02-22 05:53:19.974657','11','1',2,'No fields changed.',43,2),(1854,'2018-02-22 05:53:32.635205','11','1',2,'No fields changed.',43,2),(1855,'2018-02-22 05:54:10.073890','11','1',2,'No fields changed.',43,2),(1856,'2018-02-22 05:54:54.796572','12','1',1,'',43,2),(1857,'2018-02-22 05:55:31.600427','13','1',1,'',43,2),(1858,'2018-02-22 05:55:31.664261','14','1',1,'',43,2),(1859,'2018-02-22 05:55:31.900672','15','1',1,'',43,2),(1860,'2018-02-22 05:55:31.916887','16','1',1,'',43,2),(1861,'2018-02-22 05:55:32.283884','17','1',1,'',43,2),(1862,'2018-02-22 05:55:32.379727','18','1',1,'',43,2),(1863,'2018-02-22 05:55:32.391734','19','1',1,'',43,2),(1864,'2018-02-22 05:55:32.650708','20','1',1,'',43,2),(1865,'2018-02-22 05:55:32.812383','21','1',1,'',43,2),(1866,'2018-02-22 12:23:00.979862','204','2018-02-22',1,'',42,61),(1867,'2018-02-22 13:20:26.539315','205','2018-02-22',1,'',42,67),(1868,'2018-02-22 15:17:46.843342','206','2018-02-22',1,'',42,66),(1869,'2018-02-22 16:27:07.152631','21','1',2,'No fields changed.',43,2),(1870,'2018-02-22 16:51:34.223165','207','2018-02-21',1,'',42,62),(1871,'2018-02-22 16:53:14.680810','208','2018-02-22',1,'',42,62),(1872,'2018-02-22 17:07:37.886563','209','2018-02-22',1,'',42,63),(1873,'2018-02-22 17:24:08.040390','21','1',2,'No fields changed.',43,2),(1874,'2018-02-22 17:27:58.960609','21','1',2,'No fields changed.',43,2),(1875,'2018-02-22 17:29:29.466442','21','1',2,'No fields changed.',43,2),(1876,'2018-02-22 17:31:39.940943','19','1',2,'No fields changed.',43,2),(1877,'2018-02-22 17:38:16.996682','19','1',2,'No fields changed.',43,2),(1878,'2018-02-22 17:42:01.320145','19','1',2,'No fields changed.',43,2),(1879,'2018-02-22 17:45:33.860506','19','1',2,'No fields changed.',43,2),(1880,'2018-02-23 02:06:11.484170','21','1',2,'No fields changed.',43,2),(1881,'2018-02-23 02:13:43.160934','21','1',2,'No fields changed.',43,2),(1882,'2018-02-23 02:23:01.009658','21','1',2,'No fields changed.',43,2),(1883,'2018-02-23 02:26:39.388314','21','1',2,'No fields changed.',43,2),(1884,'2018-02-23 02:28:00.294764','21','1',2,'No fields changed.',43,2),(1885,'2018-02-23 02:29:11.313317','21','1',2,'No fields changed.',43,2),(1886,'2018-02-23 02:31:47.825132','21','1',2,'No fields changed.',43,2),(1887,'2018-02-23 02:32:33.065215','21','1',2,'No fields changed.',43,2),(1888,'2018-02-23 02:34:41.254742','10','1',2,'No fields changed.',43,2),(1889,'2018-02-23 04:17:54.273808','11','1',2,'No fields changed.',43,57),(1890,'2018-02-23 08:19:24.338364','8','6',2,'No fields changed.',43,2),(1891,'2018-02-23 08:31:31.816192','21','1',2,'No fields changed.',43,2),(1892,'2018-02-23 08:33:40.883164','21','1',2,'No fields changed.',43,2),(1893,'2018-02-23 13:22:09.212562','210','2018-02-23',1,'',42,65),(1894,'2018-02-23 14:16:50.806814','211','2018-02-23',1,'',42,62),(1895,'2018-02-23 15:40:04.445133','212','2018-02-23',1,'',42,61),(1896,'2018-02-23 16:48:22.211261','213','2018-02-23',1,'',42,67),(1897,'2018-02-24 05:03:28.855162','130','Booking#130, keyur@wellnetservices.com, 2018-02-24 05:03:16.162590+00:00',1,'',34,59),(1898,'2018-02-24 05:08:45.744849','131','Booking#131, keyur@wellnetservices.com, 2018-02-24 05:08:34.336655+00:00',1,'',34,59),(1899,'2018-02-24 07:39:37.690982','132','Booking#132, keyur@wellnetservices.com, 2018-02-24 07:39:26.133008+00:00',1,'',34,59),(1900,'2018-02-24 07:42:36.101234','133','Booking#133, keyur@wellnetservices.com, 2018-02-24 07:42:24.034323+00:00',1,'',34,59),(1901,'2018-02-24 10:49:01.276533','134','Booking#134, keyur@wellnetservices.com, 2018-02-24 10:48:49.423700+00:00',1,'',34,59),(1902,'2018-02-24 10:53:15.903381','135','Booking#135, keyur@wellnetservices.com, 2018-02-24 10:53:05.126413+00:00',1,'',34,59),(1903,'2018-02-24 14:09:20.951212','214','2018-02-24',1,'',42,67),(1904,'2018-02-24 14:25:13.883939','215','2018-02-24',1,'',42,62),(1905,'2018-02-24 14:25:51.176130','215','2018-02-24',2,'Changed discussion_point for Report \"Reports\".',42,62),(1906,'2018-02-26 04:09:15.015974','111','Booking#111, suhas@wellnetservices.com, 2018-02-26 04:09:05.338455+00:00',1,'',22,36),(1907,'2018-02-26 11:29:36.968763','174','LansonToyotaVellore',1,'',15,57),(1908,'2018-02-26 11:35:52.857451','197','Nandanam',1,'',8,57),(1909,'2018-02-26 11:40:09.696783','175','LansonToyotaNandanam',1,'',15,57),(1910,'2018-02-26 12:57:10.991695','216','2018-02-26',1,'',42,67),(1911,'2018-02-26 16:15:03.074879','217','2018-02-26',1,'',42,66),(1912,'2018-02-26 16:23:39.147972','218','2018-02-23',1,'',42,66),(1913,'2018-02-26 16:30:07.458860','219','2018-02-24',1,'',42,66),(1914,'2018-02-27 04:19:58.563602','87','Booking#87, alex@wellnetservices.com, 2018-02-27 04:19:49.517011+00:00',2,'Changed is_immediate, order_delivery_type, payment_type, cheque_dd_date, utr_number, transfer_date, bank_name, bank_branch, realisation_date, order_delivery_date, courier_company_name and send_receipt.',22,57),(1915,'2018-02-27 04:30:16.954914','136','Booking#136, alex@wellnetservices.com, 2018-02-27 04:30:05.845067+00:00',1,'',34,63),(1916,'2018-02-27 04:37:02.677876','137','Booking#137, alex@wellnetservices.com, 2018-02-27 04:36:53.049586+00:00',1,'',34,63),(1917,'2018-02-27 04:39:15.628358','138','Booking#138, alex@wellnetservices.com, 2018-02-27 04:39:05.259115+00:00',1,'',34,63),(1918,'2018-02-27 04:42:08.467271','139','Booking#139, alex@wellnetservices.com, 2018-02-27 04:41:57.317866+00:00',1,'',34,63),(1919,'2018-02-27 04:55:10.953967','198','Neelankarai',1,'',8,57),(1920,'2018-02-27 05:02:20.722381','176','LansonToyotaECR',1,'',15,57),(1921,'2018-02-27 05:09:13.973711','140','Booking#140, alex@wellnetservices.com, 2018-02-27 05:09:02.506915+00:00',1,'',34,63),(1922,'2018-02-27 08:51:16.748501','110','Booking#110, girish@wellnetservices.com, 2018-02-27 08:51:07.905923+00:00',2,'Changed payment_type, cheque_dd_date, utr_number, transfer_date, bank_name, bank_branch, realisation_date, order_delivery_date, courier_company_name, pod_number and send_receipt.',22,57),(1923,'2018-02-27 13:04:22.596762','220','2018-02-27',1,'',42,62),(1924,'2018-02-27 13:05:01.235829','220','2018-02-26',2,'Changed date.',42,62),(1925,'2018-02-27 13:08:56.592269','221','2018-02-27',1,'',42,62),(1926,'2018-02-28 06:38:51.568899','199','Guntur',1,'',8,57),(1927,'2018-02-28 08:10:51.475061','177','RADHAMADHAVTOYOTA',1,'',15,64),(1928,'2018-02-28 08:12:28.435964','177','RADHAMADHAVTOYOTA',2,'No fields changed.',15,64),(1929,'2018-02-28 08:33:05.511438','112','Booking#112, alex@wellnetservices.com, 2018-02-28 08:32:53.625125+00:00',1,'',22,63),(1930,'2018-02-28 08:37:39.250466','113','Booking#113, alex@wellnetservices.com, 2018-02-28 08:37:28.229917+00:00',1,'',22,63),(1931,'2018-02-28 08:42:55.116921','114','Booking#114, alex@wellnetservices.com, 2018-02-28 08:42:43.188083+00:00',1,'',22,63),(1932,'2018-02-28 08:43:58.134248','115','Booking#115, alex@wellnetservices.com, 2018-02-28 08:43:47.751926+00:00',1,'',22,63),(1933,'2018-02-28 08:46:49.020740','116','Booking#116, alex@wellnetservices.com, 2018-02-28 08:46:38.809884+00:00',1,'',22,63),(1934,'2018-02-28 09:20:29.743239','177','RadhaMadhavToyotaGuntur',2,'Changed username, company_name, company_name_invoice and company_address. Changed name, mobile_number and address for Owner \"Owner\". Changed branch_address, authorized_person_name and authorized_person_address for Dealership/Branch \"Branch\".',15,57),(1935,'2018-02-28 09:22:27.010291','172','NARMADATOYOTAVADODARA',2,'Changed company_address. Changed branch_address for Dealership/Branch \"Branch\".',15,57),(1936,'2018-02-28 09:24:47.091194','173','NarmadaToyotaAnand',2,'Changed username, company_name and company_address.',15,57),(1937,'2018-02-28 09:26:44.780163','172','NarmadaToyotaVadodara',2,'Changed username and company_name.',15,57),(1938,'2018-02-28 11:12:14.161493','178','RajendraToyotaAllahabad',1,'',15,66),(1939,'2018-02-28 11:16:32.318891','178','RajendraToyotaAllahabad',2,'Changed company_name.',15,66),(1940,'2018-02-28 11:50:44.409489','141','Booking#141, akhil@wellnetservices.com, 2018-02-28 11:50:32.810883+00:00',1,'',34,66),(1941,'2018-02-28 12:00:05.516444','200','Tarn Taran',1,'',8,57),(1942,'2018-02-28 12:06:53.620598','179','CastleToyotaTarnTaran',1,'',15,57),(1943,'2018-02-28 12:19:15.271243','180','CastleToyotaJalandharKapurtala',1,'',15,57),(1944,'2018-02-28 12:43:33.746057','142','Booking#142, amit@wellnetservices.com, 2018-02-28 12:43:22.159397+00:00',1,'',34,67),(1945,'2018-02-28 12:45:37.091431','143','Booking#143, amit@wellnetservices.com, 2018-02-28 12:45:26.037515+00:00',1,'',34,67),(1946,'2018-02-28 12:48:35.087599','144','Booking#144, amit@wellnetservices.com, 2018-02-28 12:48:24.239828+00:00',1,'',34,67),(1947,'2018-02-28 12:56:57.873585','222','2018-02-28',1,'',42,67),(1948,'2018-02-28 13:13:52.428816','223','2018-02-28',1,'',42,65),(1949,'2018-03-01 04:49:05.913240','117','Booking#117, suhas@wellnetservices.com, 2018-03-01 04:48:54.686075+00:00',1,'',22,36),(1950,'2018-03-01 04:56:28.773543','118','Booking#118, suhas@wellnetservices.com, 2018-03-01 04:56:18.565675+00:00',1,'',22,36),(1951,'2018-03-01 05:01:29.979150','119','Booking#119, suhas@wellnetservices.com, 2018-03-01 05:01:19.916801+00:00',1,'',22,36),(1952,'2018-03-01 05:03:52.368750','145','Booking#145, kamal@wellnetservices.com, 2018-03-01 05:03:41.833063+00:00',1,'',34,64),(1953,'2018-03-01 12:54:36.031869','224','2018-02-27',1,'',42,66),(1954,'2018-03-01 13:01:27.042770','225','2018-02-28',1,'',42,66),(1955,'2018-03-01 13:11:55.348610','226','2018-03-01',1,'',42,66),(1956,'2018-03-01 16:57:33.721956','227','2018-03-01',1,'',42,67),(1957,'2018-03-02 11:16:00.456771','146','Booking#146, kamal@wellnetservices.com, 2018-03-02 11:15:47.921932+00:00',1,'',34,64),(1958,'2018-03-02 11:38:22.382020','109','Booking#109, suhas@wellnetservices.com, 2018-03-02 11:38:14.460206+00:00',2,'Changed payment_type, cheque_dd_date, utr_number, transfer_date, bank_name, bank_branch, realisation_date and send_receipt.',22,57),(1959,'2018-03-02 12:41:59.361738','181','tom',1,'',12,57),(1960,'2018-03-03 07:30:29.759072','182','HarshaToyota_Kurnool',1,'',15,64),(1961,'2018-03-03 09:48:35.635306','183','UnitedToyotaMangalore',1,'',15,36),(1962,'2018-03-03 09:58:45.316560','184','UnitedToyotaUdupi',1,'',15,36),(1963,'2018-03-03 10:03:45.526436','120','Booking#120, suhas@wellnetservices.com, 2018-03-03 10:03:33.922867+00:00',1,'',22,36),(1964,'2018-03-03 10:06:30.406578','121','Booking#121, suhas@wellnetservices.com, 2018-03-03 10:06:19.567510+00:00',1,'',22,36),(1965,'2018-03-03 13:01:07.628632','228','2018-02-28',1,'',42,62),(1966,'2018-03-03 13:05:57.821979','229','2018-03-01',1,'',42,62),(1967,'2018-03-03 13:07:38.124213','230','2018-03-03',1,'',42,62),(1968,'2018-03-03 13:07:48.692953','231','2018-03-03',1,'',42,62),(1969,'2018-03-03 13:30:24.216000','122','Booking#122, keyur@wellnetservices.com, 2018-03-03 13:30:12.615744+00:00',1,'',22,59),(1970,'2018-03-03 15:36:30.915127','232','2018-03-03',1,'',42,61),(1971,'2018-03-03 16:02:30.367620','233','2018-03-03',1,'',42,67),(1972,'2018-03-05 05:21:35.710792','181','tom',2,'Changed pan_number, hire_date, emergency_contact_name, emergency_contact_phone and emergency_contact_relation.',12,57),(1973,'2018-03-05 05:35:47.683599','181','tom',2,'Changed hire_date.',12,57),(1974,'2018-03-05 05:37:45.577502','181','tom',2,'Changed hire_date and is_staff.',12,57),(1975,'2018-03-05 06:08:11.992483','181','tom',2,'Changed hire_date.',12,57),(1976,'2018-03-05 12:05:33.707935','22','2',1,'',43,68),(1977,'2018-03-05 12:08:37.974053','23','2',1,'',43,68),(1978,'2018-03-05 13:17:53.946994','234','2018-03-05',1,'',42,65),(1979,'2018-03-05 13:59:30.457487','235','2018-03-05',1,'',42,62),(1980,'2018-03-05 14:06:03.890618','236','2018-03-05',1,'',42,61),(1981,'2018-03-05 14:06:14.399050','237','2018-03-05',1,'',42,61),(1982,'2018-03-05 15:23:04.103532','238','2018-03-05',1,'',42,66),(1983,'2018-03-05 15:28:24.114849','239','2018-03-02',1,'',42,66),(1984,'2018-03-05 15:32:18.393197','240','2018-03-03',1,'',42,66),(1985,'2018-03-05 15:35:35.962474','241','2018-03-05',1,'',42,63),(1986,'2018-03-05 16:29:09.858914','242','2018-03-05',1,'',42,67),(1987,'2018-03-05 16:34:15.046951','243','2018-03-05',1,'',42,67),(1988,'2018-03-06 04:39:39.072450','24','1',1,'',43,57),(1989,'2018-03-06 04:43:51.652621','24','1',2,'No fields changed.',43,57),(1990,'2018-03-06 04:56:51.605685','11','1',2,'No fields changed.',43,57),(1991,'2018-03-06 05:04:14.846555','25','1',1,'',43,57),(1992,'2018-03-06 06:34:37.469532','185','HarshaToyota_Tirupati',1,'',15,64),(1993,'2018-03-06 06:45:00.241364','123','Booking#123, kamal@wellnetservices.com, 2018-03-06 06:44:45.064567+00:00',1,'',22,64),(1994,'2018-03-06 07:07:19.612398','123','Booking#123, kamal@wellnetservices.com, 2018-03-06 07:07:18.553475+00:00',2,'Changed cheque_dd_date, transfer_date, is_cancelled and cancel_reason.',22,57),(1995,'2018-03-06 07:12:09.630252','182','HarshaToyota_Kurnool',2,'Changed is_active.',15,57),(1996,'2018-03-06 07:50:56.759274','185','HarshaToyota_Tirupati',2,'Changed is_active.',15,57),(1997,'2018-03-06 08:03:01.819001','124','Booking#124, rohith@wellnetservices.com, 2018-03-06 08:02:49.872802+00:00',1,'',22,57),(1998,'2018-03-06 08:06:52.221579','125','Booking#125, rohith@wellnetservices.com, 2018-03-06 08:06:40.550239+00:00',1,'',22,57),(1999,'2018-03-06 08:10:57.236855','126','Booking#126, rohith@wellnetservices.com, 2018-03-06 08:10:47.216076+00:00',1,'',22,57),(2000,'2018-03-06 08:20:17.978028','127','Booking#127, rohith@wellnetservices.com, 2018-03-06 08:20:07.311572+00:00',1,'',22,57),(2001,'2018-03-06 08:24:48.035175','128','Booking#128, rohith@wellnetservices.com, 2018-03-06 08:24:37.315210+00:00',1,'',22,57),(2002,'2018-03-06 08:27:58.734324','129','Booking#129, rohith@wellnetservices.com, 2018-03-06 08:27:48.392986+00:00',1,'',22,57),(2003,'2018-03-06 08:31:23.778409','130','Booking#130, rohith@wellnetservices.com, 2018-03-06 08:31:14.030825+00:00',1,'',22,57),(2004,'2018-03-06 08:33:21.800928','126','Booking#126, rohith@wellnetservices.com, 2018-03-06 08:33:20.735269+00:00',2,'Changed expected_delivery_date, cheque_dd_date and transfer_date.',22,57),(2005,'2018-03-06 10:57:00.527820','119','HarshaToyotaNellore',2,'Changed authorized_person_address for Dealership/Branch \"Branch\".',15,57),(2006,'2018-03-06 11:01:52.375059','117','HarshaToyotaKurnool',2,'Changed authorized_person_address for Dealership/Branch \"Branch\".',15,57),(2007,'2018-03-06 12:52:50.690445','244','2018-03-06',1,'',42,64),(2008,'2018-03-06 14:27:41.613920','245','2018-03-06',1,'',42,67),(2009,'2018-03-06 14:27:59.714483','246','2018-03-06',1,'',42,63),(2010,'2018-03-06 14:59:44.985577','247','2018-03-06',1,'',42,61),(2011,'2018-03-06 14:59:45.869683','248','2018-03-06',1,'',42,61),(2012,'2018-03-06 14:59:46.996154','249','2018-03-06',1,'',42,61),(2013,'2018-03-07 05:30:12.669282','72','Booking#72, amit@wellnetservices.com, 2018-03-07 05:30:03.587570+00:00',2,'Changed payment_type, cheque_dd_date, utr_number, transfer_date, bank_name, bank_branch, realisation_date, order_delivery_date, courier_company_name, pod_number and send_receipt.',22,57),(2014,'2018-03-07 06:28:09.048676','178','RajendraToyotaAllahabad',2,'Changed company_address. Changed address for Owner \"Owner\". Changed branch_address and authorized_person_address for Dealership/Branch \"Branch\".',15,57),(2015,'2018-03-07 06:44:03.157668','186','RajendraToyotaVaranasi',1,'',15,57),(2016,'2018-03-07 06:58:16.875146','147','Booking#147, akhil@wellnetservices.com, 2018-03-07 06:58:05.580607+00:00',1,'',34,66),(2017,'2018-03-07 07:28:53.825889','187','RajendraToyotaGorakhpur',1,'',15,57),(2018,'2018-03-07 07:31:53.154203','148','Booking#148, akhil@wellnetservices.com, 2018-03-07 07:31:41.570064+00:00',1,'',34,66),(2019,'2018-03-07 07:52:08.394410','188','RajendraToyotaUdaipur',1,'',15,57),(2020,'2018-03-07 07:57:01.647069','149','Booking#149, akhil@wellnetservices.com, 2018-03-07 07:56:50.057778+00:00',1,'',34,66),(2021,'2018-03-07 09:15:25.973522','131','Booking#131, deepak@wellnetservices.com, 2018-03-07 09:15:14.443413+00:00',1,'',22,68),(2022,'2018-03-07 09:53:20.840269','132','Booking#132, deepak@wellnetservices.com, 2018-03-07 09:53:09.429842+00:00',1,'',22,68),(2023,'2018-03-07 10:08:33.679865','133','Booking#133, deepak@wellnetservices.com, 2018-03-07 10:08:22.536448+00:00',1,'',22,68),(2024,'2018-03-07 10:40:43.499331','26','1',1,'',43,68),(2025,'2018-03-07 10:42:33.885951','27','1',1,'',43,68),(2026,'2018-03-07 10:42:38.676893','28','1',1,'',43,68),(2027,'2018-03-07 10:42:50.466593','29','1',1,'',43,68),(2028,'2018-03-07 10:42:51.913050','30','1',1,'',43,68),(2029,'2018-03-07 10:43:03.039902','31','1',1,'',43,68),(2030,'2018-03-07 10:57:44.890586','134','Booking#134, suhas@wellnetservices.com, 2018-03-07 10:57:35.646864+00:00',1,'',22,36),(2031,'2018-03-07 12:57:41.308704','135','Booking#135, keyur@wellnetservices.com, 2018-03-07 12:57:29.801625+00:00',1,'',22,59),(2032,'2018-03-07 13:03:39.534274','136','Booking#136, keyur@wellnetservices.com, 2018-03-07 13:03:28.015897+00:00',1,'',22,59),(2033,'2018-03-07 13:49:09.152283','250','2018-03-07',1,'',42,67),(2034,'2018-03-07 15:21:00.957877','251','2018-03-05',1,'',42,66),(2035,'2018-03-07 15:23:29.770460','252','2018-03-06',1,'',42,66),(2036,'2018-03-07 15:25:44.560136','253','2018-03-07',1,'',42,66),(2037,'2018-03-08 08:07:02.131051','137','Booking#137, amit@wellnetservices.com, 2018-03-08 08:06:50.373915+00:00',1,'',22,67),(2038,'2018-03-08 08:16:45.682410','138','Booking#138, amit@wellnetservices.com, 2018-03-08 08:16:34.889254+00:00',1,'',22,67),(2039,'2018-03-08 08:19:27.336295','139','Booking#139, amit@wellnetservices.com, 2018-03-08 08:19:16.585304+00:00',1,'',22,67),(2040,'2018-03-08 10:25:42.254257','104','Booking#104, akhil@wellnetservices.com, 2018-03-08 10:25:33.491237+00:00',2,'Changed cheque_dd_date, utr_number, transfer_date, bank_name, bank_branch, realisation_date, order_delivery_date, courier_company_name, pod_number and send_receipt.',22,57),(2041,'2018-03-08 10:30:19.942671','105','Booking#105, akhil@wellnetservices.com, 2018-03-08 10:30:10.259494+00:00',2,'Changed cheque_dd_date, utr_number, transfer_date, bank_name, bank_branch, realisation_date, courier_company_name, pod_number and send_receipt.',22,57),(2042,'2018-03-08 10:33:34.950210','106','Booking#106, akhil@wellnetservices.com, 2018-03-08 10:33:26.542767+00:00',2,'Changed cheque_dd_date, utr_number, transfer_date, bank_name, bank_branch, realisation_date, order_delivery_date, courier_company_name, pod_number and send_receipt.',22,57),(2043,'2018-03-08 10:36:00.094395','32','1',1,'',43,57),(2044,'2018-03-08 12:45:21.369818','254','2018-03-08',1,'',42,65),(2045,'2018-03-08 15:04:03.209143','255','2018-03-08',1,'',42,67),(2046,'2018-03-08 16:40:18.382510','256','2018-03-08',1,'',42,66),(2047,'2018-03-08 17:28:54.452221','33','1',1,'',43,68),(2048,'2018-03-08 17:31:35.852092','34','1',1,'',43,68),(2049,'2018-03-08 17:34:44.788261','35','1',1,'',43,68),(2050,'2018-03-08 17:37:34.835533','36','1',1,'',43,68),(2051,'2018-03-08 17:39:36.094171','37','1',1,'',43,68),(2052,'2018-03-09 11:49:40.558732','140','Booking#140, amit@wellnetservices.com, 2018-03-09 11:49:28.502409+00:00',1,'',22,67),(2053,'2018-03-09 11:52:55.639351','141','Booking#141, amit@wellnetservices.com, 2018-03-09 11:52:45.572413+00:00',1,'',22,67),(2054,'2018-03-09 12:13:36.535873','189','PalaceToyotaMysore',1,'',15,36),(2055,'2018-03-09 15:46:56.206279','257','2018-03-09',1,'',42,67),(2056,'2018-03-10 01:55:54.329203','258','2018-03-06',1,'',42,62),(2057,'2018-03-10 01:57:44.467997','259','2018-03-07',1,'',42,62),(2058,'2018-03-10 02:01:39.136735','260','2018-03-07',1,'',42,62),(2059,'2018-03-10 02:09:13.317286','260','2018-03-08',2,'Changed date. Changed time_to and discussion_point for Report \"Reports\".',42,62),(2060,'2018-03-10 02:12:47.865108','260','2018-03-08',2,'Changed discussion_point for Report \"Reports\".',42,62),(2061,'2018-03-10 02:14:26.890317','261','2018-03-09',1,'',42,62),(2062,'2018-03-10 07:36:13.215813','142','Booking#142, rohith@wellnetservices.com, 2018-03-10 07:36:03.454349+00:00',1,'',22,57),(2063,'2018-03-10 12:13:42.868515','143','Booking#143, deepak@wellnetservices.com, 2018-03-10 12:13:32.365726+00:00',1,'',22,68),(2064,'2018-03-10 13:35:40.533881','262','2018-03-10',1,'',42,65),(2065,'2018-03-10 13:35:48.391456','263','2018-03-10',1,'',42,65),(2066,'2018-03-10 14:35:25.635412','264','2018-03-10',1,'',42,67),(2067,'2018-03-12 05:01:41.386613','190','SainiToyotaHowrah',1,'',15,65),(2068,'2018-03-12 05:08:13.723880','150','Booking#150, uttam@wellnetservices.com, 2018-03-12 05:08:02.008159+00:00',1,'',34,65),(2069,'2018-03-12 07:06:30.154956','144','Booking#144, suhas@wellnetservices.com, 2018-03-12 07:06:20.481914+00:00',1,'',22,36),(2070,'2018-03-12 07:07:05.300448','145','Booking#145, suhas@wellnetservices.com, 2018-03-12 07:06:56.150490+00:00',1,'',22,36),(2071,'2018-03-12 13:32:43.162679','265','2018-03-12',1,'',42,63),(2072,'2018-03-12 14:06:17.960614','266','2018-03-12',1,'',42,67),(2073,'2018-03-12 15:46:29.931717','267','2018-03-12',1,'',42,64),(2074,'2018-03-13 03:47:34.945579','146','Booking#146, suhas@wellnetservices.com, 2018-03-13 03:47:23.988562+00:00',1,'',22,36),(2075,'2018-03-13 03:51:01.259628','147','Booking#147, suhas@wellnetservices.com, 2018-03-13 03:50:50.074694+00:00',1,'',22,36),(2076,'2018-03-13 04:29:28.824644','145','Booking#145, suhas@wellnetservices.com, 2018-03-13 04:29:27.728586+00:00',2,'Changed cheque_dd_date, transfer_date, is_cancelled and cancel_reason.',22,57),(2077,'2018-03-13 07:27:16.645171','191','WasanToyotaNashik',1,'',15,62),(2078,'2018-03-13 07:29:15.728370','191','WasanToyotaNashik',2,'No fields changed.',15,62),(2079,'2018-03-13 07:33:05.077687','151','Booking#151, girish@wellnetservices.com, 2018-03-13 07:32:50.319098+00:00',1,'',34,62),(2080,'2018-03-13 09:02:28.317083','83','MGFToyotaDaulatabad',2,'Changed dealer_code.',15,57),(2081,'2018-03-13 09:03:29.602062','82','MGFToyotaPeeragadhi',2,'Changed dealer_code.',15,57),(2082,'2018-03-13 09:05:07.956581','81','MGFToyotaGurgaon',2,'Changed dealer_code.',15,57),(2083,'2018-03-13 09:11:23.438794','152','ThirtySixToyotaFaridabad',2,'Changed username.',15,57),(2084,'2018-03-13 09:14:06.428682','160','ThirtySixToyotaMayapuri',2,'Changed username and company_address. Changed address for Owner \"Owner\". Changed branch_address and authorized_person_address for Dealership/Branch \"Branch\".',15,57),(2085,'2018-03-13 15:46:51.909540','268','2018-03-13',1,'',42,67),(2086,'2018-03-14 04:14:48.628954','201','Vijayawada',1,'',8,57),(2087,'2018-03-14 04:18:55.710777','16','Andhra Pradesh',2,'Changed name.',7,57),(2088,'2018-03-14 05:54:57.787579','148','Booking#148, girish@wellnetservices.com, 2018-03-14 05:54:46.198900+00:00',1,'',22,62),(2089,'2018-03-14 06:01:32.306831','152','Booking#152, girish@wellnetservices.com, 2018-03-14 06:01:21.612923+00:00',1,'',34,62),(2090,'2018-03-14 07:41:38.699041','192','RadhaMadhavToyotaVijayawada',1,'',15,57),(2091,'2018-03-14 07:45:34.550451','153','Booking#153, kamal@wellnetservices.com, 2018-03-14 07:45:22.832896+00:00',1,'',34,64),(2092,'2018-03-14 10:14:10.875721','154','Booking#154, akhil@wellnetservices.com, 2018-03-14 10:13:59.614975+00:00',1,'',34,66),(2093,'2018-03-14 10:55:53.373732','193','SunnyToyotaChinhat',1,'',15,57),(2094,'2018-03-14 11:00:02.955973','155','Booking#155, akhil@wellnetservices.com, 2018-03-14 10:59:51.456709+00:00',1,'',34,66),(2095,'2018-03-14 11:10:23.234152','194','SunnyToyotaAmausi',1,'',15,57),(2096,'2018-03-14 11:11:40.815321','156','Booking#156, akhil@wellnetservices.com, 2018-03-14 11:11:27.526069+00:00',1,'',34,66),(2097,'2018-03-14 11:19:54.487170','195','SunnyToyotaAgra',1,'',15,57),(2098,'2018-03-14 11:35:03.916744','157','Booking#157, akhil@wellnetservices.com, 2018-03-14 11:34:52.609709+00:00',1,'',34,66),(2099,'2018-03-14 11:40:09.506969','85','Booking#85, suhas@wellnetservices.com, 2018-03-14 11:40:00.337062+00:00',2,'Changed order_delivery_type, payment_type, cheque_dd_date, utr_number, transfer_date, bank_name, bank_branch, realisation_date, order_delivery_date, person_name, contact_number and send_receipt.',22,36),(2100,'2018-03-14 12:02:01.724122','157','Booking#157, akhil@wellnetservices.com, 2018-03-14 12:01:51.053582+00:00',2,'Changed gross_amount, IGST_amount, SGST_amount, CGST_amount and amount. Changed quantity and gross_amount for ProForm Partner Product \"Partner Product\".',34,66),(2101,'2018-03-14 12:02:20.276824','156','Booking#156, akhil@wellnetservices.com, 2018-03-14 12:02:10.324622+00:00',2,'Changed gross_amount, IGST_amount, SGST_amount, CGST_amount and amount. Changed quantity and gross_amount for ProForm Partner Product \"Partner Product\".',34,66),(2102,'2018-03-14 12:02:40.557987','156','Booking#156, akhil@wellnetservices.com, 2018-03-14 12:02:32.517723+00:00',2,'No fields changed.',34,66),(2103,'2018-03-14 12:02:49.415601','155','Booking#155, akhil@wellnetservices.com, 2018-03-14 12:02:37.834847+00:00',2,'Changed gross_amount, IGST_amount, SGST_amount, CGST_amount and amount. Changed quantity and gross_amount for ProForm Partner Product \"Partner Product\".',34,66),(2104,'2018-03-14 12:03:10.200658','154','Booking#154, akhil@wellnetservices.com, 2018-03-14 12:03:00.699379+00:00',2,'Changed gross_amount, IGST_amount, SGST_amount, CGST_amount and amount. Changed quantity and gross_amount for ProForm Partner Product \"Partner Product\".',34,66),(2105,'2018-03-14 13:11:27.893801','149','Booking#149, akhil@wellnetservices.com, 2018-03-14 13:11:17.051821+00:00',1,'',22,66),(2106,'2018-03-14 13:14:10.440624','150','Booking#150, akhil@wellnetservices.com, 2018-03-14 13:13:59.821006+00:00',1,'',22,66),(2107,'2018-03-14 13:18:47.204146','151','Booking#151, akhil@wellnetservices.com, 2018-03-14 13:18:36.433697+00:00',1,'',22,66),(2108,'2018-03-14 13:21:49.775703','152','Booking#152, akhil@wellnetservices.com, 2018-03-14 13:21:39.448906+00:00',1,'',22,66),(2109,'2018-03-14 14:21:40.559215','269','2018-03-14',1,'',42,67),(2110,'2018-03-15 06:42:04.705448','70','Booking#70, rohith@wellnetservices.com, 2018-03-15 06:41:56.321681+00:00',2,'Changed payment_type, cheque_dd_number, cheque_dd_date, transfer_date, bank_name, bank_branch, realisation_date, order_delivery_date, courier_company_name, pod_number and send_receipt.',22,57),(2111,'2018-03-15 06:58:23.259797','73','Booking#73, amit@wellnetservices.com, 2018-03-15 06:58:15.234245+00:00',2,'Changed payment_type, cheque_dd_number, cheque_dd_date, transfer_date, bank_name, bank_branch, realisation_date, order_delivery_date, courier_company_name, pod_number and send_receipt.',22,57),(2112,'2018-03-15 10:19:15.475233','196','RudraToyotaMuzaffarpur',1,'',15,65),(2113,'2018-03-15 10:28:17.903650','158','Booking#158, uttam@wellnetservices.com, 2018-03-15 10:28:06.305001+00:00',1,'',34,65),(2114,'2018-03-15 12:20:52.407932','270','2018-03-10',1,'',42,62),(2115,'2018-03-15 12:23:04.352267','271','2018-03-12',1,'',42,62),(2116,'2018-03-15 12:27:45.933405','272','2018-03-13',1,'',42,62),(2117,'2018-03-15 12:33:53.064999','273','2018-03-14',1,'',42,62),(2118,'2018-03-15 12:38:32.884616','274','2018-03-15',1,'',42,62),(2119,'2018-03-15 15:45:39.734932','153','Booking#153, sridhar@wellnetservices.com, 2018-03-15 15:45:28.498476+00:00',1,'',22,2),(2120,'2018-03-15 15:50:25.110125','153','Booking#153, sridhar@wellnetservices.com, 2018-03-15',3,'',22,1),(2121,'2018-03-16 02:36:31.742044','154','Booking#154, keyur@wellnetservices.com, 2018-03-16 02:36:21.752998+00:00',1,'',22,59),(2122,'2018-03-16 02:39:53.274563','155','Booking#155, keyur@wellnetservices.com, 2018-03-16 02:39:44.042525+00:00',1,'',22,59),(2123,'2018-03-16 04:11:57.503208','114','InfiniumToyotaVadodara',2,'Changed company_address. Changed address for Owner \"Owner\". Changed branch_address and authorized_person_address for Dealership/Branch \"Branch\".',15,57),(2124,'2018-03-16 04:26:56.970456','92','LakozyToyotaMaladWest',2,'Changed authorized_person_name, authorized_person_mobile_number and authorized_person_email for Dealership/Branch \"Branch\".',15,57),(2125,'2018-03-16 04:45:46.440589','197','LakozyToyotaAndheri',1,'',15,57),(2126,'2018-03-16 04:49:08.466617','197','LakozyToyotaAndheri',2,'Changed company_name_invoice and landline. Changed landline for Owner \"Owner\". Changed landline and authorized_person_landline for Dealership/Branch \"Branch\".',15,57),(2127,'2018-03-16 05:49:29.564470','91','GalaxyToyotaAzadpur',2,'Changed username, company_name and company_address. Changed address for Owner \"Owner\". Changed branch_address and authorized_person_address for Dealership/Branch \"Branch\".',15,57),(2128,'2018-03-16 05:52:21.329060','156','Booking#156, deepak@wellnetservices.com, 2018-03-16 05:52:11.843158+00:00',1,'',22,68),(2129,'2018-03-16 05:54:38.006904','196','RudraToyotaMuzaffarpur',2,'Changed company_name, company_name_invoice and company_address. Changed address for Owner \"Owner\". Changed authorized_person_name and authorized_person_address for Dealership/Branch \"Branch\".',15,57),(2130,'2018-03-16 07:30:46.562343','197','LakozyToyotaAndheri',2,'No fields changed.',15,57),(2131,'2018-03-16 07:37:25.402259','157','Booking#157, rohith@wellnetservices.com, 2018-03-16 07:37:13.955848+00:00',1,'',22,57),(2132,'2018-03-16 07:42:52.987660','158','Booking#158, rohith@wellnetservices.com, 2018-03-16 07:42:42.768009+00:00',1,'',22,57),(2133,'2018-03-16 08:23:40.917764','159','Booking#159, uttam@wellnetservices.com, 2018-03-16 08:23:30.196018+00:00',1,'',22,65),(2134,'2018-03-16 13:47:12.252525','275','2018-03-16',1,'',42,65),(2135,'2018-03-16 15:34:54.849171','276','2018-03-16',1,'',42,67),(2136,'2018-03-16 17:42:26.688307','277','2018-03-09',1,'',42,66),(2137,'2018-03-16 17:53:03.421799','278','2018-03-10',1,'',42,66),(2138,'2018-03-16 17:57:42.170689','279','2018-03-12',1,'',42,66),(2139,'2018-03-16 18:02:58.887394','280','2018-03-14',1,'',42,66),(2140,'2018-03-16 18:05:55.045336','281','2018-03-16',1,'',42,66),(2141,'2018-03-17 07:52:59.890523','160','Booking#160, keyur@wellnetservices.com, 2018-03-17 07:52:49.990867+00:00',1,'',22,59),(2142,'2018-03-17 07:56:26.586627','161','Booking#161, keyur@wellnetservices.com, 2018-03-17 07:56:17.409827+00:00',1,'',22,59),(2143,'2018-03-17 08:01:25.252160','162','Booking#162, keyur@wellnetservices.com, 2018-03-17 08:01:16.272910+00:00',1,'',22,59),(2144,'2018-03-17 08:04:05.104260','163','Booking#163, keyur@wellnetservices.com, 2018-03-17 08:03:56.391984+00:00',1,'',22,59),(2145,'2018-03-17 09:30:33.288206','164','Booking#164, keyur@wellnetservices.com, 2018-03-17 09:30:23.681481+00:00',1,'',22,59),(2146,'2018-03-17 11:07:26.443928','198','SriVariTyresYelahanka',1,'',15,36),(2147,'2018-03-17 11:19:07.812664','38','1',1,'',43,57),(2148,'2018-03-17 11:21:15.240808','180','Srikanth K, 9008329932',1,'',18,198),(2149,'2018-03-17 11:25:21.764864','52','RefreshCarSpa',2,'Changed username.',15,36),(2150,'2018-03-17 11:25:28.546989','39','1',1,'',43,57),(2151,'2018-03-17 11:27:07.410405','56','ManuPitstop',2,'Changed username. Changed authorized_person_address for Dealership/Branch \"Branch\".',15,36),(2152,'2018-03-17 11:28:18.954913','53','ImaginePestServices',2,'Changed username.',15,36),(2153,'2018-03-17 11:29:54.226156','55','CarWashNWipe',2,'Changed dealer_code and username.',15,36),(2154,'2018-03-17 11:31:09.979428','50','AutoFusion',2,'Changed dealer_code and username.',15,36),(2155,'2018-03-17 11:31:34.969014','38','1',2,'No fields changed.',43,57),(2156,'2018-03-17 11:35:42.351394','38','1',2,'No fields changed.',43,57),(2157,'2018-03-17 11:41:35.028703','40','2',1,'',43,68),(2158,'2018-03-17 11:48:47.246020','38','1',2,'No fields changed.',43,57),(2159,'2018-03-17 11:51:08.008936','39','1',2,'No fields changed.',43,57),(2160,'2018-03-17 11:54:03.331617','41','2',1,'',43,68),(2161,'2018-03-17 11:56:56.434037','42','1',1,'',43,57),(2162,'2018-03-17 11:59:30.137731','43','1',1,'',43,57),(2163,'2018-03-17 12:02:34.049912','44','1',1,'',43,57),(2164,'2018-03-17 12:04:17.806194','282','2018-03-17',1,'',42,64),(2165,'2018-03-17 14:46:03.156575','283','2018-03-17',1,'',42,67),(2166,'2018-03-18 12:42:14.699984','284','2018-03-18',1,'',42,68),(2167,'2018-03-18 17:29:42.623964','284','2018-03-18',2,'Changed time_to for Report \"Reports\".',42,68),(2168,'2018-03-19 10:29:38.384221','110','EspiritToyotaDelhi',2,'Changed company_address. Changed address for Owner \"Owner\". Changed branch_address and authorized_person_address for Dealership/Branch \"Branch\".',15,57),(2169,'2018-03-19 10:47:00.581141','133','Booking#133, deepak@wellnetservices.com, 2018-03-19 10:46:59.524395+00:00',2,'Changed cheque_dd_date, transfer_date, is_cancelled and cancel_reason.',22,57),(2170,'2018-03-19 11:07:32.666127','165','Booking#165, rohith@wellnetservices.com, 2018-03-19 11:07:16.478197+00:00',1,'',22,57),(2171,'2018-03-19 14:10:38.930862','159','Booking#159, suhas@wellnetservices.com, 2018-03-19 14:10:27.185218+00:00',1,'',34,36),(2172,'2018-03-19 14:25:56.627784','189','PalaceToyotaMysore',2,'Changed authorized_person_name for Dealership/Branch \"Branch\".',15,36),(2173,'2018-03-19 15:21:54.962477','285','2018-03-16',1,'',42,62),(2174,'2018-03-19 15:23:43.071126','286','2018-03-17',1,'',42,62),(2175,'2018-03-19 15:27:44.869525','287','2018-03-19',1,'',42,62),(2176,'2018-03-19 15:59:57.333011','288','2018-03-19',1,'',42,67),(2177,'2018-03-19 16:07:55.965599','44','1',2,'No fields changed.',43,2),(2178,'2018-03-19 16:11:33.423222','41','2',2,'No fields changed.',43,2),(2179,'2018-03-19 16:15:01.113101','41','2',2,'No fields changed.',43,2),(2180,'2018-03-19 16:17:14.708072','41','2',2,'No fields changed.',43,2),(2181,'2018-03-19 16:19:29.325369','41','2',2,'No fields changed.',43,2),(2182,'2018-03-19 16:21:29.112145','41','2',2,'No fields changed.',43,2),(2183,'2018-03-19 16:24:22.145641','1','6',2,'No fields changed.',43,2);
/*!40000 ALTER TABLE `django_admin_log` ENABLE KEYS */;
UNLOCK TABLES;

--
-- Table structure for table `django_content_type`
--

DROP TABLE IF EXISTS `django_content_type`;
/*!40101 SET @saved_cs_client     = @@character_set_client */;
/*!40101 SET character_set_client = utf8 */;
CREATE TABLE `django_content_type` (
  `id` int(11) NOT NULL AUTO_INCREMENT,
  `app_label` varchar(100) NOT NULL,
  `model` varchar(100) NOT NULL,
  PRIMARY KEY (`id`),
  UNIQUE KEY `django_content_type_app_label_45f3b1d93ec8c61c_uniq` (`app_label`,`model`)
) ENGINE=MyISAM AUTO_INCREMENT=44 DEFAULT CHARSET=latin1;
/*!40101 SET character_set_client = @saved_cs_client */;

--
-- Dumping data for table `django_content_type`
--

LOCK TABLES `django_content_type` WRITE;
/*!40000 ALTER TABLE `django_content_type` DISABLE KEYS */;
INSERT INTO `django_content_type` VALUES (1,'admin','logentry'),(2,'auth','permission'),(3,'auth','group'),(4,'contenttypes','contenttype'),(5,'sessions','session'),(6,'services','moreinfo'),(7,'services','state'),(8,'services','city'),(9,'services','channelpartnersegment'),(10,'services','customercategory'),(11,'services','baseuser'),(12,'services','employee'),(13,'services','partnerbranch'),(14,'services','partnerasowner'),(15,'services','channelpartner'),(16,'services','machine'),(17,'services','inventoryinvoice'),(18,'services','customer'),(19,'services','leadstatus'),(20,'services','statusreason'),(21,'services','lead'),(22,'services','booking'),(23,'services','paymenttype'),(24,'services','product'),(25,'services','productsegmentprice'),(26,'services','productprice'),(27,'services','productquantityunitdisplay'),(28,'services','productquantity'),(29,'services','customerinvoice'),(30,'services','customerproductquantity'),(31,'services','tax'),(32,'sites','site'),(33,'django_cron','cronjoblog'),(34,'services','proformabooking'),(35,'services','proformaproductquantity'),(36,'services','bookingservice'),(37,'services','dealers'),(38,'services','dealerstype'),(39,'services','suppliermanagement'),(40,'services','inventorymanagement'),(41,'services','reports'),(42,'services','fieldemployeesactivityreport'),(43,'services','exportxls');
/*!40000 ALTER TABLE `django_content_type` ENABLE KEYS */;
UNLOCK TABLES;

--
-- Table structure for table `django_cron_cronjoblog`
--

DROP TABLE IF EXISTS `django_cron_cronjoblog`;
/*!40101 SET @saved_cs_client     = @@character_set_client */;
/*!40101 SET character_set_client = utf8 */;
CREATE TABLE `django_cron_cronjoblog` (
  `id` int(11) NOT NULL AUTO_INCREMENT,
  `code` varchar(64) NOT NULL,
  `start_time` datetime(6) NOT NULL,
  `end_time` datetime(6) NOT NULL,
  `is_success` tinyint(1) NOT NULL,
  `message` longtext NOT NULL,
  `ran_at_time` time(6) DEFAULT NULL,
  PRIMARY KEY (`id`),
  KEY `django_cron_cronjoblog_code_754ef82e28dbbaf4_idx` (`code`,`is_success`,`ran_at_time`),
  KEY `django_cron_cronjoblog_code_633b08e9abde5764_idx` (`code`,`start_time`,`ran_at_time`),
  KEY `django_cron_cronjoblog_code_4e16f5a60e31a319_idx` (`code`,`start_time`),
  KEY `django_cron_cronjoblog_c1336794` (`code`),
  KEY `django_cron_cronjoblog_c4d98dbd` (`start_time`),
  KEY `django_cron_cronjoblog_305d2889` (`end_time`),
  KEY `django_cron_cronjoblog_a05e4b70` (`ran_at_time`)
) ENGINE=MyISAM AUTO_INCREMENT=427 DEFAULT CHARSET=latin1;
/*!40101 SET character_set_client = @saved_cs_client */;

--
-- Dumping data for table `django_cron_cronjoblog`
--

LOCK TABLES `django_cron_cronjoblog` WRITE;
/*!40000 ALTER TABLE `django_cron_cronjoblog` DISABLE KEYS */;
INSERT INTO `django_cron_cronjoblog` VALUES (1,'app.jobs.ServiceReminder','2016-05-27 13:00:04.701439','2016-05-27 13:00:06.506441',1,'',NULL),(2,'app.jobs.ServiceReminder','2016-05-28 13:00:05.026237','2016-05-28 13:00:06.846492',1,'',NULL),(3,'app.jobs.ServiceReminder','2016-05-29 13:00:03.951606','2016-05-29 13:00:05.759176',1,'',NULL),(4,'app.jobs.ServiceReminder','2016-05-30 13:00:04.656215','2016-05-30 13:00:06.574307',1,'',NULL),(5,'app.jobs.ServiceReminder','2016-05-31 13:00:03.842959','2016-05-31 13:00:05.678239',1,'',NULL),(6,'app.jobs.ServiceReminder','2016-06-01 13:00:04.570382','2016-06-01 13:00:06.516338',1,'',NULL),(7,'app.jobs.ServiceReminder','2016-06-02 13:00:03.958081','2016-06-02 13:00:05.931902',1,'',NULL),(8,'app.jobs.ServiceReminder','2016-06-03 13:00:04.334300','2016-06-03 13:00:06.265668',1,'',NULL),(9,'app.jobs.ServiceReminder','2016-06-04 13:00:05.258090','2016-06-04 13:00:07.121085',1,'',NULL),(10,'app.jobs.ServiceReminder','2016-06-05 13:00:04.710971','2016-06-05 13:00:06.574738',1,'',NULL),(11,'app.jobs.ServiceReminder','2016-06-06 13:00:04.535552','2016-06-06 13:00:06.536138',1,'',NULL),(12,'app.jobs.ServiceReminder','2016-06-07 13:00:04.694685','2016-06-07 13:00:06.549667',1,'',NULL),(13,'app.jobs.ServiceReminder','2016-06-08 13:00:04.746162','2016-06-08 13:00:06.670167',1,'',NULL),(14,'app.jobs.ServiceReminder','2016-06-09 13:00:04.395473','2016-06-09 13:00:06.193737',1,'',NULL),(15,'app.jobs.ServiceReminder','2016-06-10 13:00:05.402025','2016-06-10 13:00:07.144613',1,'',NULL),(16,'app.jobs.ServiceReminder','2016-06-11 13:00:04.723608','2016-06-11 13:00:06.496143',1,'',NULL),(17,'app.jobs.ServiceReminder','2016-06-12 13:00:05.081048','2016-06-12 13:00:06.983210',1,'',NULL),(18,'app.jobs.ServiceReminder','2016-06-13 13:00:05.311477','2016-06-13 13:00:07.049166',1,'',NULL),(19,'app.jobs.ServiceReminder','2016-06-14 13:00:06.540607','2016-06-14 13:00:08.450821',1,'',NULL),(20,'app.jobs.ServiceReminder','2016-06-15 13:00:06.784917','2016-06-15 13:00:08.718978',1,'',NULL),(21,'app.jobs.ServiceReminder','2016-06-16 13:00:06.008167','2016-06-16 13:00:07.920214',1,'',NULL),(22,'app.jobs.ServiceReminder','2016-06-17 13:00:05.135142','2016-06-17 13:00:06.972897',1,'',NULL),(23,'app.jobs.ServiceReminder','2016-06-18 13:00:05.622679','2016-06-18 13:00:07.546694',1,'',NULL),(24,'app.jobs.ServiceReminder','2016-06-19 13:00:04.409711','2016-06-19 13:00:06.212503',1,'',NULL),(25,'app.jobs.ServiceReminder','2016-06-20 13:00:06.425531','2016-06-20 13:00:08.374013',1,'',NULL),(26,'app.jobs.ServiceReminder','2016-06-21 13:00:07.066433','2016-06-21 13:00:09.048143',1,'',NULL),(27,'app.jobs.ServiceReminder','2016-06-22 13:00:08.411624','2016-06-22 13:00:10.427772',1,'',NULL),(28,'app.jobs.ServiceReminder','2016-06-23 13:00:05.080883','2016-06-23 13:00:06.895132',1,'',NULL),(29,'app.jobs.ServiceReminder','2016-06-24 13:00:06.644003','2016-06-24 13:00:08.754156',1,'',NULL),(30,'app.jobs.ServiceReminder','2016-06-25 13:00:06.430315','2016-06-25 13:00:08.254816',1,'',NULL),(31,'app.jobs.ServiceReminder','2016-06-26 13:00:07.002402','2016-06-26 13:00:08.923291',1,'',NULL),(32,'app.jobs.ServiceReminder','2016-06-27 13:00:07.937011','2016-06-27 13:00:09.882314',1,'',NULL),(33,'app.jobs.ServiceReminder','2016-06-28 13:00:04.618917','2016-06-28 13:00:06.407382',1,'',NULL),(34,'app.jobs.ServiceReminder','2016-06-29 13:00:05.561612','2016-06-29 13:00:07.588127',1,'',NULL),(35,'app.jobs.ServiceReminder','2016-06-30 13:00:07.608507','2016-06-30 13:00:09.602635',1,'',NULL),(36,'app.jobs.ServiceReminder','2016-07-01 13:00:07.744445','2016-07-01 13:00:09.623454',1,'',NULL),(37,'app.jobs.ServiceReminder','2016-07-02 13:00:07.392878','2016-07-02 13:00:09.366577',1,'',NULL),(38,'app.jobs.ServiceReminder','2016-07-03 13:00:07.733428','2016-07-03 13:00:09.745206',1,'',NULL),(39,'app.jobs.ServiceReminder','2016-07-04 13:00:15.116961','2016-07-04 13:00:17.146876',1,'',NULL),(40,'app.jobs.ServiceReminder','2016-07-05 13:00:08.014912','2016-07-05 13:00:10.043328',1,'',NULL),(41,'app.jobs.ServiceReminder','2016-07-06 13:00:05.512564','2016-07-06 13:00:07.396221',1,'',NULL),(42,'app.jobs.ServiceReminder','2016-07-07 13:00:08.258355','2016-07-07 13:00:10.173464',1,'',NULL),(43,'app.jobs.ServiceReminder','2016-07-08 13:00:07.170853','2016-07-08 13:00:09.064201',1,'',NULL),(44,'app.jobs.ServiceReminder','2016-07-09 13:00:07.445615','2016-07-09 13:00:09.442507',1,'',NULL),(45,'app.jobs.ServiceReminder','2016-07-10 13:00:07.171051','2016-07-10 13:00:09.108516',1,'',NULL),(46,'app.jobs.ServiceReminder','2016-07-11 13:00:06.671806','2016-07-11 13:00:08.558006',1,'',NULL),(47,'app.jobs.ServiceReminder','2016-07-12 13:00:07.151368','2016-07-12 13:00:09.017138',1,'',NULL),(48,'app.jobs.ServiceReminder','2016-07-13 13:00:05.949368','2016-07-13 13:00:07.881394',1,'',NULL),(49,'app.jobs.ServiceReminder','2016-07-14 13:00:07.334290','2016-07-14 13:00:09.239962',1,'',NULL),(50,'app.jobs.ServiceReminder','2016-07-15 13:00:06.680670','2016-07-15 13:00:08.629643',1,'',NULL),(51,'app.jobs.ServiceReminder','2016-07-16 13:00:07.071618','2016-07-16 13:00:08.890109',1,'',NULL),(52,'app.jobs.ServiceReminder','2016-07-17 13:00:06.467354','2016-07-17 13:00:08.251984',1,'',NULL),(53,'app.jobs.ServiceReminder','2016-07-18 13:00:07.932692','2016-07-18 13:00:09.738072',1,'',NULL),(54,'app.jobs.ServiceReminder','2016-07-19 13:00:05.464471','2016-07-19 13:00:07.743162',1,'',NULL),(55,'app.jobs.ServiceReminder','2016-07-20 13:00:07.017326','2016-07-20 13:00:08.930691',1,'',NULL),(56,'app.jobs.ServiceReminder','2016-07-21 13:00:05.462839','2016-07-21 13:00:07.454144',1,'',NULL),(57,'app.jobs.ServiceReminder','2016-07-22 13:00:06.797782','2016-07-22 13:00:08.725673',1,'',NULL),(58,'app.jobs.ServiceReminder','2016-07-23 13:00:06.034946','2016-07-23 13:00:07.967992',1,'',NULL),(59,'app.jobs.ServiceReminder','2016-07-24 13:00:07.471448','2016-07-24 13:00:09.400374',1,'',NULL),(60,'app.jobs.ServiceReminder','2016-07-25 13:00:04.963394','2016-07-25 13:00:06.997566',1,'',NULL),(61,'app.jobs.ServiceReminder','2016-07-26 13:00:10.911639','2016-07-26 13:00:13.050219',1,'',NULL),(62,'app.jobs.ServiceReminder','2016-07-27 13:00:10.214414','2016-07-27 13:00:12.316428',1,'',NULL),(63,'app.jobs.ServiceReminder','2016-07-28 13:00:05.733300','2016-07-28 13:00:07.611597',1,'',NULL),(64,'app.jobs.ServiceReminder','2016-07-29 13:00:05.384486','2016-07-29 13:00:07.258887',1,'',NULL),(65,'app.jobs.ServiceReminder','2016-07-30 13:00:06.463936','2016-07-30 13:00:08.513319',1,'',NULL),(66,'app.jobs.ServiceReminder','2016-07-31 13:00:07.649679','2016-07-31 13:00:09.598377',1,'',NULL),(67,'app.jobs.ServiceReminder','2016-08-01 13:00:05.565955','2016-08-01 13:00:07.549014',1,'',NULL),(68,'app.jobs.ServiceReminder','2016-08-02 13:00:06.140111','2016-08-02 13:00:07.989975',1,'',NULL),(69,'app.jobs.ServiceReminder','2016-08-03 13:00:03.687434','2016-08-03 13:00:05.663319',1,'',NULL),(70,'app.jobs.ServiceReminder','2016-08-04 13:00:03.853012','2016-08-04 13:00:05.816092',1,'',NULL),(71,'app.jobs.ServiceReminder','2016-08-05 13:00:04.543590','2016-08-05 13:00:06.476379',1,'',NULL),(72,'app.jobs.ServiceReminder','2016-08-06 13:00:04.239368','2016-08-06 13:00:06.133372',1,'',NULL),(73,'app.jobs.ServiceReminder','2016-08-07 13:00:04.680298','2016-08-07 13:00:06.625394',1,'',NULL),(74,'app.jobs.ServiceReminder','2016-08-08 13:00:03.896519','2016-08-08 13:00:05.841561',1,'',NULL),(75,'app.jobs.ServiceReminder','2016-08-09 13:00:03.705916','2016-08-09 13:00:05.600228',1,'',NULL),(76,'app.jobs.ServiceReminder','2016-08-10 13:00:04.356581','2016-08-10 13:00:06.323658',1,'',NULL),(77,'app.jobs.ServiceReminder','2016-08-11 13:00:04.458495','2016-08-11 13:00:06.352331',1,'',NULL),(78,'app.jobs.ServiceReminder','2016-08-12 13:00:04.718970','2016-08-12 13:00:06.732359',1,'',NULL),(79,'app.jobs.ServiceReminder','2016-08-13 13:00:04.040624','2016-08-13 13:00:05.993576',1,'',NULL),(80,'app.jobs.ServiceReminder','2016-08-14 13:00:04.434924','2016-08-14 13:00:06.298621',1,'',NULL),(81,'app.jobs.ServiceReminder','2016-08-15 13:00:04.320311','2016-08-15 13:00:06.334619',1,'',NULL),(82,'app.jobs.ServiceReminder','2016-08-16 13:00:04.254776','2016-08-16 13:00:06.128308',1,'',NULL),(83,'app.jobs.ServiceReminder','2016-08-17 13:00:04.798377','2016-08-17 13:00:06.695110',1,'',NULL),(84,'app.jobs.ServiceReminder','2016-08-18 13:00:04.884725','2016-08-18 13:00:06.771846',1,'',NULL),(85,'app.jobs.ServiceReminder','2016-08-19 13:00:03.846552','2016-08-19 13:00:05.932635',1,'',NULL),(86,'app.jobs.ServiceReminder','2016-08-20 13:00:04.408141','2016-08-20 13:00:06.291111',1,'',NULL),(87,'app.jobs.ServiceReminder','2016-08-21 13:00:04.142061','2016-08-21 13:00:06.041323',1,'',NULL),(88,'app.jobs.ServiceReminder','2016-08-22 13:00:04.475851','2016-08-22 13:00:06.385851',1,'',NULL),(89,'app.jobs.ServiceReminder','2016-08-23 13:00:04.111152','2016-08-23 13:00:06.096123',1,'',NULL),(90,'app.jobs.ServiceReminder','2016-08-24 13:00:04.694274','2016-08-24 13:00:06.580392',1,'',NULL),(91,'app.jobs.ServiceReminder','2016-08-25 13:00:03.923614','2016-08-25 13:00:05.882584',1,'',NULL),(92,'app.jobs.ServiceReminder','2016-08-26 13:00:04.495461','2016-08-26 13:00:06.562431',1,'',NULL),(93,'app.jobs.ServiceReminder','2016-08-27 13:00:04.176654','2016-08-27 13:00:06.052787',1,'',NULL),(94,'app.jobs.ServiceReminder','2016-08-28 13:00:04.611910','2016-08-28 13:00:06.619442',1,'',NULL),(95,'app.jobs.ServiceReminder','2016-08-29 13:00:04.555728','2016-08-29 13:00:06.587727',1,'',NULL),(96,'app.jobs.ServiceReminder','2016-08-30 13:00:04.659276','2016-08-30 13:00:06.640593',1,'',NULL),(97,'app.jobs.ServiceReminder','2016-08-31 13:00:04.556296','2016-08-31 13:00:06.519210',1,'',NULL),(98,'app.jobs.ServiceReminder','2016-09-01 13:00:03.617096','2016-09-01 13:00:05.568600',1,'',NULL),(99,'app.jobs.ServiceReminder','2016-09-02 13:00:04.472864','2016-09-02 13:00:06.353758',1,'',NULL),(100,'app.jobs.ServiceReminder','2016-09-03 13:00:03.933732','2016-09-03 13:00:05.820760',1,'',NULL),(101,'app.jobs.ServiceReminder','2016-09-04 13:00:03.575822','2016-09-04 13:00:05.519220',1,'',NULL),(102,'app.jobs.ServiceReminder','2016-09-05 13:00:03.999073','2016-09-05 13:00:05.936347',1,'',NULL),(103,'app.jobs.ServiceReminder','2016-09-06 13:00:04.553268','2016-09-06 13:00:06.505901',1,'',NULL),(104,'app.jobs.ServiceReminder','2016-09-07 13:00:04.227504','2016-09-07 13:00:06.133912',1,'',NULL),(105,'app.jobs.ServiceReminder','2016-09-08 13:00:04.777888','2016-09-08 13:00:06.668933',1,'',NULL),(106,'app.jobs.ServiceReminder','2016-09-09 13:00:04.521513','2016-09-09 13:00:06.497456',1,'',NULL),(107,'app.jobs.ServiceReminder','2016-09-10 13:00:04.811683','2016-09-10 13:00:06.900186',1,'',NULL),(108,'app.jobs.ServiceReminder','2016-09-11 13:00:04.108965','2016-09-11 13:00:06.126252',1,'',NULL),(109,'app.jobs.ServiceReminder','2016-09-12 13:00:04.697884','2016-09-12 13:00:06.627551',1,'',NULL),(110,'app.jobs.ServiceReminder','2016-09-13 13:00:04.519340','2016-09-13 13:00:06.515913',1,'',NULL),(111,'app.jobs.ServiceReminder','2016-09-14 13:00:04.694419','2016-09-14 13:00:06.697909',1,'',NULL),(112,'app.jobs.ServiceReminder','2016-09-15 13:00:04.944733','2016-09-15 13:00:06.931231',1,'',NULL),(113,'app.jobs.ServiceReminder','2016-09-16 13:00:04.580941','2016-09-16 13:00:06.578416',1,'',NULL),(114,'app.jobs.ServiceReminder','2016-09-17 13:00:04.051021','2016-09-17 13:00:05.970283',1,'',NULL),(115,'app.jobs.ServiceReminder','2016-09-18 13:00:04.355515','2016-09-18 13:00:06.278325',1,'',NULL),(116,'app.jobs.ServiceReminder','2016-09-19 13:00:04.419266','2016-09-19 13:00:06.421212',1,'',NULL),(117,'app.jobs.ServiceReminder','2016-09-20 13:00:04.793581','2016-09-20 13:00:06.725326',1,'',NULL),(118,'app.jobs.ServiceReminder','2016-09-21 13:00:04.495336','2016-09-21 13:00:06.403753',1,'',NULL),(119,'app.jobs.ServiceReminder','2016-09-22 13:00:03.999116','2016-09-22 13:00:05.913776',1,'',NULL),(120,'app.jobs.ServiceReminder','2016-09-23 13:00:04.113235','2016-09-23 13:00:06.002138',1,'',NULL),(121,'app.jobs.ServiceReminder','2016-09-24 13:00:04.829648','2016-09-24 13:00:06.726127',1,'',NULL),(122,'app.jobs.ServiceReminder','2016-09-25 13:00:04.366508','2016-09-25 13:00:06.281998',1,'',NULL),(123,'app.jobs.ServiceReminder','2016-09-26 13:00:04.250021','2016-09-26 13:00:06.153242',1,'',NULL),(124,'app.jobs.ServiceReminder','2016-09-27 13:00:04.824280','2016-09-27 13:00:06.741716',1,'',NULL),(125,'app.jobs.ServiceReminder','2016-09-28 13:00:03.727371','2016-09-28 13:00:05.491351',1,'',NULL),(126,'app.jobs.ServiceReminder','2016-09-29 13:00:04.517421','2016-09-29 13:00:06.373612',1,'',NULL),(127,'app.jobs.ServiceReminder','2016-09-30 13:00:04.087293','2016-09-30 13:00:05.964865',1,'',NULL),(128,'app.jobs.ServiceReminder','2016-10-01 13:00:04.018453','2016-10-01 13:00:05.927059',1,'',NULL),(129,'app.jobs.ServiceReminder','2016-10-02 13:00:05.216877','2016-10-02 13:00:07.193670',1,'',NULL),(130,'app.jobs.ServiceReminder','2016-10-03 13:00:04.770379','2016-10-03 13:00:06.592578',1,'',NULL),(131,'app.jobs.ServiceReminder','2016-10-04 13:00:04.543946','2016-10-04 13:00:06.461406',1,'',NULL),(132,'app.jobs.ServiceReminder','2016-10-05 13:00:05.361802','2016-10-05 13:00:07.178051',1,'',NULL),(133,'app.jobs.ServiceReminder','2016-10-06 13:00:05.125937','2016-10-06 13:00:07.009938',1,'',NULL),(134,'app.jobs.ServiceReminder','2016-10-07 13:00:04.353251','2016-10-07 13:00:06.183600',1,'',NULL),(135,'app.jobs.ServiceReminder','2016-10-08 13:00:03.545281','2016-10-08 13:00:05.382806',1,'',NULL),(136,'app.jobs.ServiceReminder','2016-10-09 13:00:04.993455','2016-10-09 13:00:06.862164',1,'',NULL),(137,'app.jobs.ServiceReminder','2016-10-10 13:00:05.436401','2016-10-10 13:00:07.399964',1,'',NULL),(138,'app.jobs.ServiceReminder','2016-10-11 13:00:04.728079','2016-10-11 13:00:06.593706',1,'',NULL),(139,'app.jobs.ServiceReminder','2016-10-12 13:00:04.090234','2016-10-12 13:00:05.930810',1,'',NULL),(140,'app.jobs.ServiceReminder','2016-10-13 13:00:04.373590','2016-10-13 13:00:06.269104',1,'',NULL),(141,'app.jobs.ServiceReminder','2016-10-14 13:00:04.030258','2016-10-14 13:00:06.491487',1,'',NULL),(142,'app.jobs.ServiceReminder','2016-10-15 13:00:04.888544','2016-10-15 13:00:06.706260',1,'',NULL),(143,'app.jobs.ServiceReminder','2016-10-16 13:00:04.045379','2016-10-16 13:00:06.054761',1,'',NULL),(144,'app.jobs.ServiceReminder','2016-10-17 13:00:04.268739','2016-10-17 13:00:06.164995',1,'',NULL),(145,'app.jobs.ServiceReminder','2016-10-18 13:00:04.170627','2016-10-18 13:00:06.100870',1,'',NULL),(146,'app.jobs.ServiceReminder','2016-10-19 13:00:04.010771','2016-10-19 13:00:05.880182',1,'',NULL),(147,'app.jobs.ServiceReminder','2016-10-20 13:00:04.513472','2016-10-20 13:00:06.396263',1,'',NULL),(148,'app.jobs.ServiceReminder','2016-10-21 13:00:04.790050','2016-10-21 13:00:06.715537',1,'',NULL),(149,'app.jobs.ServiceReminder','2016-10-22 13:00:04.962097','2016-10-22 13:00:06.903983',1,'',NULL),(150,'app.jobs.ServiceReminder','2016-10-23 13:00:04.686201','2016-10-23 13:00:06.579808',1,'',NULL),(151,'app.jobs.ServiceReminder','2016-10-24 13:00:05.122938','2016-10-24 13:00:07.154724',1,'',NULL),(152,'app.jobs.ServiceReminder','2016-10-25 13:00:04.070794','2016-10-25 13:00:05.972182',1,'',NULL),(153,'app.jobs.ServiceReminder','2016-10-26 13:00:05.372650','2016-10-26 13:00:07.243544',1,'',NULL),(154,'app.jobs.ServiceReminder','2016-10-27 13:00:04.755425','2016-10-27 13:00:06.626458',1,'',NULL),(155,'app.jobs.ServiceReminder','2016-10-28 13:00:04.395765','2016-10-28 13:00:06.339061',1,'',NULL),(156,'app.jobs.ServiceReminder','2016-10-29 13:00:04.822941','2016-10-29 13:00:06.729024',1,'',NULL),(157,'app.jobs.ServiceReminder','2016-10-30 13:00:04.322286','2016-10-30 13:00:06.273073',1,'',NULL),(158,'app.jobs.ServiceReminder','2016-10-31 13:00:05.017679','2016-10-31 13:00:06.971992',1,'',NULL),(159,'app.jobs.ServiceReminder','2016-11-01 13:00:04.318457','2016-11-01 13:00:06.205112',1,'',NULL),(160,'app.jobs.ServiceReminder','2016-11-02 13:00:04.626433','2016-11-02 13:00:06.598091',1,'',NULL),(161,'app.jobs.ServiceReminder','2016-11-03 13:00:04.286401','2016-11-03 13:00:06.235265',1,'',NULL),(162,'app.jobs.ServiceReminder','2016-11-04 13:00:04.431934','2016-11-04 13:00:06.535476',1,'',NULL),(163,'app.jobs.ServiceReminder','2016-11-05 13:00:04.675214','2016-11-05 13:00:06.696757',1,'',NULL),(164,'app.jobs.ServiceReminder','2016-11-06 14:00:04.753266','2016-11-06 14:00:06.824212',1,'',NULL),(165,'app.jobs.ServiceReminder','2016-11-07 14:00:05.334990','2016-11-07 14:00:07.683669',1,'',NULL),(166,'app.jobs.ServiceReminder','2016-11-08 14:00:04.266705','2016-11-08 14:00:06.482390',1,'',NULL),(167,'app.jobs.ServiceReminder','2016-11-09 14:00:04.818203','2016-11-09 14:00:06.777316',1,'',NULL),(168,'app.jobs.ServiceReminder','2016-11-10 14:00:04.837813','2016-11-10 14:00:06.774407',1,'',NULL),(169,'app.jobs.ServiceReminder','2016-11-11 14:00:05.068670','2016-11-11 14:00:07.041285',1,'',NULL),(170,'app.jobs.ServiceReminder','2016-11-12 14:00:04.307993','2016-11-12 14:00:06.264308',1,'',NULL),(171,'app.jobs.ServiceReminder','2016-11-13 14:00:04.400325','2016-11-13 14:00:06.336632',1,'',NULL),(172,'app.jobs.ServiceReminder','2016-11-14 14:00:04.807528','2016-11-14 14:00:06.783878',1,'',NULL),(173,'app.jobs.ServiceReminder','2016-11-15 14:00:03.883587','2016-11-15 14:00:17.736761',1,'',NULL),(174,'app.jobs.ServiceReminder','2016-11-16 14:00:04.090806','2016-11-16 14:00:05.967767',1,'',NULL),(175,'app.jobs.ServiceReminder','2016-11-17 14:00:04.383571','2016-11-17 14:00:06.206816',1,'',NULL),(176,'app.jobs.ServiceReminder','2016-11-18 14:00:03.927318','2016-11-18 14:00:18.745011',1,'',NULL),(177,'app.jobs.ServiceReminder','2016-11-19 14:00:03.868655','2016-11-19 14:00:16.916630',1,'',NULL),(178,'app.jobs.ServiceReminder','2016-11-20 14:00:04.273764','2016-11-20 14:00:06.124464',1,'',NULL),(179,'app.jobs.ServiceReminder','2016-11-21 14:00:05.296023','2016-11-21 14:00:07.122427',1,'',NULL),(180,'app.jobs.ServiceReminder','2016-11-22 14:00:04.964039','2016-11-22 14:00:19.692583',1,'',NULL),(181,'app.jobs.ServiceReminder','2016-11-23 14:00:04.150313','2016-11-23 14:00:05.998828',1,'',NULL),(182,'app.jobs.ServiceReminder','2016-11-24 14:00:04.739203','2016-11-24 14:00:06.578739',1,'',NULL),(183,'app.jobs.ServiceReminder','2016-11-25 14:00:04.282714','2016-11-25 14:00:39.107540',1,'',NULL),(184,'app.jobs.ServiceReminder','2016-11-26 14:00:04.190911','2016-11-26 14:00:09.687467',1,'',NULL),(185,'app.jobs.ServiceReminder','2016-11-27 14:00:04.571135','2016-11-27 14:00:13.496455',1,'',NULL),(186,'app.jobs.ServiceReminder','2016-11-28 14:00:05.323392','2016-11-28 14:00:07.247312',1,'',NULL),(187,'app.jobs.ServiceReminder','2016-11-29 14:00:03.938912','2016-11-29 14:00:05.792619',1,'',NULL),(188,'app.jobs.ServiceReminder','2016-11-30 14:00:04.762523','2016-11-30 14:00:15.917670',1,'',NULL),(189,'app.jobs.ServiceReminder','2016-12-01 14:00:05.217801','2016-12-01 14:00:07.077439',1,'',NULL),(190,'app.jobs.ServiceReminder','2016-12-02 14:00:04.113893','2016-12-02 14:00:07.998062',1,'',NULL),(191,'app.jobs.ServiceReminder','2016-12-03 14:00:03.961995','2016-12-03 14:00:05.861713',1,'',NULL),(192,'app.jobs.ServiceReminder','2016-12-04 14:00:04.804147','2016-12-04 14:00:10.291652',1,'',NULL),(193,'app.jobs.ServiceReminder','2016-12-05 14:00:05.431367','2016-12-05 14:00:07.393858',1,'',NULL),(194,'app.jobs.ServiceReminder','2016-12-06 14:00:04.686260','2016-12-06 14:00:06.526590',1,'',NULL),(195,'app.jobs.ServiceReminder','2016-12-07 14:00:04.589914','2016-12-07 14:00:06.439310',1,'',NULL),(196,'app.jobs.ServiceReminder','2016-12-08 14:00:05.329059','2016-12-08 14:00:07.172464',1,'',NULL),(197,'app.jobs.ServiceReminder','2016-12-09 14:00:04.072867','2016-12-09 14:00:05.912806',1,'',NULL),(198,'app.jobs.ServiceReminder','2016-12-10 14:00:03.989979','2016-12-10 14:00:16.558115',1,'',NULL),(199,'app.jobs.ServiceReminder','2016-12-11 14:00:04.702079','2016-12-11 14:00:13.665092',1,'',NULL),(200,'app.jobs.ServiceReminder','2016-12-12 14:00:04.427837','2016-12-12 14:00:06.294604',1,'',NULL),(201,'app.jobs.ServiceReminder','2016-12-13 14:00:04.813910','2016-12-13 14:00:08.717057',1,'',NULL),(202,'app.jobs.ServiceReminder','2016-12-14 14:00:05.081483','2016-12-14 14:00:06.903449',1,'',NULL),(203,'app.jobs.ServiceReminder','2016-12-15 14:00:05.006821','2016-12-15 14:00:08.868864',1,'',NULL),(204,'app.jobs.ServiceReminder','2016-12-16 14:00:05.379971','2016-12-16 14:00:14.487275',1,'',NULL),(205,'app.jobs.ServiceReminder','2016-12-17 14:00:04.657411','2016-12-17 14:00:06.548985',1,'',NULL),(206,'app.jobs.ServiceReminder','2016-12-18 14:00:04.696432','2016-12-18 14:00:06.627837',1,'',NULL),(207,'app.jobs.ServiceReminder','2016-12-19 14:00:05.833503','2016-12-19 14:00:07.716079',1,'',NULL),(208,'app.jobs.ServiceReminder','2016-12-20 14:00:05.251327','2016-12-20 14:00:07.265361',1,'',NULL),(209,'app.jobs.ServiceReminder','2016-12-21 14:00:05.202964','2016-12-21 14:00:07.111232',1,'',NULL),(210,'app.jobs.ServiceReminder','2016-12-22 14:00:04.795407','2016-12-22 14:00:07.539445',1,'',NULL),(211,'app.jobs.ServiceReminder','2016-12-23 14:00:05.779598','2016-12-23 14:00:08.625992',1,'',NULL),(212,'app.jobs.ServiceReminder','2016-12-24 14:00:05.288669','2016-12-24 14:00:07.168662',1,'',NULL),(213,'app.jobs.ServiceReminder','2016-12-25 14:00:05.124060','2016-12-25 14:00:07.869483',1,'',NULL),(214,'app.jobs.ServiceReminder','2016-12-26 14:00:04.522575','2016-12-26 14:00:06.416735',1,'',NULL),(215,'app.jobs.ServiceReminder','2016-12-27 14:00:05.290508','2016-12-27 14:00:07.384131',1,'',NULL),(216,'app.jobs.ServiceReminder','2016-12-28 14:00:04.523548','2016-12-28 14:00:06.361186',1,'',NULL),(217,'app.jobs.ServiceReminder','2016-12-29 14:00:04.924364','2016-12-29 14:00:07.378105',1,'',NULL),(218,'app.jobs.ServiceReminder','2016-12-30 14:00:04.328492','2016-12-30 14:00:06.203908',1,'',NULL),(219,'app.jobs.ServiceReminder','2016-12-31 14:00:05.123272','2016-12-31 14:00:07.867809',1,'',NULL),(220,'app.jobs.ServiceReminder','2017-01-01 14:00:04.371116','2017-01-01 14:00:08.120972',1,'',NULL),(221,'app.jobs.ServiceReminder','2017-01-02 14:00:05.076130','2017-01-02 14:00:06.969336',1,'',NULL),(222,'app.jobs.ServiceReminder','2017-01-03 14:00:04.074844','2017-01-03 14:00:05.930512',1,'',NULL),(223,'app.jobs.ServiceReminder','2017-01-04 14:00:04.595619','2017-01-04 14:00:06.459720',1,'',NULL),(224,'app.jobs.ServiceReminder','2017-01-05 14:00:04.875354','2017-01-05 14:00:06.720790',1,'',NULL),(225,'app.jobs.ServiceReminder','2017-01-06 14:00:04.834443','2017-01-06 14:00:19.371941',1,'',NULL),(226,'app.jobs.ServiceReminder','2017-01-07 14:00:03.948411','2017-01-07 14:00:05.819460',1,'',NULL),(227,'app.jobs.ServiceReminder','2017-01-08 14:00:04.045271','2017-01-08 14:00:05.877682',1,'',NULL),(228,'app.jobs.ServiceReminder','2017-01-09 14:00:04.065658','2017-01-09 14:00:13.057427',1,'',NULL),(229,'app.jobs.ServiceReminder','2017-01-10 14:00:04.858071','2017-01-10 14:00:12.260240',1,'',NULL),(230,'app.jobs.ServiceReminder','2017-01-11 14:00:04.382336','2017-01-11 14:00:15.307412',1,'',NULL),(231,'app.jobs.ServiceReminder','2017-01-12 14:00:04.416180','2017-01-12 14:00:06.251427',1,'',NULL),(232,'app.jobs.ServiceReminder','2017-01-13 14:00:04.398451','2017-01-13 14:00:06.286083',1,'',NULL),(233,'app.jobs.ServiceReminder','2017-01-14 14:00:03.848116','2017-01-14 14:00:09.335746',1,'',NULL),(234,'app.jobs.ServiceReminder','2017-01-15 14:00:03.933380','2017-01-15 14:00:05.837094',1,'',NULL),(235,'app.jobs.ServiceReminder','2017-01-16 14:00:05.159760','2017-01-16 14:00:07.026550',1,'',NULL),(236,'app.jobs.ServiceReminder','2017-01-17 14:00:05.088268','2017-01-17 14:00:06.940527',1,'',NULL),(237,'app.jobs.ServiceReminder','2017-01-18 14:00:04.722934','2017-01-18 14:00:10.333852',1,'',NULL),(238,'app.jobs.ServiceReminder','2017-01-19 14:00:04.901025','2017-01-19 14:00:06.767568',1,'',NULL),(239,'app.jobs.ServiceReminder','2017-01-20 14:00:04.109254','2017-01-20 14:00:06.035954',1,'',NULL),(240,'app.jobs.ServiceReminder','2017-01-21 14:00:05.225417','2017-01-21 14:00:07.103712',1,'',NULL),(241,'app.jobs.ServiceReminder','2017-01-22 14:00:03.679877','2017-01-22 14:00:05.567536',1,'',NULL),(242,'app.jobs.ServiceReminder','2017-01-23 14:00:04.205383','2017-01-23 14:00:06.097177',1,'',NULL),(243,'app.jobs.ServiceReminder','2017-01-24 14:00:05.383671','2017-01-24 14:00:07.255038',1,'',NULL),(244,'app.jobs.ServiceReminder','2017-01-25 14:00:04.571068','2017-01-25 14:00:06.483769',1,'',NULL),(245,'app.jobs.ServiceReminder','2017-01-26 14:00:04.899785','2017-01-26 14:00:06.741308',1,'',NULL),(246,'app.jobs.ServiceReminder','2017-01-27 14:00:04.348983','2017-01-27 14:00:06.189044',1,'',NULL),(247,'app.jobs.ServiceReminder','2017-01-28 14:00:04.671274','2017-01-28 14:00:06.565427',1,'',NULL),(248,'app.jobs.ServiceReminder','2017-01-29 14:00:04.877870','2017-01-29 14:00:06.802738',1,'',NULL),(249,'app.jobs.ServiceReminder','2017-01-30 14:00:03.744381','2017-01-30 14:00:05.604819',1,'',NULL),(250,'app.jobs.ServiceReminder','2017-01-31 14:00:05.106847','2017-01-31 14:00:06.965505',1,'',NULL),(251,'app.jobs.ServiceReminder','2017-02-01 14:00:03.896747','2017-02-01 14:00:05.723385',1,'',NULL),(252,'app.jobs.ServiceReminder','2017-02-02 14:00:03.550292','2017-02-02 14:00:05.399718',1,'',NULL),(253,'app.jobs.ServiceReminder','2017-02-03 14:00:04.042141','2017-02-03 14:00:28.746051',1,'',NULL),(254,'app.jobs.ServiceReminder','2017-02-04 14:00:04.869231','2017-02-04 14:00:10.469707',1,'',NULL),(255,'app.jobs.ServiceReminder','2017-02-05 14:00:04.857090','2017-02-05 14:00:06.670222',1,'',NULL),(256,'app.jobs.ServiceReminder','2017-02-06 14:00:04.476005','2017-02-06 14:00:06.353783',1,'',NULL),(257,'app.jobs.ServiceReminder','2017-02-07 14:00:03.791138','2017-02-07 14:00:05.646554',1,'',NULL),(258,'app.jobs.ServiceReminder','2017-02-08 14:00:03.861075','2017-02-08 14:00:05.807739',1,'',NULL),(259,'app.jobs.ServiceReminder','2017-02-09 14:00:04.552039','2017-02-09 14:00:06.431375',1,'',NULL),(260,'app.jobs.ServiceReminder','2017-02-10 14:00:03.960962','2017-02-10 14:00:05.787708',1,'',NULL),(261,'app.jobs.ServiceReminder','2017-02-11 14:00:05.149732','2017-02-11 14:00:07.062043',1,'',NULL),(262,'app.jobs.ServiceReminder','2017-02-12 14:00:04.531385','2017-02-12 14:00:06.388120',1,'',NULL),(263,'app.jobs.ServiceReminder','2017-02-13 14:00:03.609070','2017-02-13 14:00:05.354366',1,'',NULL),(264,'app.jobs.ServiceReminder','2017-02-14 14:00:03.589950','2017-02-14 14:00:05.408637',1,'',NULL),(265,'app.jobs.ServiceReminder','2017-02-15 14:00:05.989898','2017-02-15 14:00:07.720065',1,'',NULL),(266,'app.jobs.ServiceReminder','2017-02-16 14:00:05.505877','2017-02-16 14:00:07.300007',1,'',NULL),(267,'app.jobs.ServiceReminder','2017-02-17 14:00:05.177908','2017-02-17 14:00:12.227587',1,'',NULL),(268,'app.jobs.ServiceReminder','2017-02-18 14:00:04.972081','2017-02-18 14:00:06.729084',1,'',NULL),(269,'app.jobs.ServiceReminder','2017-02-19 14:00:04.109889','2017-02-19 14:00:20.203306',1,'',NULL),(270,'app.jobs.ServiceReminder','2017-02-20 14:00:03.868063','2017-02-20 14:00:05.728547',1,'',NULL),(271,'app.jobs.ServiceReminder','2017-02-21 14:00:04.255238','2017-02-21 14:00:08.460786',1,'',NULL),(272,'app.jobs.ServiceReminder','2017-02-22 14:00:03.555656','2017-02-22 14:00:05.287325',1,'',NULL),(273,'app.jobs.ServiceReminder','2017-02-23 14:00:04.827455','2017-02-23 14:00:06.596216',1,'',NULL),(274,'app.jobs.ServiceReminder','2017-02-24 14:00:03.620725','2017-02-24 14:00:05.409035',1,'',NULL),(275,'app.jobs.ServiceReminder','2017-02-25 14:00:03.813786','2017-02-25 14:00:05.527981',1,'',NULL),(276,'app.jobs.ServiceReminder','2017-02-26 14:00:04.784714','2017-02-26 14:00:17.132569',1,'',NULL),(277,'app.jobs.ServiceReminder','2017-02-27 14:00:04.742855','2017-02-27 14:00:06.408579',1,'',NULL),(278,'app.jobs.ServiceReminder','2017-02-28 14:00:04.697376','2017-02-28 14:00:06.413665',1,'',NULL),(279,'app.jobs.ServiceReminder','2017-03-01 14:00:03.380415','2017-03-01 14:00:05.078897',1,'',NULL),(280,'app.jobs.ServiceReminder','2017-03-02 14:00:03.459006','2017-03-02 14:00:05.224621',1,'',NULL),(281,'app.jobs.ServiceReminder','2017-03-03 14:00:03.499388','2017-03-03 14:00:05.232726',1,'',NULL),(282,'app.jobs.ServiceReminder','2017-03-04 14:00:05.199699','2017-03-04 14:00:10.502376',1,'',NULL),(283,'app.jobs.ServiceReminder','2017-03-05 14:00:03.283500','2017-03-05 14:00:04.990813',1,'',NULL),(284,'app.jobs.ServiceReminder','2017-03-06 14:00:03.784148','2017-03-06 14:00:05.467750',1,'',NULL),(285,'app.jobs.ServiceReminder','2017-03-07 14:00:04.952058','2017-03-07 14:00:06.655253',1,'',NULL),(286,'app.jobs.ServiceReminder','2017-03-08 14:00:04.850381','2017-03-08 14:00:06.560498',1,'',NULL),(287,'app.jobs.ServiceReminder','2017-03-09 14:00:03.888905','2017-03-09 14:00:05.583783',1,'',NULL),(288,'app.jobs.ServiceReminder','2017-03-10 14:00:04.935654','2017-03-10 14:00:08.487053',0,'quest(\'post\', url, data=data, json=json, **kwargs)\n  File \"/opt/wellnet_server/venv/local/lib/python2.7/site-packages/requests/api.py\", line 53, in request\n    return session.request(method=method, url=url, **kwargs)\n  File \"/opt/wellnet_server/venv/local/lib/python2.7/site-packages/requests/sessions.py\", line 468, in request\n    resp = self.send(prep, **send_kwargs)\n  File \"/opt/wellnet_server/venv/local/lib/python2.7/site-packages/requests/sessions.py\", line 576, in send\n    r = adapter.send(request, **kwargs)\n  File \"/opt/wellnet_server/venv/local/lib/python2.7/site-packages/requests/adapters.py\", line 437, in send\n    raise ConnectionError(e, request=request)\nConnectionError: HTTPConnectionPool(host=\'104.236.156.119\', port=3675): Max retries exceeded with url: /restconf/operations/server/send-message (Caused by NewConnectionError(\'<requests.packages.urllib3.connection.HTTPConnection object at 0x7efefe8a3810>: Failed to establish a new connection: [Errno 111] Connection refused\',))\n',NULL),(289,'app.jobs.ServiceReminder','2017-03-11 14:00:04.308431','2017-03-11 14:00:05.987444',1,'',NULL),(290,'app.jobs.ServiceReminder','2017-03-12 13:00:03.430454','2017-03-12 13:00:05.269118',1,'',NULL),(291,'app.jobs.ServiceReminder','2017-03-13 13:00:03.853911','2017-03-13 13:00:05.582039',1,'',NULL),(292,'app.jobs.ServiceReminder','2017-03-14 13:00:04.177979','2017-03-14 13:00:05.950137',1,'',NULL),(293,'app.jobs.ServiceReminder','2017-03-15 13:00:03.584950','2017-03-15 13:00:05.311818',1,'',NULL),(294,'app.jobs.ServiceReminder','2017-03-16 13:00:04.725028','2017-03-16 13:00:06.438536',1,'',NULL),(295,'app.jobs.ServiceReminder','2017-03-17 13:00:03.919698','2017-03-17 13:00:05.583419',1,'',NULL),(296,'app.jobs.ServiceReminder','2017-03-18 13:00:05.681464','2017-03-18 13:00:07.392554',1,'',NULL),(297,'app.jobs.ServiceReminder','2017-03-19 13:00:05.152751','2017-03-19 13:00:08.796544',0,'quest(\'post\', url, data=data, json=json, **kwargs)\n  File \"/opt/wellnet_server/venv/local/lib/python2.7/site-packages/requests/api.py\", line 53, in request\n    return session.request(method=method, url=url, **kwargs)\n  File \"/opt/wellnet_server/venv/local/lib/python2.7/site-packages/requests/sessions.py\", line 468, in request\n    resp = self.send(prep, **send_kwargs)\n  File \"/opt/wellnet_server/venv/local/lib/python2.7/site-packages/requests/sessions.py\", line 576, in send\n    r = adapter.send(request, **kwargs)\n  File \"/opt/wellnet_server/venv/local/lib/python2.7/site-packages/requests/adapters.py\", line 437, in send\n    raise ConnectionError(e, request=request)\nConnectionError: HTTPConnectionPool(host=\'104.236.156.119\', port=3675): Max retries exceeded with url: /restconf/operations/server/send-message (Caused by NewConnectionError(\'<requests.packages.urllib3.connection.HTTPConnection object at 0x7fc566f9b790>: Failed to establish a new connection: [Errno 111] Connection refused\',))\n',NULL),(298,'app.jobs.ServiceReminder','2017-03-20 13:00:04.887754','2017-03-20 13:00:06.603391',1,'',NULL),(299,'app.jobs.ServiceReminder','2017-03-21 13:00:05.384842','2017-03-21 13:00:07.103005',1,'',NULL),(300,'app.jobs.ServiceReminder','2017-03-22 13:00:03.518393','2017-03-22 13:00:05.233915',1,'',NULL),(301,'app.jobs.ServiceReminder','2017-03-23 13:00:05.310785','2017-03-23 13:00:07.033842',1,'',NULL),(302,'app.jobs.ServiceReminder','2017-03-24 13:00:04.230203','2017-03-24 13:00:05.949245',1,'',NULL),(303,'app.jobs.ServiceReminder','2017-03-25 13:00:03.779182','2017-03-25 13:00:05.580407',1,'',NULL),(304,'app.jobs.ServiceReminder','2017-03-26 13:00:04.146958','2017-03-26 13:00:05.918000',1,'',NULL),(305,'app.jobs.ServiceReminder','2017-03-27 13:00:05.544801','2017-03-27 13:00:07.280280',1,'',NULL),(306,'app.jobs.ServiceReminder','2017-03-28 13:00:05.624313','2017-03-28 13:00:07.333547',1,'',NULL),(307,'app.jobs.ServiceReminder','2017-03-29 13:00:04.989317','2017-03-29 13:00:06.717251',1,'',NULL),(308,'app.jobs.ServiceReminder','2017-03-30 13:00:04.049565','2017-03-30 13:00:05.763358',1,'',NULL),(309,'app.jobs.ServiceReminder','2017-03-31 13:00:04.312050','2017-03-31 13:00:06.010107',1,'',NULL),(310,'app.jobs.ServiceReminder','2017-04-01 13:00:05.501551','2017-04-01 13:00:07.204431',1,'',NULL),(311,'app.jobs.ServiceReminder','2017-04-02 13:00:04.004155','2017-04-02 13:00:05.837449',1,'',NULL),(312,'app.jobs.ServiceReminder','2017-04-03 13:00:04.559128','2017-04-03 13:00:06.321698',1,'',NULL),(313,'app.jobs.ServiceReminder','2017-04-04 13:00:04.784366','2017-04-04 13:00:06.539181',1,'',NULL),(314,'app.jobs.ServiceReminder','2017-04-05 13:00:04.049002','2017-04-05 13:00:05.919302',1,'',NULL),(315,'app.jobs.ServiceReminder','2017-04-07 13:00:03.929178','2017-04-07 13:00:05.629120',1,'',NULL),(316,'app.jobs.ServiceReminder','2017-12-06 14:00:03.199535','2017-12-06 14:00:05.069089',1,'',NULL),(317,'app.jobs.ServiceReminder','2017-12-07 14:00:05.136895','2017-12-07 14:00:07.057615',1,'',NULL),(318,'app.jobs.ServiceReminder','2017-12-08 14:00:04.899416','2017-12-08 14:00:06.815857',1,'',NULL),(319,'app.jobs.ServiceReminder','2017-12-09 14:00:03.477207','2017-12-09 14:00:05.327324',1,'',NULL),(320,'app.jobs.ServiceReminder','2017-12-10 14:00:04.468072','2017-12-10 14:00:06.330800',1,'',NULL),(321,'app.jobs.ServiceReminder','2017-12-11 14:00:04.929346','2017-12-11 14:00:06.887454',1,'',NULL),(322,'app.jobs.ServiceReminder','2017-12-12 14:00:04.062879','2017-12-12 14:00:06.020028',1,'',NULL),(323,'app.jobs.ServiceReminder','2017-12-13 14:00:04.899536','2017-12-13 14:00:06.847804',1,'',NULL),(324,'app.jobs.ServiceReminder','2017-12-14 14:00:05.073828','2017-12-14 14:00:06.867068',1,'',NULL),(325,'app.jobs.ServiceReminder','2017-12-15 14:00:04.051419','2017-12-15 14:00:05.916376',1,'',NULL),(326,'app.jobs.ServiceReminder','2017-12-16 14:00:04.990759','2017-12-16 14:00:06.890091',1,'',NULL),(327,'app.jobs.ServiceReminder','2017-12-17 14:00:04.765930','2017-12-17 14:00:06.553709',1,'',NULL),(328,'app.jobs.ServiceReminder','2017-12-18 14:00:04.452548','2017-12-18 14:00:06.339551',1,'',NULL),(329,'app.jobs.ServiceReminder','2017-12-19 14:00:04.935060','2017-12-19 14:00:06.925799',1,'',NULL),(330,'app.jobs.ServiceReminder','2017-12-20 14:00:05.062824','2017-12-20 14:00:06.925294',1,'',NULL),(331,'app.jobs.ServiceReminder','2017-12-21 14:00:05.046111','2017-12-21 14:00:06.974188',1,'',NULL),(332,'app.jobs.ServiceReminder','2017-12-22 14:00:04.100251','2017-12-22 14:00:05.996820',1,'',NULL),(333,'app.jobs.ServiceReminder','2017-12-23 14:00:04.725525','2017-12-23 14:00:06.638769',1,'',NULL),(334,'app.jobs.ServiceReminder','2017-12-24 14:00:04.771692','2017-12-24 14:00:06.542432',1,'',NULL),(335,'app.jobs.ServiceReminder','2017-12-25 14:00:04.926788','2017-12-25 14:00:06.737454',1,'',NULL),(336,'app.jobs.ServiceReminder','2017-12-26 14:00:04.691454','2017-12-26 14:00:06.515824',1,'',NULL),(337,'app.jobs.ServiceReminder','2017-12-27 14:00:04.059911','2017-12-27 14:00:05.991714',1,'',NULL),(338,'app.jobs.ServiceReminder','2017-12-28 14:00:05.193012','2017-12-28 14:00:07.058294',1,'',NULL),(339,'app.jobs.ServiceReminder','2017-12-29 14:00:03.789936','2017-12-29 14:00:05.634398',1,'',NULL),(340,'app.jobs.ServiceReminder','2017-12-30 14:00:04.369792','2017-12-30 14:00:06.151105',1,'',NULL),(341,'app.jobs.ServiceReminder','2017-12-31 14:00:05.173026','2017-12-31 14:00:07.057167',1,'',NULL),(342,'app.jobs.ServiceReminder','2018-01-01 14:00:05.272775','2018-01-01 14:00:07.084297',1,'',NULL),(343,'app.jobs.ServiceReminder','2018-01-02 14:00:04.305122','2018-01-02 14:00:06.073409',1,'',NULL),(344,'app.jobs.ServiceReminder','2018-01-03 14:00:04.402135','2018-01-03 14:00:06.277056',1,'',NULL),(345,'app.jobs.ServiceReminder','2018-01-04 14:00:05.641815','2018-01-04 14:00:07.436358',1,'',NULL),(346,'app.jobs.ServiceReminder','2018-01-05 14:00:03.805565','2018-01-05 14:00:05.692566',1,'',NULL),(347,'app.jobs.ServiceReminder','2018-01-06 14:00:05.484285','2018-01-06 14:00:07.268070',1,'',NULL),(348,'app.jobs.ServiceReminder','2018-01-07 14:00:05.152340','2018-01-07 14:00:06.949784',1,'',NULL),(349,'app.jobs.ServiceReminder','2018-01-08 14:00:05.694406','2018-01-08 14:00:07.522966',1,'',NULL),(350,'app.jobs.ServiceReminder','2018-01-09 14:00:05.001327','2018-01-09 14:00:06.809481',1,'',NULL),(351,'app.jobs.ServiceReminder','2018-01-10 14:00:03.680547','2018-01-10 14:00:05.609479',1,'',NULL),(352,'app.jobs.ServiceReminder','2018-01-11 14:00:04.353593','2018-01-11 14:00:06.162007',1,'',NULL),(353,'app.jobs.ServiceReminder','2018-01-12 14:00:04.985251','2018-01-12 14:00:06.916847',1,'',NULL),(354,'app.jobs.ServiceReminder','2018-01-13 14:00:05.036945','2018-01-13 14:00:06.869614',1,'',NULL),(355,'app.jobs.ServiceReminder','2018-01-14 14:00:04.008682','2018-01-14 14:00:05.881865',1,'',NULL),(356,'app.jobs.ServiceReminder','2018-01-15 14:00:04.639055','2018-01-15 14:00:06.466959',1,'',NULL),(357,'app.jobs.ServiceReminder','2018-01-16 14:00:05.842601','2018-01-16 14:00:07.787564',1,'',NULL),(358,'app.jobs.ServiceReminder','2018-01-17 14:00:04.774297','2018-01-17 14:00:06.708268',1,'',NULL),(359,'app.jobs.ServiceReminder','2018-01-18 14:00:04.418968','2018-01-18 14:00:06.372543',1,'',NULL),(360,'app.jobs.ServiceReminder','2018-01-19 14:00:04.123927','2018-01-19 14:00:05.948710',1,'',NULL),(361,'app.jobs.ServiceReminder','2018-01-20 14:00:04.279444','2018-01-20 14:00:06.256692',1,'',NULL),(362,'app.jobs.ServiceReminder','2018-01-21 14:00:03.826082','2018-01-21 14:00:05.742592',1,'',NULL),(363,'app.jobs.ServiceReminder','2018-01-22 14:00:04.137082','2018-01-22 14:00:05.916666',1,'',NULL),(364,'app.jobs.ServiceReminder','2018-01-23 14:00:03.705586','2018-01-23 14:00:05.628725',1,'',NULL),(365,'app.jobs.ServiceReminder','2018-01-24 14:00:04.267820','2018-01-24 14:00:06.046512',1,'',NULL),(366,'app.jobs.ServiceReminder','2018-01-25 14:00:04.376682','2018-01-25 14:00:06.190216',1,'',NULL),(367,'app.jobs.ServiceReminder','2018-01-26 14:00:03.948034','2018-01-26 14:00:05.687316',1,'',NULL),(368,'app.jobs.ServiceReminder','2018-01-27 14:00:03.700402','2018-01-27 14:00:05.517467',1,'',NULL),(369,'app.jobs.ServiceReminder','2018-01-28 14:00:04.112579','2018-01-28 14:00:05.876579',1,'',NULL),(370,'app.jobs.ServiceReminder','2018-01-29 14:00:04.423489','2018-01-29 14:00:06.189218',1,'',NULL),(371,'app.jobs.ServiceReminder','2018-01-30 14:00:03.893734','2018-01-30 14:00:05.690496',1,'',NULL),(372,'app.jobs.ServiceReminder','2018-01-31 14:00:03.752880','2018-01-31 14:00:05.519907',1,'',NULL),(373,'app.jobs.ServiceReminder','2018-02-01 14:00:04.407432','2018-02-01 14:00:06.240037',1,'',NULL),(374,'app.jobs.ServiceReminder','2018-02-02 14:00:04.828592','2018-02-02 14:00:06.906562',1,'',NULL),(375,'app.jobs.ServiceReminder','2018-02-03 14:00:03.625981','2018-02-03 14:00:05.458984',1,'',NULL),(376,'app.jobs.ServiceReminder','2018-02-04 14:00:04.798498','2018-02-04 14:00:06.554961',1,'',NULL),(377,'app.jobs.ServiceReminder','2018-02-05 14:00:04.269165','2018-02-05 14:00:06.094958',1,'',NULL),(378,'app.jobs.ServiceReminder','2018-02-06 14:00:04.724776','2018-02-06 14:00:06.510685',1,'',NULL),(379,'app.jobs.ServiceReminder','2018-02-07 14:00:05.033430','2018-02-07 14:00:06.883159',1,'',NULL),(380,'app.jobs.ServiceReminder','2018-02-08 14:00:03.684502','2018-02-08 14:00:05.557529',1,'',NULL),(381,'app.jobs.ServiceReminder','2018-02-09 14:00:04.634088','2018-02-09 14:00:06.458072',1,'',NULL),(382,'app.jobs.ServiceReminder','2018-02-10 14:00:04.382875','2018-02-10 14:00:06.285772',1,'',NULL),(383,'app.jobs.ServiceReminder','2018-02-11 14:00:04.759966','2018-02-11 14:00:06.538790',1,'',NULL),(384,'app.jobs.ServiceReminder','2018-02-12 14:00:04.249455','2018-02-12 14:00:06.032010',1,'',NULL),(385,'app.jobs.ServiceReminder','2018-02-13 14:00:04.120057','2018-02-13 14:00:05.919923',1,'',NULL),(386,'app.jobs.ServiceReminder','2018-02-14 14:00:03.582405','2018-02-14 14:00:05.358446',1,'',NULL),(387,'app.jobs.ServiceReminder','2018-02-15 14:00:03.918534','2018-02-15 14:00:05.760783',1,'',NULL),(388,'app.jobs.ServiceReminder','2018-02-16 14:00:04.870449','2018-02-16 14:00:06.690355',1,'',NULL),(389,'app.jobs.ServiceReminder','2018-02-17 14:00:04.649695','2018-02-17 14:00:06.447646',1,'',NULL),(390,'app.jobs.ServiceReminder','2018-02-18 14:00:04.534904','2018-02-18 14:00:06.289815',1,'',NULL),(391,'app.jobs.ServiceReminder','2018-02-19 14:00:03.950732','2018-02-19 14:00:05.702231',1,'',NULL),(392,'app.jobs.ServiceReminder','2018-02-20 14:00:04.434160','2018-02-20 14:00:06.210109',1,'',NULL),(393,'app.jobs.ServiceReminder','2018-02-21 14:00:04.634079','2018-02-21 14:00:06.401891',1,'',NULL),(394,'app.jobs.ServiceReminder','2018-02-22 14:00:04.121275','2018-02-22 14:00:05.935375',1,'',NULL),(395,'app.jobs.ServiceReminder','2018-02-23 14:00:04.794417','2018-02-23 14:00:06.554420',1,'',NULL),(396,'app.jobs.ServiceReminder','2018-02-24 14:00:03.924499','2018-02-24 14:00:05.758755',1,'',NULL),(397,'app.jobs.ServiceReminder','2018-02-25 14:00:04.724491','2018-02-25 14:00:06.563460',1,'',NULL),(398,'app.jobs.ServiceReminder','2018-02-26 14:00:03.444588','2018-02-26 14:00:05.258435',1,'',NULL),(399,'app.jobs.ServiceReminder','2018-02-27 14:00:04.309763','2018-02-27 14:00:06.174565',1,'',NULL),(400,'app.jobs.ServiceReminder','2018-02-28 14:00:03.609314','2018-02-28 14:00:05.453884',1,'',NULL),(401,'app.jobs.ServiceReminder','2018-03-01 14:00:03.817509','2018-03-01 14:00:05.642265',1,'',NULL),(402,'app.jobs.ServiceReminder','2018-03-02 14:00:03.839375','2018-03-02 14:00:05.637459',1,'',NULL),(403,'app.jobs.ServiceReminder','2018-03-03 14:00:04.021647','2018-03-03 14:00:05.849347',1,'',NULL),(404,'app.jobs.ServiceReminder','2018-03-04 14:00:04.435901','2018-03-04 14:00:06.201930',1,'',NULL),(405,'app.jobs.ServiceReminder','2018-03-05 14:00:04.074745','2018-03-05 14:00:06.073242',1,'',NULL),(406,'app.jobs.ServiceReminder','2018-03-06 14:00:04.205116','2018-03-06 14:00:06.137427',1,'',NULL),(407,'app.jobs.ServiceReminder','2018-03-07 14:00:03.630139','2018-03-07 14:00:05.538504',1,'',NULL),(408,'app.jobs.ServiceReminder','2018-03-08 14:00:04.542794','2018-03-08 14:00:06.439626',1,'',NULL),(409,'app.jobs.ServiceReminder','2018-03-09 14:00:03.582978','2018-03-09 14:00:05.412150',1,'',NULL),(410,'app.jobs.ServiceReminder','2018-03-10 14:00:04.108366','2018-03-10 14:00:06.019908',1,'',NULL),(411,'app.jobs.ServiceReminder','2018-03-11 13:00:04.715456','2018-03-11 13:00:06.494372',1,'',NULL),(412,'app.jobs.ServiceReminder','2018-03-12 13:00:03.934156','2018-03-12 13:00:05.752587',1,'',NULL),(413,'app.jobs.ServiceReminder','2018-03-13 13:00:04.139741','2018-03-13 13:00:06.026526',1,'',NULL),(414,'app.jobs.ServiceReminder','2018-03-14 13:00:03.652975','2018-03-14 13:00:05.558492',1,'',NULL),(415,'app.jobs.ServiceReminder','2018-03-15 13:00:04.595461','2018-03-15 13:00:06.366745',1,'',NULL),(416,'app.jobs.ServiceReminder','2018-03-16 13:00:03.651698','2018-03-16 13:00:05.415672',1,'',NULL),(417,'app.jobs.ServiceReminder','2018-03-17 13:00:04.391112','2018-03-17 13:00:06.214616',1,'',NULL),(418,'app.jobs.ServiceReminder','2018-03-18 13:00:03.436693','2018-03-18 13:00:05.307609',1,'',NULL),(419,'app.jobs.ServiceReminder','2018-03-19 13:00:03.735432','2018-03-19 13:00:05.622845',1,'',NULL),(420,'app.jobs.ServiceReminder','2018-03-20 13:00:04.054561','2018-03-20 13:00:05.810698',1,'',NULL),(421,'app.jobs.ServiceReminder','2018-03-21 13:00:04.612045','2018-03-21 13:00:06.353797',1,'',NULL),(422,'app.jobs.ServiceReminder','2018-03-22 13:00:03.894259','2018-03-22 13:00:05.629954',1,'',NULL),(423,'app.jobs.ServiceReminder','2018-03-23 13:00:04.417885','2018-03-23 13:00:06.291605',1,'',NULL),(424,'app.jobs.ServiceReminder','2018-03-24 13:00:04.263813','2018-03-24 13:00:06.006831',1,'',NULL),(425,'app.jobs.ServiceReminder','2018-03-25 13:00:04.197802','2018-03-25 13:00:05.998089',1,'',NULL),(426,'app.jobs.ServiceReminder','2018-03-26 13:00:03.559074','2018-03-26 13:00:05.307837',1,'',NULL);
/*!40000 ALTER TABLE `django_cron_cronjoblog` ENABLE KEYS */;
UNLOCK TABLES;

--
-- Table structure for table `django_migrations`
--

DROP TABLE IF EXISTS `django_migrations`;
/*!40101 SET @saved_cs_client     = @@character_set_client */;
/*!40101 SET character_set_client = utf8 */;
CREATE TABLE `django_migrations` (
  `id` int(11) NOT NULL AUTO_INCREMENT,
  `app` varchar(255) NOT NULL,
  `name` varchar(255) NOT NULL,
  `applied` datetime(6) NOT NULL,
  PRIMARY KEY (`id`)
) ENGINE=MyISAM AUTO_INCREMENT=20 DEFAULT CHARSET=latin1;
/*!40101 SET character_set_client = @saved_cs_client */;

--
-- Dumping data for table `django_migrations`
--

LOCK TABLES `django_migrations` WRITE;
/*!40000 ALTER TABLE `django_migrations` DISABLE KEYS */;
INSERT INTO `django_migrations` VALUES (1,'contenttypes','0001_initial','2016-04-14 18:43:42.258575'),(2,'contenttypes','0002_remove_content_type_name','2016-04-14 18:43:44.829632'),(3,'auth','0001_initial','2016-04-14 18:43:49.334047'),(4,'auth','0002_alter_permission_name_max_length','2016-04-14 18:43:50.910672'),(5,'auth','0003_alter_user_email_max_length','2016-04-14 18:43:52.207181'),(6,'auth','0004_alter_user_username_opts','2016-04-14 18:43:53.513599'),(7,'auth','0005_alter_user_last_login_null','2016-04-14 18:43:54.800203'),(8,'auth','0006_require_contenttypes_0002','2016-04-14 18:43:56.082376'),(9,'services','0001_initial','2016-04-14 18:45:02.378566'),(10,'admin','0001_initial','2016-04-14 18:45:05.298516'),(11,'sessions','0001_initial','2016-04-14 18:45:07.453521'),(12,'sites','0001_initial','2016-04-14 19:40:34.015024'),(13,'django_cron','0001_initial','2016-05-27 10:14:25.345985'),(14,'django_cron','0002_remove_max_length_from_CronJobLog_message','2016-05-27 10:14:26.527650'),(15,'services','0002_auto_20171206_1611','2017-12-06 10:42:43.156535'),(16,'services','0003_auto_20171206_1631','2017-12-06 11:02:08.558106'),(17,'services','0004_auto_20171206_1633','2017-12-06 11:04:26.744834'),(18,'services','0005_auto_20171206_1635','2017-12-06 11:06:00.608272'),(19,'services','0006_auto_20180110_1259','2018-01-10 07:30:06.783895');
/*!40000 ALTER TABLE `django_migrations` ENABLE KEYS */;
UNLOCK TABLES;

--
-- Table structure for table `django_session`
--

DROP TABLE IF EXISTS `django_session`;
/*!40101 SET @saved_cs_client     = @@character_set_client */;
/*!40101 SET character_set_client = utf8 */;
CREATE TABLE `django_session` (
  `session_key` varchar(40) NOT NULL,
  `session_data` longtext NOT NULL,
  `expire_date` datetime(6) NOT NULL,
  PRIMARY KEY (`session_key`),
  KEY `django_session_de54fa62` (`expire_date`)
) ENGINE=MyISAM DEFAULT CHARSET=latin1;
/*!40101 SET character_set_client = @saved_cs_client */;

--
-- Dumping data for table `django_session`
--

LOCK TABLES `django_session` WRITE;
/*!40000 ALTER TABLE `django_session` DISABLE KEYS */;
INSERT INTO `django_session` VALUES ('c7pv4rs2xr51fqzsl0ix75x66xjswuq7','OGIyOGNhNjViMmViNmQyNDdkZjM3MmMwZTIxZGZhYjA1ZDRjZjYwMzp7Il9hdXRoX3VzZXJfaGFzaCI6Ijg5MDI4ZDk4ZDMzMDY2Nzk1MDczZDkxMDVhNjQ3MzU3NjE2NDljNDgiLCJfYXV0aF91c2VyX2JhY2tlbmQiOiJkamFuZ28uY29udHJpYi5hdXRoLmJhY2tlbmRzLk1vZGVsQmFja2VuZCIsIl9hdXRoX3VzZXJfaWQiOiI1In0=','2016-05-06 04:17:27.750761'),('1jh7atu4nlyc9hzh9cp1ax0f0pfkq1dm','ZTY4M2MyZThhNWNkZDFmYzE1MmIzZDRhMmNmYjE4MWM3MzE3ZDhmNzp7Il9hdXRoX3VzZXJfaGFzaCI6ImFiMjUwOWNkODhmNTI0ODBiMjg1MjU4NTgzYzI3MTY1OGQ1OThlNDkiLCJfYXV0aF91c2VyX2JhY2tlbmQiOiJkamFuZ28uY29udHJpYi5hdXRoLmJhY2tlbmRzLk1vZGVsQmFja2VuZCIsIl9hdXRoX3VzZXJfaWQiOiIxIn0=','2016-05-12 03:59:42.306307'),('05bwgmu8mj8ta0lwwccg97cgtgp5t54u','YTRmNWY5ZGUzZDY2ZmRlMjllNGVmMTljZGM0ZmFjMmFmYTUxMjkwZjp7Il9hdXRoX3VzZXJfaGFzaCI6IjE5ODNjM2M2NjJhN2Y0OTQ4MGRiMTM2MWNmNmFhZDhmNmJmZjc3ZDQiLCJfYXV0aF91c2VyX2lkIjoiNiIsIl9hdXRoX3VzZXJfYmFja2VuZCI6ImRqYW5nby5jb250cmliLmF1dGguYmFja2VuZHMuTW9kZWxCYWNrZW5kIn0=','2016-05-02 16:14:30.138362'),('lpn2ucykqcf2rvg0s0g6gg9qfa1sn8sg','M2E0ODYwNGY0MTdhMWVmM2M5NWJlYTI1YTBmM2U4OTliNDdkMTBhYzp7Il9hdXRoX3VzZXJfaGFzaCI6IjEyMWQxY2EzY2UwYTU3ZDcxNGU5MjEyMjZjYmY2ODc1N2ZkZDk4ZmIiLCJfYXV0aF91c2VyX2lkIjoiNyIsIl9hdXRoX3VzZXJfYmFja2VuZCI6ImRqYW5nby5jb250cmliLmF1dGguYmFja2VuZHMuTW9kZWxCYWNrZW5kIn0=','2016-05-04 06:47:11.479824'),('u2unkxaarvkxrwnsdgmjdjqxkbb8swnv','YzJmNTQwMGMwZTFjOTMzZjQxMTExMzI0OWYxYTcyYmVlMjM4ZWUxMTp7Il9hdXRoX3VzZXJfaGFzaCI6IjljZTJhMjAyOGJiZDc3MzVlZjgxMzExNWRhMjIxYTViN2NmODg2ZDMiLCJfYXV0aF91c2VyX2JhY2tlbmQiOiJkamFuZ28uY29udHJpYi5hdXRoLmJhY2tlbmRzLk1vZGVsQmFja2VuZCIsIl9hdXRoX3VzZXJfaWQiOiI0In0=','2016-05-06 06:47:37.944826'),('99fnnct0l1kfe21ng82nf81vtvj2wr1v','ZDA3ZDZiYjUyZjkxZGE0NjIxMjM0NjhhMWFjOWJkZDFjMzg2YmJjMjp7Il9hdXRoX3VzZXJfaGFzaCI6IjhkYzBlNzE0ZDI1MGY4YWFlNDQ1ZmYwNWFkNGU4M2M1MjNlYWI0OGQiLCJfYXV0aF91c2VyX2lkIjoiMTUiLCJfYXV0aF91c2VyX2JhY2tlbmQiOiJkamFuZ28uY29udHJpYi5hdXRoLmJhY2tlbmRzLk1vZGVsQmFja2VuZCJ9','2016-05-06 09:06:11.180270'),('6b3ht7vhhttshqmbsv20wjx9xi51hbhf','MThhZWVhZjMwMmUyNDYzZTRiZjE5NTUzOWE0ZmQyMTdlZWM5YzMzMjp7Il9hdXRoX3VzZXJfaGFzaCI6IjYxNjAzM2EyZGM4ODE0N2VjNjE0YzhmYTJjNjA2MDZlMjZmMWJjMzIiLCJfYXV0aF91c2VyX2JhY2tlbmQiOiJkamFuZ28uY29udHJpYi5hdXRoLmJhY2tlbmRzLk1vZGVsQmFja2VuZCIsIl9hdXRoX3VzZXJfaWQiOiIzIn0=','2016-05-27 13:32:50.700787'),('o20oxro1cq5tp36p41cpily7j3w5gtlu','MThhZWVhZjMwMmUyNDYzZTRiZjE5NTUzOWE0ZmQyMTdlZWM5YzMzMjp7Il9hdXRoX3VzZXJfaGFzaCI6IjYxNjAzM2EyZGM4ODE0N2VjNjE0YzhmYTJjNjA2MDZlMjZmMWJjMzIiLCJfYXV0aF91c2VyX2JhY2tlbmQiOiJkamFuZ28uY29udHJpYi5hdXRoLmJhY2tlbmRzLk1vZGVsQmFja2VuZCIsIl9hdXRoX3VzZXJfaWQiOiIzIn0=','2016-05-12 04:29:17.079811'),('93e8tsq8iaornu5gyhh5gnetj69pnb0e','NjFkMTRiMzZiYTViMTQ2OGRmMjIwOWZmYjdmZmY4Nzg3ZTY0YjUxNjp7Il9hdXRoX3VzZXJfaGFzaCI6IjFiNmQ0MGY3M2U0Yjg0ZTcwY2QwZjgxYTdmMzc0YzI4NjZmNWY5MzgiLCJfYXV0aF91c2VyX2JhY2tlbmQiOiJkamFuZ28uY29udHJpYi5hdXRoLmJhY2tlbmRzLk1vZGVsQmFja2VuZCIsIl9hdXRoX3VzZXJfaWQiOiIxNCJ9','2016-05-06 10:10:52.330436'),('f9ceezi6o9dxcoaidgm0vx04nsx8hstb','MTBkZmM2NGY1YTQxMmIyMjBjODYwNmU4ZmQ1OGZiODEyZjZkMTI0Mzp7Il9hdXRoX3VzZXJfaGFzaCI6IjAwMmM0MzU2NzFlNzBiNGZmMmRhNjVkMWM3ODI1ZjIwOTZhNTc4M2QiLCJfYXV0aF91c2VyX2JhY2tlbmQiOiJkamFuZ28uY29udHJpYi5hdXRoLmJhY2tlbmRzLk1vZGVsQmFja2VuZCIsIl9hdXRoX3VzZXJfaWQiOiIxOCJ9','2016-05-06 10:41:47.324141'),('ypse9sviz339nc1q21bj637pa7rv004u','YTlmYTNjZWY2NTRlNTQ1Nzg0YWY5M2RkZWJjZjRmNzgxOGZkNDAxOTp7Il9hdXRoX3VzZXJfaGFzaCI6IjlhZjA3OWIwMWUwNjA1NzQ0ZjJiNjMzOWIyN2RkZTIzY2Q5ZTQ5MzAiLCJfYXV0aF91c2VyX2JhY2tlbmQiOiJkamFuZ28uY29udHJpYi5hdXRoLmJhY2tlbmRzLk1vZGVsQmFja2VuZCIsIl9hdXRoX3VzZXJfaWQiOiIyIn0=','2016-05-17 03:23:28.857891'),('3f4a8jen1hai35go6tzv35qaskvhihfo','ZWI0ZTc5YzE5ZTRkYWM2ZmMwNDhkZTE5NzhlZDI0NDc5ZTRhN2UwMTp7Il9hdXRoX3VzZXJfaGFzaCI6ImVlZDZiZTI0Y2I5YTcyNWM5Yjg0ZDVkMTk5ZjRiYjJkNjA1NzkzNmIiLCJfYXV0aF91c2VyX2JhY2tlbmQiOiJkamFuZ28uY29udHJpYi5hdXRoLmJhY2tlbmRzLk1vZGVsQmFja2VuZCIsIl9hdXRoX3VzZXJfaWQiOiIyMyJ9','2016-05-20 12:07:05.775852'),('tz3kikveprsow2lirqjdzgjz52pnv053','YzJmNTQwMGMwZTFjOTMzZjQxMTExMzI0OWYxYTcyYmVlMjM4ZWUxMTp7Il9hdXRoX3VzZXJfaGFzaCI6IjljZTJhMjAyOGJiZDc3MzVlZjgxMzExNWRhMjIxYTViN2NmODg2ZDMiLCJfYXV0aF91c2VyX2JhY2tlbmQiOiJkamFuZ28uY29udHJpYi5hdXRoLmJhY2tlbmRzLk1vZGVsQmFja2VuZCIsIl9hdXRoX3VzZXJfaWQiOiI0In0=','2016-05-25 12:29:40.948586'),('ygiotkmxgw9ysnr6oox0c4ucwzz05kfc','MThhZWVhZjMwMmUyNDYzZTRiZjE5NTUzOWE0ZmQyMTdlZWM5YzMzMjp7Il9hdXRoX3VzZXJfaGFzaCI6IjYxNjAzM2EyZGM4ODE0N2VjNjE0YzhmYTJjNjA2MDZlMjZmMWJjMzIiLCJfYXV0aF91c2VyX2JhY2tlbmQiOiJkamFuZ28uY29udHJpYi5hdXRoLmJhY2tlbmRzLk1vZGVsQmFja2VuZCIsIl9hdXRoX3VzZXJfaWQiOiIzIn0=','2016-07-23 09:27:04.304537'),('d1qlmj7znnxtdwlr50evehl8f25esye4','MThhZWVhZjMwMmUyNDYzZTRiZjE5NTUzOWE0ZmQyMTdlZWM5YzMzMjp7Il9hdXRoX3VzZXJfaGFzaCI6IjYxNjAzM2EyZGM4ODE0N2VjNjE0YzhmYTJjNjA2MDZlMjZmMWJjMzIiLCJfYXV0aF91c2VyX2JhY2tlbmQiOiJkamFuZ28uY29udHJpYi5hdXRoLmJhY2tlbmRzLk1vZGVsQmFja2VuZCIsIl9hdXRoX3VzZXJfaWQiOiIzIn0=','2016-05-28 10:59:04.015458'),('j22x8dx8z0vu53p3axq6q3icpwo6o31x','YzJmNTQwMGMwZTFjOTMzZjQxMTExMzI0OWYxYTcyYmVlMjM4ZWUxMTp7Il9hdXRoX3VzZXJfaGFzaCI6IjljZTJhMjAyOGJiZDc3MzVlZjgxMzExNWRhMjIxYTViN2NmODg2ZDMiLCJfYXV0aF91c2VyX2JhY2tlbmQiOiJkamFuZ28uY29udHJpYi5hdXRoLmJhY2tlbmRzLk1vZGVsQmFja2VuZCIsIl9hdXRoX3VzZXJfaWQiOiI0In0=','2016-07-19 11:37:05.204068'),('ql5qesoozohxeljxy931tt3phfnfj15u','ZTY4M2MyZThhNWNkZDFmYzE1MmIzZDRhMmNmYjE4MWM3MzE3ZDhmNzp7Il9hdXRoX3VzZXJfaGFzaCI6ImFiMjUwOWNkODhmNTI0ODBiMjg1MjU4NTgzYzI3MTY1OGQ1OThlNDkiLCJfYXV0aF91c2VyX2JhY2tlbmQiOiJkamFuZ28uY29udHJpYi5hdXRoLmJhY2tlbmRzLk1vZGVsQmFja2VuZCIsIl9hdXRoX3VzZXJfaWQiOiIxIn0=','2016-06-10 10:15:19.172806'),('p24kyiz7u4ictparou0g3jobnk35ow0e','YzJmNTQwMGMwZTFjOTMzZjQxMTExMzI0OWYxYTcyYmVlMjM4ZWUxMTp7Il9hdXRoX3VzZXJfaGFzaCI6IjljZTJhMjAyOGJiZDc3MzVlZjgxMzExNWRhMjIxYTViN2NmODg2ZDMiLCJfYXV0aF91c2VyX2JhY2tlbmQiOiJkamFuZ28uY29udHJpYi5hdXRoLmJhY2tlbmRzLk1vZGVsQmFja2VuZCIsIl9hdXRoX3VzZXJfaWQiOiI0In0=','2016-07-23 09:40:37.049648'),('7fkmxmz7ymzty2fxzg6haxrf8pq0xs5n','YTlmYTNjZWY2NTRlNTQ1Nzg0YWY5M2RkZWJjZjRmNzgxOGZkNDAxOTp7Il9hdXRoX3VzZXJfaGFzaCI6IjlhZjA3OWIwMWUwNjA1NzQ0ZjJiNjMzOWIyN2RkZTIzY2Q5ZTQ5MzAiLCJfYXV0aF91c2VyX2JhY2tlbmQiOiJkamFuZ28uY29udHJpYi5hdXRoLmJhY2tlbmRzLk1vZGVsQmFja2VuZCIsIl9hdXRoX3VzZXJfaWQiOiIyIn0=','2016-09-03 07:30:10.690156'),('hg6cysipt3lin72hddjo2bxh9xv6tpef','Mzk1MThkNzVjN2U5YWNiNTg2YTA0Zjk2OTQyNTk3NmE5ZGZlMTNhMjp7Il9hdXRoX3VzZXJfaGFzaCI6ImNmNmRmNDI3OTBkZTYwMThjODU0Njg5ZjI2ZjQzNDVlZWU1ZmI5MjIiLCJfYXV0aF91c2VyX2JhY2tlbmQiOiJkamFuZ28uY29udHJpYi5hdXRoLmJhY2tlbmRzLk1vZGVsQmFja2VuZCIsIl9hdXRoX3VzZXJfaWQiOiIzNCJ9','2016-09-06 12:42:04.996806'),('0skqa3kj6qd1p5c9x201o5h0k52slmkv','M2ZhYzMwZjk3NjQyZDcwY2I0MjIwMzdiMDg3NDhjZWQ2OTExZjg0MDp7Il9hdXRoX3VzZXJfaGFzaCI6IjQxNzM5MDI4ZDM2YjU1MjkxMGFlYzg3MTZiZTQxNDdkNTJhZDAwNTMiLCJfYXV0aF91c2VyX2JhY2tlbmQiOiJkamFuZ28uY29udHJpYi5hdXRoLmJhY2tlbmRzLk1vZGVsQmFja2VuZCIsIl9hdXRoX3VzZXJfaWQiOiIzNCJ9','2016-09-15 11:01:34.538114'),('h4ku6f6grw0xei3a8qebaolky7oynywi','YTlmYTNjZWY2NTRlNTQ1Nzg0YWY5M2RkZWJjZjRmNzgxOGZkNDAxOTp7Il9hdXRoX3VzZXJfaGFzaCI6IjlhZjA3OWIwMWUwNjA1NzQ0ZjJiNjMzOWIyN2RkZTIzY2Q5ZTQ5MzAiLCJfYXV0aF91c2VyX2JhY2tlbmQiOiJkamFuZ28uY29udHJpYi5hdXRoLmJhY2tlbmRzLk1vZGVsQmFja2VuZCIsIl9hdXRoX3VzZXJfaWQiOiIyIn0=','2016-09-26 07:47:00.315215'),('v4ckbzy0opg6y0tu0uzr9umv8cewwc24','ZTgxMTllYWJiODIwZjg2Y2E5MDY0ZGYwZGE2NWQ1MzFmODNhOWQ3Zjp7Il9hdXRoX3VzZXJfaGFzaCI6IjY0YmRiZTE4NGJjYjM5NjdiZjg2Y2NmZjgzYTA3YTEyNTBlMGFlZTIiLCJfYXV0aF91c2VyX2JhY2tlbmQiOiJkamFuZ28uY29udHJpYi5hdXRoLmJhY2tlbmRzLk1vZGVsQmFja2VuZCIsIl9hdXRoX3VzZXJfaWQiOiIxIn0=','2016-09-06 12:49:55.584561'),('jv683dqtyfsesoiptlz976co5cb4anqc','ZTVlMzQzMTM2NzE0MjFmYjQxMDI1NDE2NjEwYzljNWNiYWI3NGE4Njp7Il9hdXRoX3VzZXJfaGFzaCI6ImY1NzViMzg2ZWQ2ZDI2ODhjZWM0ZjMyNWYwYjgyNzQ2NzljMmJhZDMiLCJfYXV0aF91c2VyX2JhY2tlbmQiOiJkamFuZ28uY29udHJpYi5hdXRoLmJhY2tlbmRzLk1vZGVsQmFja2VuZCIsIl9hdXRoX3VzZXJfaWQiOiIzNiJ9','2016-09-26 11:42:36.519796'),('ego29muac95i44k6nkbp81d90gm0y2zy','ZTVlMzQzMTM2NzE0MjFmYjQxMDI1NDE2NjEwYzljNWNiYWI3NGE4Njp7Il9hdXRoX3VzZXJfaGFzaCI6ImY1NzViMzg2ZWQ2ZDI2ODhjZWM0ZjMyNWYwYjgyNzQ2NzljMmJhZDMiLCJfYXV0aF91c2VyX2JhY2tlbmQiOiJkamFuZ28uY29udHJpYi5hdXRoLmJhY2tlbmRzLk1vZGVsQmFja2VuZCIsIl9hdXRoX3VzZXJfaWQiOiIzNiJ9','2016-09-26 11:42:33.303616'),('25ywl10v20cjyfbx0akch25bjfa3dveg','ZTVlMzQzMTM2NzE0MjFmYjQxMDI1NDE2NjEwYzljNWNiYWI3NGE4Njp7Il9hdXRoX3VzZXJfaGFzaCI6ImY1NzViMzg2ZWQ2ZDI2ODhjZWM0ZjMyNWYwYjgyNzQ2NzljMmJhZDMiLCJfYXV0aF91c2VyX2JhY2tlbmQiOiJkamFuZ28uY29udHJpYi5hdXRoLmJhY2tlbmRzLk1vZGVsQmFja2VuZCIsIl9hdXRoX3VzZXJfaWQiOiIzNiJ9','2016-09-26 11:42:42.640977'),('vvav83thy726kpszv8jpbsw5obqhvbgt','ZTVlMzQzMTM2NzE0MjFmYjQxMDI1NDE2NjEwYzljNWNiYWI3NGE4Njp7Il9hdXRoX3VzZXJfaGFzaCI6ImY1NzViMzg2ZWQ2ZDI2ODhjZWM0ZjMyNWYwYjgyNzQ2NzljMmJhZDMiLCJfYXV0aF91c2VyX2JhY2tlbmQiOiJkamFuZ28uY29udHJpYi5hdXRoLmJhY2tlbmRzLk1vZGVsQmFja2VuZCIsIl9hdXRoX3VzZXJfaWQiOiIzNiJ9','2016-09-26 11:42:46.708102'),('f0i0t5pty1wa71rifyj5e9825hbeqll9','ODJkZjBiZDk5MzExNTMxODk0NzM5MTlkMTcyM2JkNWEzNDM4OTFiMzp7Il9hdXRoX3VzZXJfaGFzaCI6ImQxNmY4NjM4NzM0MjU0Zjk1OGJkMjMyMjBkNzJkMTU2YjQxMDNmODEiLCJfYXV0aF91c2VyX2JhY2tlbmQiOiJkamFuZ28uY29udHJpYi5hdXRoLmJhY2tlbmRzLk1vZGVsQmFja2VuZCIsIl9hdXRoX3VzZXJfaWQiOiIzNyJ9','2016-10-03 07:19:11.167280'),('xvpc17mci1sdixe1va1fbbmm86hofdwm','ZTVlMzQzMTM2NzE0MjFmYjQxMDI1NDE2NjEwYzljNWNiYWI3NGE4Njp7Il9hdXRoX3VzZXJfaGFzaCI6ImY1NzViMzg2ZWQ2ZDI2ODhjZWM0ZjMyNWYwYjgyNzQ2NzljMmJhZDMiLCJfYXV0aF91c2VyX2JhY2tlbmQiOiJkamFuZ28uY29udHJpYi5hdXRoLmJhY2tlbmRzLk1vZGVsQmFja2VuZCIsIl9hdXRoX3VzZXJfaWQiOiIzNiJ9','2016-09-26 11:42:47.200968'),('km8jgc0uypojngsiia3s51whelh216l9','M2ZhYzMwZjk3NjQyZDcwY2I0MjIwMzdiMDg3NDhjZWQ2OTExZjg0MDp7Il9hdXRoX3VzZXJfaGFzaCI6IjQxNzM5MDI4ZDM2YjU1MjkxMGFlYzg3MTZiZTQxNDdkNTJhZDAwNTMiLCJfYXV0aF91c2VyX2JhY2tlbmQiOiJkamFuZ28uY29udHJpYi5hdXRoLmJhY2tlbmRzLk1vZGVsQmFja2VuZCIsIl9hdXRoX3VzZXJfaWQiOiIzNCJ9','2016-10-05 05:44:21.894997'),('iwljgx3tpgrvkyn3zsp1u8lls8z818sn','M2ZhYzMwZjk3NjQyZDcwY2I0MjIwMzdiMDg3NDhjZWQ2OTExZjg0MDp7Il9hdXRoX3VzZXJfaGFzaCI6IjQxNzM5MDI4ZDM2YjU1MjkxMGFlYzg3MTZiZTQxNDdkNTJhZDAwNTMiLCJfYXV0aF91c2VyX2JhY2tlbmQiOiJkamFuZ28uY29udHJpYi5hdXRoLmJhY2tlbmRzLk1vZGVsQmFja2VuZCIsIl9hdXRoX3VzZXJfaWQiOiIzNCJ9','2016-10-05 06:05:22.268739'),('wk9rak9cdrhv2fslpbjiqifa9xvj5l1a','M2ZhYzMwZjk3NjQyZDcwY2I0MjIwMzdiMDg3NDhjZWQ2OTExZjg0MDp7Il9hdXRoX3VzZXJfaGFzaCI6IjQxNzM5MDI4ZDM2YjU1MjkxMGFlYzg3MTZiZTQxNDdkNTJhZDAwNTMiLCJfYXV0aF91c2VyX2JhY2tlbmQiOiJkamFuZ28uY29udHJpYi5hdXRoLmJhY2tlbmRzLk1vZGVsQmFja2VuZCIsIl9hdXRoX3VzZXJfaWQiOiIzNCJ9','2016-10-05 06:12:07.195144'),('hu4ukivvbvtw63l2dzqc1dy1fzumzr9j','ZTgxMTllYWJiODIwZjg2Y2E5MDY0ZGYwZGE2NWQ1MzFmODNhOWQ3Zjp7Il9hdXRoX3VzZXJfaGFzaCI6IjY0YmRiZTE4NGJjYjM5NjdiZjg2Y2NmZjgzYTA3YTEyNTBlMGFlZTIiLCJfYXV0aF91c2VyX2JhY2tlbmQiOiJkamFuZ28uY29udHJpYi5hdXRoLmJhY2tlbmRzLk1vZGVsQmFja2VuZCIsIl9hdXRoX3VzZXJfaWQiOiIxIn0=','2016-10-08 05:18:51.885614'),('b7rh26z19uyy7tsegthyepn4r63rvwnm','YTk0MzM1ZjllZmI0MGMwODlkZmYwMGJkYjQ0MDM4ODFmZmNkNWQ0ODp7fQ==','2016-10-10 14:55:53.443019'),('1auchma2wlhw0at9jx2bsi8k4877x3ja','N2I1NDE0YmRkM2RlZDJiNmM4OWI0MTY2NGUxOWQwZTk4YmYwYWJkNDp7Il9hdXRoX3VzZXJfaGFzaCI6IjFiMzAxM2Q4NzhmZGI4YTRjNTNhMjE0ZTM4YWMxNjJiMjllZWM1MDQiLCJfYXV0aF91c2VyX2JhY2tlbmQiOiJkamFuZ28uY29udHJpYi5hdXRoLmJhY2tlbmRzLk1vZGVsQmFja2VuZCIsIl9hdXRoX3VzZXJfaWQiOiI0MiJ9','2016-11-15 09:35:02.879688'),('v62kn62goqlcwnnhiwaw13pqhks1lmvs','N2I1NDE0YmRkM2RlZDJiNmM4OWI0MTY2NGUxOWQwZTk4YmYwYWJkNDp7Il9hdXRoX3VzZXJfaGFzaCI6IjFiMzAxM2Q4NzhmZGI4YTRjNTNhMjE0ZTM4YWMxNjJiMjllZWM1MDQiLCJfYXV0aF91c2VyX2JhY2tlbmQiOiJkamFuZ28uY29udHJpYi5hdXRoLmJhY2tlbmRzLk1vZGVsQmFja2VuZCIsIl9hdXRoX3VzZXJfaWQiOiI0MiJ9','2016-11-15 14:40:14.619986'),('gv2g1si5hauv82jifr379b5m7jmf2xil','YTlmYTNjZWY2NTRlNTQ1Nzg0YWY5M2RkZWJjZjRmNzgxOGZkNDAxOTp7Il9hdXRoX3VzZXJfaGFzaCI6IjlhZjA3OWIwMWUwNjA1NzQ0ZjJiNjMzOWIyN2RkZTIzY2Q5ZTQ5MzAiLCJfYXV0aF91c2VyX2JhY2tlbmQiOiJkamFuZ28uY29udHJpYi5hdXRoLmJhY2tlbmRzLk1vZGVsQmFja2VuZCIsIl9hdXRoX3VzZXJfaWQiOiIyIn0=','2016-11-10 04:19:49.109445'),('facatnbcj4adw74ztrsaa0lm6d5lxvob','MGVmMWEwZGMzYjBhMmU5YTc5NjRlYTcyYzE4ZDI1YzNhZjY4MDlkMzp7Il9hdXRoX3VzZXJfaGFzaCI6ImRiNTlkZDVkYWRmM2MwNWRhNzNlMjkzZTM3ZjRkOWJkZmIzYTgzNzAiLCJfYXV0aF91c2VyX2JhY2tlbmQiOiJkamFuZ28uY29udHJpYi5hdXRoLmJhY2tlbmRzLk1vZGVsQmFja2VuZCIsIl9hdXRoX3VzZXJfaWQiOiIzNiJ9','2016-11-07 06:15:44.503362'),('n6ovk3xzds6e09kh8007f9xvgkm02w15','ODJkZjBiZDk5MzExNTMxODk0NzM5MTlkMTcyM2JkNWEzNDM4OTFiMzp7Il9hdXRoX3VzZXJfaGFzaCI6ImQxNmY4NjM4NzM0MjU0Zjk1OGJkMjMyMjBkNzJkMTU2YjQxMDNmODEiLCJfYXV0aF91c2VyX2JhY2tlbmQiOiJkamFuZ28uY29udHJpYi5hdXRoLmJhY2tlbmRzLk1vZGVsQmFja2VuZCIsIl9hdXRoX3VzZXJfaWQiOiIzNyJ9','2016-12-23 10:56:12.071448'),('6kwk8wmxx4pql5m1hqrojeldame45qfx','ZDhjOGQxYjMxYzVhYWM3ZmE3MzNlZTA3OTM2ODMzNWU5MmFiMTM0Yzp7Il9hdXRoX3VzZXJfaGFzaCI6Ijk0ZDRjNTY3NjY3MDgyMzVlOTMwMTYwZTNiMjQ1ZmJiMjg5NjNkZTciLCJfYXV0aF91c2VyX2JhY2tlbmQiOiJkamFuZ28uY29udHJpYi5hdXRoLmJhY2tlbmRzLk1vZGVsQmFja2VuZCIsIl9hdXRoX3VzZXJfaWQiOiIzOCJ9','2016-12-03 09:36:52.255759'),('rd9qsxm1x5cv0kp92bn7xxbq7bty01w1','YzJmNTQwMGMwZTFjOTMzZjQxMTExMzI0OWYxYTcyYmVlMjM4ZWUxMTp7Il9hdXRoX3VzZXJfaGFzaCI6IjljZTJhMjAyOGJiZDc3MzVlZjgxMzExNWRhMjIxYTViN2NmODg2ZDMiLCJfYXV0aF91c2VyX2JhY2tlbmQiOiJkamFuZ28uY29udHJpYi5hdXRoLmJhY2tlbmRzLk1vZGVsQmFja2VuZCIsIl9hdXRoX3VzZXJfaWQiOiI0In0=','2016-11-24 06:35:58.835539'),('kse20isbrlny0fbzlzbto79v1s6590jj','M2ZhYzMwZjk3NjQyZDcwY2I0MjIwMzdiMDg3NDhjZWQ2OTExZjg0MDp7Il9hdXRoX3VzZXJfaGFzaCI6IjQxNzM5MDI4ZDM2YjU1MjkxMGFlYzg3MTZiZTQxNDdkNTJhZDAwNTMiLCJfYXV0aF91c2VyX2JhY2tlbmQiOiJkamFuZ28uY29udHJpYi5hdXRoLmJhY2tlbmRzLk1vZGVsQmFja2VuZCIsIl9hdXRoX3VzZXJfaWQiOiIzNCJ9','2016-12-07 07:08:53.659277'),('sha6v45gey0mgcyxviuqt9d3jq7t0jh0','NjIzYzg0YWYzMjYxNmY2YjFkZDNjNDc0MjNhMzA3M2NmOThjZTc4ODp7Il9hdXRoX3VzZXJfaGFzaCI6ImQ1YjJkYjE1OWQ4NGFlNzZiOTUxMjVlOGEzYmU3ZTNlMTczNjZjMjYiLCJfYXV0aF91c2VyX2JhY2tlbmQiOiJkamFuZ28uY29udHJpYi5hdXRoLmJhY2tlbmRzLk1vZGVsQmFja2VuZCIsIl9hdXRoX3VzZXJfaWQiOiI0NCJ9','2016-12-23 07:56:08.684997'),('nha7advza2zbp8qewvs4vynx3jmjonmy','ZDhjOGQxYjMxYzVhYWM3ZmE3MzNlZTA3OTM2ODMzNWU5MmFiMTM0Yzp7Il9hdXRoX3VzZXJfaGFzaCI6Ijk0ZDRjNTY3NjY3MDgyMzVlOTMwMTYwZTNiMjQ1ZmJiMjg5NjNkZTciLCJfYXV0aF91c2VyX2JhY2tlbmQiOiJkamFuZ28uY29udHJpYi5hdXRoLmJhY2tlbmRzLk1vZGVsQmFja2VuZCIsIl9hdXRoX3VzZXJfaWQiOiIzOCJ9','2017-02-14 03:50:25.914668'),('bz9hdd2hw5hs6e0yt0yj96efkpggmark','YTk0MzM1ZjllZmI0MGMwODlkZmYwMGJkYjQ0MDM4ODFmZmNkNWQ0ODp7fQ==','2017-01-24 04:29:13.734584'),('bu4awqynq0zse0yckyd64ae3ewn1pb6r','YTk0MzM1ZjllZmI0MGMwODlkZmYwMGJkYjQ0MDM4ODFmZmNkNWQ0ODp7fQ==','2017-01-24 04:29:14.403079'),('qzl009u843j7gi9rxx37ta9ocypfqgwh','YTk0MzM1ZjllZmI0MGMwODlkZmYwMGJkYjQ0MDM4ODFmZmNkNWQ0ODp7fQ==','2017-01-24 04:29:14.529268'),('qx7e6o6vr9gwyfngy7hym7eigllzi6v3','YTlmYTNjZWY2NTRlNTQ1Nzg0YWY5M2RkZWJjZjRmNzgxOGZkNDAxOTp7Il9hdXRoX3VzZXJfaGFzaCI6IjlhZjA3OWIwMWUwNjA1NzQ0ZjJiNjMzOWIyN2RkZTIzY2Q5ZTQ5MzAiLCJfYXV0aF91c2VyX2JhY2tlbmQiOiJkamFuZ28uY29udHJpYi5hdXRoLmJhY2tlbmRzLk1vZGVsQmFja2VuZCIsIl9hdXRoX3VzZXJfaWQiOiIyIn0=','2017-03-12 08:02:50.418704'),('bowfbyoihk6oadjguyr9dg0bvtjzfnms','YTlmYTNjZWY2NTRlNTQ1Nzg0YWY5M2RkZWJjZjRmNzgxOGZkNDAxOTp7Il9hdXRoX3VzZXJfaGFzaCI6IjlhZjA3OWIwMWUwNjA1NzQ0ZjJiNjMzOWIyN2RkZTIzY2Q5ZTQ5MzAiLCJfYXV0aF91c2VyX2JhY2tlbmQiOiJkamFuZ28uY29udHJpYi5hdXRoLmJhY2tlbmRzLk1vZGVsQmFja2VuZCIsIl9hdXRoX3VzZXJfaWQiOiIyIn0=','2017-03-12 08:02:47.931811'),('gfg2622g3vynb4flkx8qgijcvtkwgk6p','ODJkZjBiZDk5MzExNTMxODk0NzM5MTlkMTcyM2JkNWEzNDM4OTFiMzp7Il9hdXRoX3VzZXJfaGFzaCI6ImQxNmY4NjM4NzM0MjU0Zjk1OGJkMjMyMjBkNzJkMTU2YjQxMDNmODEiLCJfYXV0aF91c2VyX2JhY2tlbmQiOiJkamFuZ28uY29udHJpYi5hdXRoLmJhY2tlbmRzLk1vZGVsQmFja2VuZCIsIl9hdXRoX3VzZXJfaWQiOiIzNyJ9','2017-03-20 10:47:44.585636'),('ecf0hepiq88jkugdbyfba4u5ijqhvqz5','YzJmNTQwMGMwZTFjOTMzZjQxMTExMzI0OWYxYTcyYmVlMjM4ZWUxMTp7Il9hdXRoX3VzZXJfaGFzaCI6IjljZTJhMjAyOGJiZDc3MzVlZjgxMzExNWRhMjIxYTViN2NmODg2ZDMiLCJfYXV0aF91c2VyX2JhY2tlbmQiOiJkamFuZ28uY29udHJpYi5hdXRoLmJhY2tlbmRzLk1vZGVsQmFja2VuZCIsIl9hdXRoX3VzZXJfaWQiOiI0In0=','2017-04-06 07:12:28.346213'),('4q14mgew3dnc9rndgy9l5u3x6qdc748g','YzJmNTQwMGMwZTFjOTMzZjQxMTExMzI0OWYxYTcyYmVlMjM4ZWUxMTp7Il9hdXRoX3VzZXJfaGFzaCI6IjljZTJhMjAyOGJiZDc3MzVlZjgxMzExNWRhMjIxYTViN2NmODg2ZDMiLCJfYXV0aF91c2VyX2JhY2tlbmQiOiJkamFuZ28uY29udHJpYi5hdXRoLmJhY2tlbmRzLk1vZGVsQmFja2VuZCIsIl9hdXRoX3VzZXJfaWQiOiI0In0=','2017-04-06 07:24:45.851156'),('auz15rqemahqpcrqanl7tz7vfz2t332o','YzJmNTQwMGMwZTFjOTMzZjQxMTExMzI0OWYxYTcyYmVlMjM4ZWUxMTp7Il9hdXRoX3VzZXJfaGFzaCI6IjljZTJhMjAyOGJiZDc3MzVlZjgxMzExNWRhMjIxYTViN2NmODg2ZDMiLCJfYXV0aF91c2VyX2JhY2tlbmQiOiJkamFuZ28uY29udHJpYi5hdXRoLmJhY2tlbmRzLk1vZGVsQmFja2VuZCIsIl9hdXRoX3VzZXJfaWQiOiI0In0=','2017-04-06 09:39:42.682938'),('gbvd5pbhs1ab22opa100i9isvisgm096','YTk0MzM1ZjllZmI0MGMwODlkZmYwMGJkYjQ0MDM4ODFmZmNkNWQ0ODp7fQ==','2017-04-06 09:39:09.726981'),('6tdesqbjq89jccbyeo0rophsgzq1okuw','YTk0MzM1ZjllZmI0MGMwODlkZmYwMGJkYjQ0MDM4ODFmZmNkNWQ0ODp7fQ==','2017-04-06 09:39:43.224298'),('atxno6khwfdvnek4sd0h8ld1u1zb9a92','YTk0MzM1ZjllZmI0MGMwODlkZmYwMGJkYjQ0MDM4ODFmZmNkNWQ0ODp7fQ==','2017-04-06 09:39:49.871606'),('ecguxgpcotdh1ueur058bd951zvs5ye5','YTk0MzM1ZjllZmI0MGMwODlkZmYwMGJkYjQ0MDM4ODFmZmNkNWQ0ODp7fQ==','2017-04-06 09:39:51.704240'),('t6u9ds5i3ramrdk7c9vrcoukrj0mgjnw','Y2Q1ZjNkNjM4ZjRiOWY1OTExZTNmMDk5NDFiNGIyYzM3OTFkYjg5Mjp7Il9hdXRoX3VzZXJfaGFzaCI6ImQ1NDkyZjQ3MWZiNDYwNjllZDQxZDNkZmZmZjg3NTQ1MzM2NGExYTQiLCJfYXV0aF91c2VyX2JhY2tlbmQiOiJkamFuZ28uY29udHJpYi5hdXRoLmJhY2tlbmRzLk1vZGVsQmFja2VuZCIsIl9hdXRoX3VzZXJfaWQiOiIzNCJ9','2017-04-07 05:16:53.572696'),('8ybvci9bkcshfsfo3bie6v2i477wiq2k','YzJmNTQwMGMwZTFjOTMzZjQxMTExMzI0OWYxYTcyYmVlMjM4ZWUxMTp7Il9hdXRoX3VzZXJfaGFzaCI6IjljZTJhMjAyOGJiZDc3MzVlZjgxMzExNWRhMjIxYTViN2NmODg2ZDMiLCJfYXV0aF91c2VyX2JhY2tlbmQiOiJkamFuZ28uY29udHJpYi5hdXRoLmJhY2tlbmRzLk1vZGVsQmFja2VuZCIsIl9hdXRoX3VzZXJfaWQiOiI0In0=','2017-04-07 10:57:38.147631'),('s0kjqgzwaeb8i67rgg6veq4inpw5cayi','YzJmNTQwMGMwZTFjOTMzZjQxMTExMzI0OWYxYTcyYmVlMjM4ZWUxMTp7Il9hdXRoX3VzZXJfaGFzaCI6IjljZTJhMjAyOGJiZDc3MzVlZjgxMzExNWRhMjIxYTViN2NmODg2ZDMiLCJfYXV0aF91c2VyX2JhY2tlbmQiOiJkamFuZ28uY29udHJpYi5hdXRoLmJhY2tlbmRzLk1vZGVsQmFja2VuZCIsIl9hdXRoX3VzZXJfaWQiOiI0In0=','2017-04-07 10:57:44.378006'),('lvp0dsy2rrwbkgno9ba4zko87evp2t54','YzJmNTQwMGMwZTFjOTMzZjQxMTExMzI0OWYxYTcyYmVlMjM4ZWUxMTp7Il9hdXRoX3VzZXJfaGFzaCI6IjljZTJhMjAyOGJiZDc3MzVlZjgxMzExNWRhMjIxYTViN2NmODg2ZDMiLCJfYXV0aF91c2VyX2JhY2tlbmQiOiJkamFuZ28uY29udHJpYi5hdXRoLmJhY2tlbmRzLk1vZGVsQmFja2VuZCIsIl9hdXRoX3VzZXJfaWQiOiI0In0=','2017-04-07 10:57:44.310473'),('0erscbnww82d2rjs6hx8ehezmjosso1n','YzJmNTQwMGMwZTFjOTMzZjQxMTExMzI0OWYxYTcyYmVlMjM4ZWUxMTp7Il9hdXRoX3VzZXJfaGFzaCI6IjljZTJhMjAyOGJiZDc3MzVlZjgxMzExNWRhMjIxYTViN2NmODg2ZDMiLCJfYXV0aF91c2VyX2JhY2tlbmQiOiJkamFuZ28uY29udHJpYi5hdXRoLmJhY2tlbmRzLk1vZGVsQmFja2VuZCIsIl9hdXRoX3VzZXJfaWQiOiI0In0=','2017-04-07 10:57:44.458523'),('z2la0wmy7mihkj8cp0qhj0ayftgdxjkx','YzJmNTQwMGMwZTFjOTMzZjQxMTExMzI0OWYxYTcyYmVlMjM4ZWUxMTp7Il9hdXRoX3VzZXJfaGFzaCI6IjljZTJhMjAyOGJiZDc3MzVlZjgxMzExNWRhMjIxYTViN2NmODg2ZDMiLCJfYXV0aF91c2VyX2JhY2tlbmQiOiJkamFuZ28uY29udHJpYi5hdXRoLmJhY2tlbmRzLk1vZGVsQmFja2VuZCIsIl9hdXRoX3VzZXJfaWQiOiI0In0=','2017-04-07 10:57:44.955604'),('mf6xtb50xys2gbf89iyiyqo0qh76o4sb','YzJmNTQwMGMwZTFjOTMzZjQxMTExMzI0OWYxYTcyYmVlMjM4ZWUxMTp7Il9hdXRoX3VzZXJfaGFzaCI6IjljZTJhMjAyOGJiZDc3MzVlZjgxMzExNWRhMjIxYTViN2NmODg2ZDMiLCJfYXV0aF91c2VyX2JhY2tlbmQiOiJkamFuZ28uY29udHJpYi5hdXRoLmJhY2tlbmRzLk1vZGVsQmFja2VuZCIsIl9hdXRoX3VzZXJfaWQiOiI0In0=','2017-04-07 10:57:45.465980'),('7gqk9qvcbkeqj9yuqm6xmcjzap8gs1hy','YzJmNTQwMGMwZTFjOTMzZjQxMTExMzI0OWYxYTcyYmVlMjM4ZWUxMTp7Il9hdXRoX3VzZXJfaGFzaCI6IjljZTJhMjAyOGJiZDc3MzVlZjgxMzExNWRhMjIxYTViN2NmODg2ZDMiLCJfYXV0aF91c2VyX2JhY2tlbmQiOiJkamFuZ28uY29udHJpYi5hdXRoLmJhY2tlbmRzLk1vZGVsQmFja2VuZCIsIl9hdXRoX3VzZXJfaWQiOiI0In0=','2017-04-07 10:57:49.464470'),('dtyz8n1ymx9e4n27dw9tmyazd73gtxoh','YzJmNTQwMGMwZTFjOTMzZjQxMTExMzI0OWYxYTcyYmVlMjM4ZWUxMTp7Il9hdXRoX3VzZXJfaGFzaCI6IjljZTJhMjAyOGJiZDc3MzVlZjgxMzExNWRhMjIxYTViN2NmODg2ZDMiLCJfYXV0aF91c2VyX2JhY2tlbmQiOiJkamFuZ28uY29udHJpYi5hdXRoLmJhY2tlbmRzLk1vZGVsQmFja2VuZCIsIl9hdXRoX3VzZXJfaWQiOiI0In0=','2017-04-07 10:58:27.832428'),('as5nnjqbse057afa4icb0huqlo1yg7fg','YzJmNTQwMGMwZTFjOTMzZjQxMTExMzI0OWYxYTcyYmVlMjM4ZWUxMTp7Il9hdXRoX3VzZXJfaGFzaCI6IjljZTJhMjAyOGJiZDc3MzVlZjgxMzExNWRhMjIxYTViN2NmODg2ZDMiLCJfYXV0aF91c2VyX2JhY2tlbmQiOiJkamFuZ28uY29udHJpYi5hdXRoLmJhY2tlbmRzLk1vZGVsQmFja2VuZCIsIl9hdXRoX3VzZXJfaWQiOiI0In0=','2017-04-07 10:58:29.748475'),('k4fcsnfhuzz4gl9ovl4917o1l154uwqm','YzJmNTQwMGMwZTFjOTMzZjQxMTExMzI0OWYxYTcyYmVlMjM4ZWUxMTp7Il9hdXRoX3VzZXJfaGFzaCI6IjljZTJhMjAyOGJiZDc3MzVlZjgxMzExNWRhMjIxYTViN2NmODg2ZDMiLCJfYXV0aF91c2VyX2JhY2tlbmQiOiJkamFuZ28uY29udHJpYi5hdXRoLmJhY2tlbmRzLk1vZGVsQmFja2VuZCIsIl9hdXRoX3VzZXJfaWQiOiI0In0=','2017-04-07 10:58:30.453856'),('hcw9h49yrq8gsh56a7utnh1p4nquigec','YzJmNTQwMGMwZTFjOTMzZjQxMTExMzI0OWYxYTcyYmVlMjM4ZWUxMTp7Il9hdXRoX3VzZXJfaGFzaCI6IjljZTJhMjAyOGJiZDc3MzVlZjgxMzExNWRhMjIxYTViN2NmODg2ZDMiLCJfYXV0aF91c2VyX2JhY2tlbmQiOiJkamFuZ28uY29udHJpYi5hdXRoLmJhY2tlbmRzLk1vZGVsQmFja2VuZCIsIl9hdXRoX3VzZXJfaWQiOiI0In0=','2017-04-07 10:58:31.578429'),('ciiyiofm8go88gxjrk48mz89mjb8h16c','YzJmNTQwMGMwZTFjOTMzZjQxMTExMzI0OWYxYTcyYmVlMjM4ZWUxMTp7Il9hdXRoX3VzZXJfaGFzaCI6IjljZTJhMjAyOGJiZDc3MzVlZjgxMzExNWRhMjIxYTViN2NmODg2ZDMiLCJfYXV0aF91c2VyX2JhY2tlbmQiOiJkamFuZ28uY29udHJpYi5hdXRoLmJhY2tlbmRzLk1vZGVsQmFja2VuZCIsIl9hdXRoX3VzZXJfaWQiOiI0In0=','2017-04-07 10:58:40.556098'),('efndagtjs5ixxw1q6ko56kg701h3gd9m','YzJmNTQwMGMwZTFjOTMzZjQxMTExMzI0OWYxYTcyYmVlMjM4ZWUxMTp7Il9hdXRoX3VzZXJfaGFzaCI6IjljZTJhMjAyOGJiZDc3MzVlZjgxMzExNWRhMjIxYTViN2NmODg2ZDMiLCJfYXV0aF91c2VyX2JhY2tlbmQiOiJkamFuZ28uY29udHJpYi5hdXRoLmJhY2tlbmRzLk1vZGVsQmFja2VuZCIsIl9hdXRoX3VzZXJfaWQiOiI0In0=','2017-04-07 10:58:42.876665'),('niznkk290nhl946gblfwjy2wcqgabdj1','YzJmNTQwMGMwZTFjOTMzZjQxMTExMzI0OWYxYTcyYmVlMjM4ZWUxMTp7Il9hdXRoX3VzZXJfaGFzaCI6IjljZTJhMjAyOGJiZDc3MzVlZjgxMzExNWRhMjIxYTViN2NmODg2ZDMiLCJfYXV0aF91c2VyX2JhY2tlbmQiOiJkamFuZ28uY29udHJpYi5hdXRoLmJhY2tlbmRzLk1vZGVsQmFja2VuZCIsIl9hdXRoX3VzZXJfaWQiOiI0In0=','2017-04-07 10:58:40.555522'),('ttzcvd6aft63fytt4rbod5gi1ht1stas','YzJmNTQwMGMwZTFjOTMzZjQxMTExMzI0OWYxYTcyYmVlMjM4ZWUxMTp7Il9hdXRoX3VzZXJfaGFzaCI6IjljZTJhMjAyOGJiZDc3MzVlZjgxMzExNWRhMjIxYTViN2NmODg2ZDMiLCJfYXV0aF91c2VyX2JhY2tlbmQiOiJkamFuZ28uY29udHJpYi5hdXRoLmJhY2tlbmRzLk1vZGVsQmFja2VuZCIsIl9hdXRoX3VzZXJfaWQiOiI0In0=','2017-04-07 10:58:40.575983'),('c29osgaoaxykh79cf3ak9g1nvb5qu14p','YzJmNTQwMGMwZTFjOTMzZjQxMTExMzI0OWYxYTcyYmVlMjM4ZWUxMTp7Il9hdXRoX3VzZXJfaGFzaCI6IjljZTJhMjAyOGJiZDc3MzVlZjgxMzExNWRhMjIxYTViN2NmODg2ZDMiLCJfYXV0aF91c2VyX2JhY2tlbmQiOiJkamFuZ28uY29udHJpYi5hdXRoLmJhY2tlbmRzLk1vZGVsQmFja2VuZCIsIl9hdXRoX3VzZXJfaWQiOiI0In0=','2017-04-07 10:58:43.564628'),('mbaf5yq9l548bgk0wz7ha4fgo7zr6fcj','YWRlZDY3NzA2ZGIwNTQwNjBkNWEyYWE4ZmE5MDU3YWQ0NTUxZTdlZjp7Il9hdXRoX3VzZXJfaGFzaCI6IjI3ZGQ1ZmFmNzMwZGQxZDdlY2M0MzAwMmFjNmEyYjlhY2MyYWJlYjciLCJfYXV0aF91c2VyX2JhY2tlbmQiOiJkamFuZ28uY29udHJpYi5hdXRoLmJhY2tlbmRzLk1vZGVsQmFja2VuZCIsIl9hdXRoX3VzZXJfaWQiOiIzOCJ9','2017-04-07 11:36:02.958480'),('qxmb0t88j0coz37cm2hrqek23yvsvu4u','YWRlZDY3NzA2ZGIwNTQwNjBkNWEyYWE4ZmE5MDU3YWQ0NTUxZTdlZjp7Il9hdXRoX3VzZXJfaGFzaCI6IjI3ZGQ1ZmFmNzMwZGQxZDdlY2M0MzAwMmFjNmEyYjlhY2MyYWJlYjciLCJfYXV0aF91c2VyX2JhY2tlbmQiOiJkamFuZ28uY29udHJpYi5hdXRoLmJhY2tlbmRzLk1vZGVsQmFja2VuZCIsIl9hdXRoX3VzZXJfaWQiOiIzOCJ9','2017-04-07 11:56:06.568928'),('o1tbz5z3eotupx13atfw9e84m3gdbzpz','ZGExNDE4MzEwZTIwMDY4YTYwNmE5NzE0YTMxYjY4YzgyY2Q2ZGM1MDp7Il9hdXRoX3VzZXJfaGFzaCI6ImVlNzY2OTcyODI0MjNjNGRmZmI5NmZkNzA5YzYxY2IzZWJkMGZjM2QiLCJfYXV0aF91c2VyX2JhY2tlbmQiOiJkamFuZ28uY29udHJpYi5hdXRoLmJhY2tlbmRzLk1vZGVsQmFja2VuZCIsIl9hdXRoX3VzZXJfaWQiOiIzNiJ9','2017-04-08 03:46:00.177497'),('9ex91nsq5e4emc7pu5unbzmhrlein153','ZWJmYTRlNGE1YmM5MTcwNTcwZDkwNzc0NDU2ODdjNGFlOGZlZDUxMTp7Il9hdXRoX3VzZXJfaGFzaCI6ImFhYWUzZDM3ZmE0YjdhZTM3MGY2NDliNjZjYjMxOGE1NzA1MzUzM2YiLCJfYXV0aF91c2VyX2lkIjoiNTYiLCJfYXV0aF91c2VyX2JhY2tlbmQiOiJkamFuZ28uY29udHJpYi5hdXRoLmJhY2tlbmRzLk1vZGVsQmFja2VuZCJ9','2017-04-08 13:07:01.300201'),('7zdoo3waalg5e5s2v8465r5ubr481fi4','YjY1MjczZTcxYWQ2YTVjMDYyMjg4YWYxZWIwMTJlNmEyNDhhYjUxNDp7Il9hdXRoX3VzZXJfaGFzaCI6IjNmNjYzYjAyYzNjMDY2NzdlNTc3MmQyOWVkZWZhNDA2ZTI0MGQ1OGQiLCJfYXV0aF91c2VyX2JhY2tlbmQiOiJkamFuZ28uY29udHJpYi5hdXRoLmJhY2tlbmRzLk1vZGVsQmFja2VuZCIsIl9hdXRoX3VzZXJfaWQiOiI1NCJ9','2017-04-11 06:37:57.643756'),('h4tf3t2qn46kyerjn1c1wjjghjz28qlf','MWY4ZWIwYjE4M2JhNjJiMjkzZmEzMzYxYWJjOTg1YWMzZDFjMjQwNTp7Il9hdXRoX3VzZXJfaGFzaCI6ImU4NzlmNDQ1MjFiNjY3MGZmYjM3NGVlZjQ3NmYwZDJkNmMzYmJlZTEiLCJfYXV0aF91c2VyX2JhY2tlbmQiOiJkamFuZ28uY29udHJpYi5hdXRoLmJhY2tlbmRzLk1vZGVsQmFja2VuZCIsIl9hdXRoX3VzZXJfaWQiOiI0NSJ9','2017-04-14 10:31:50.616403'),('hi86qrf55upj872xr659upqnbjcz8wxk','YTM5OGIwZjllOGE3Y2YxZjI4YmNmYWY4ZThmZDI3OTI0YzZmMmJhZTp7Il9hdXRoX3VzZXJfaGFzaCI6IjY0ZjNhMjM5YzhmMmVhMWY3OTA5MmMzMjQzN2RmNjM2NTJiNWQ3YTUiLCJfYXV0aF91c2VyX2JhY2tlbmQiOiJkamFuZ28uY29udHJpYi5hdXRoLmJhY2tlbmRzLk1vZGVsQmFja2VuZCIsIl9hdXRoX3VzZXJfaWQiOiI0MSJ9','2017-04-15 06:13:35.735995'),('nyb2x8t8iljvx2vvmxank26abn4ryyw7','YTlmYTNjZWY2NTRlNTQ1Nzg0YWY5M2RkZWJjZjRmNzgxOGZkNDAxOTp7Il9hdXRoX3VzZXJfaGFzaCI6IjlhZjA3OWIwMWUwNjA1NzQ0ZjJiNjMzOWIyN2RkZTIzY2Q5ZTQ5MzAiLCJfYXV0aF91c2VyX2JhY2tlbmQiOiJkamFuZ28uY29udHJpYi5hdXRoLmJhY2tlbmRzLk1vZGVsQmFja2VuZCIsIl9hdXRoX3VzZXJfaWQiOiIyIn0=','2017-12-20 11:15:17.311221'),('v0vzc8695hhes9v6oapuvnyozgzifrn2','NTAwZDI5YjEyNmM2OGY2YTAzNDI0NDFmYWRkMDhmZDAxNWVhYmY3YTp7Il9hdXRoX3VzZXJfaGFzaCI6ImJhOTcwMTJiMmE3NmE1MDQxNTY2MjZlMGM2OWEyNDVmZTA1MzUyY2EiLCJfYXV0aF91c2VyX2JhY2tlbmQiOiJkamFuZ28uY29udHJpYi5hdXRoLmJhY2tlbmRzLk1vZGVsQmFja2VuZCIsIl9hdXRoX3VzZXJfaWQiOiIxIn0=','2017-12-20 10:49:14.138697'),('81hdfrwjamup3l4n64tdqqbsv0ujguef','N2QwOTM0ZWU2NTYzMzRmM2JkMWUwMWE2MDIwZTdmNzA1YjU0M2QwODp7Il9hdXRoX3VzZXJfaGFzaCI6ImYxN2RhYTUxM2NmMjMyYTM0NjBkNzg4ZTJiYjEwYWJlNGQzNTAzZTUiLCJfYXV0aF91c2VyX2lkIjoiNTgiLCJfYXV0aF91c2VyX2JhY2tlbmQiOiJkamFuZ28uY29udHJpYi5hdXRoLmJhY2tlbmRzLk1vZGVsQmFja2VuZCJ9','2017-12-20 17:27:36.488315'),('rrhnuiun7ff4q4a5c4fomtnl29slta58','YTlmYTNjZWY2NTRlNTQ1Nzg0YWY5M2RkZWJjZjRmNzgxOGZkNDAxOTp7Il9hdXRoX3VzZXJfaGFzaCI6IjlhZjA3OWIwMWUwNjA1NzQ0ZjJiNjMzOWIyN2RkZTIzY2Q5ZTQ5MzAiLCJfYXV0aF91c2VyX2JhY2tlbmQiOiJkamFuZ28uY29udHJpYi5hdXRoLmJhY2tlbmRzLk1vZGVsQmFja2VuZCIsIl9hdXRoX3VzZXJfaWQiOiIyIn0=','2017-12-20 17:40:08.830059'),('bjw1azp817jmhq9pah9spj73tecoufy2','NWY2ODk3MzBmNTdmNTJmYzQwYzBmYjliMTY5OGE1YWQ3ZWU1NDFhMDp7Il9hdXRoX3VzZXJfaGFzaCI6IjY2ZWZkZmViNTFmMmM0MTRmNzNjMTM5Njg1ZjUzODg3OTk2ZmZiZTEiLCJfYXV0aF91c2VyX2JhY2tlbmQiOiJkamFuZ28uY29udHJpYi5hdXRoLmJhY2tlbmRzLk1vZGVsQmFja2VuZCIsIl9hdXRoX3VzZXJfaWQiOiI1NyJ9','2017-12-20 15:46:41.528596'),('gn1c1xosfpoentw9zyid2q12f035ekjb','MjU3NWJhMWFmMWJmYmQxMDdjMTI3NzBhZmY4YmE5ZGQ2MDU3MGQ2YTp7Il9hdXRoX3VzZXJfaGFzaCI6IjA3NTMxNWMyMjYxNDZlYzdjYjBlODA2MGUyY2RlMDI3ODQ3ZjQyMTgiLCJfYXV0aF91c2VyX2JhY2tlbmQiOiJkamFuZ28uY29udHJpYi5hdXRoLmJhY2tlbmRzLk1vZGVsQmFja2VuZCIsIl9hdXRoX3VzZXJfaWQiOiI2NiJ9','2017-12-26 13:00:13.648539'),('qrfpfsnsc1gkfsq4i61ad7l1vee547f9','N2ViYzUzMDVmY2MwZjA1MzY4OTQ2ZjIxMjM4NzRmZThkYjE4ZjZkODp7Il9hdXRoX3VzZXJfaGFzaCI6ImI0ZjFiOGY0NDI0MmUwYjM0YzI0MTNjNDdkNGQyNzE5MzhkMTIzMWMiLCJfYXV0aF91c2VyX2JhY2tlbmQiOiJkamFuZ28uY29udHJpYi5hdXRoLmJhY2tlbmRzLk1vZGVsQmFja2VuZCIsIl9hdXRoX3VzZXJfaWQiOiI1NyJ9','2017-12-22 08:42:38.877874'),('l24abtk6dndnk4wvcwlnc5brw0z8lodv','ZmJmOGUyZjA4NzM3NzA0MDMxOTI1NjI4NmRjYmFjOWVmN2Y5YzhkNTp7Il9hdXRoX3VzZXJfaGFzaCI6IjI5NjliOWRlZjk3OWYwZWViN2M1MGFmYWQwNjU5MjBkNGFjMTE5MzEiLCJfYXV0aF91c2VyX2JhY2tlbmQiOiJkamFuZ28uY29udHJpYi5hdXRoLmJhY2tlbmRzLk1vZGVsQmFja2VuZCIsIl9hdXRoX3VzZXJfaWQiOiI2NSJ9','2017-12-27 04:49:11.449256'),('drm7hp16crph1zo83vz3gacelinp109v','NzEyYTE2MjZjOWRkN2Y4NmQ0ZGM2OGM2NDE3NmVjNTEzZmVlYmQwNzp7Il9hdXRoX3VzZXJfaGFzaCI6IjVlMTYzNGZmNDlhNDUyNWZjOTUxNmQ3ZmY3NjRmNGZiZmY4Y2I2Y2QiLCJfYXV0aF91c2VyX2lkIjoiNTkiLCJfYXV0aF91c2VyX2JhY2tlbmQiOiJkamFuZ28uY29udHJpYi5hdXRoLmJhY2tlbmRzLk1vZGVsQmFja2VuZCJ9','2017-12-23 09:02:44.296160'),('7vxk2gs7punhnhcii5i5yguxdtdcs1kn','MjU3NWJhMWFmMWJmYmQxMDdjMTI3NzBhZmY4YmE5ZGQ2MDU3MGQ2YTp7Il9hdXRoX3VzZXJfaGFzaCI6IjA3NTMxNWMyMjYxNDZlYzdjYjBlODA2MGUyY2RlMDI3ODQ3ZjQyMTgiLCJfYXV0aF91c2VyX2JhY2tlbmQiOiJkamFuZ28uY29udHJpYi5hdXRoLmJhY2tlbmRzLk1vZGVsQmFja2VuZCIsIl9hdXRoX3VzZXJfaWQiOiI2NiJ9','2017-12-26 11:35:06.982934'),('yzqu6cilgk63cl5wttp43auiqcnw72oy','ZmJmOGUyZjA4NzM3NzA0MDMxOTI1NjI4NmRjYmFjOWVmN2Y5YzhkNTp7Il9hdXRoX3VzZXJfaGFzaCI6IjI5NjliOWRlZjk3OWYwZWViN2M1MGFmYWQwNjU5MjBkNGFjMTE5MzEiLCJfYXV0aF91c2VyX2JhY2tlbmQiOiJkamFuZ28uY29udHJpYi5hdXRoLmJhY2tlbmRzLk1vZGVsQmFja2VuZCIsIl9hdXRoX3VzZXJfaWQiOiI2NSJ9','2017-12-23 09:16:22.818150'),('p1feojeoqs7wfemhfqt2jz23diaqfoas','OTkwMzRkYzIyNWIwOTQzZGIzM2NkM2M5OTJiN2FkOGMxNTQ2YzQ1Yzp7Il9hdXRoX3VzZXJfaGFzaCI6ImRlN2E2NTkzZTA0MjU0NTk1NmQyYjIzZGIzZTEyZmZjYWUxMmEyOTMiLCJfYXV0aF91c2VyX2JhY2tlbmQiOiJkamFuZ28uY29udHJpYi5hdXRoLmJhY2tlbmRzLk1vZGVsQmFja2VuZCIsIl9hdXRoX3VzZXJfaWQiOiI1NyJ9','2017-12-26 05:18:39.700578'),('vhcpdluxpdaoqku9baokt1l9ipqclxdj','NGU3ZWUzYjM4ODlkNDgwNjFlZTE0NTlmNjc4ZDk4NmFiNzQ3YjZmZTp7Il9hdXRoX3VzZXJfaGFzaCI6IjcyZWIyYzAxYmFkMTI4N2MzY2U1NmZiMTZiMmZlOGNiODIxM2RlOTQiLCJfYXV0aF91c2VyX2JhY2tlbmQiOiJkamFuZ28uY29udHJpYi5hdXRoLmJhY2tlbmRzLk1vZGVsQmFja2VuZCIsIl9hdXRoX3VzZXJfaWQiOiI2OCJ9','2017-12-23 09:17:44.821985'),('gvh0bco8lnfrc2u9if163lzzddyurm6c','MjU3NWJhMWFmMWJmYmQxMDdjMTI3NzBhZmY4YmE5ZGQ2MDU3MGQ2YTp7Il9hdXRoX3VzZXJfaGFzaCI6IjA3NTMxNWMyMjYxNDZlYzdjYjBlODA2MGUyY2RlMDI3ODQ3ZjQyMTgiLCJfYXV0aF91c2VyX2JhY2tlbmQiOiJkamFuZ28uY29udHJpYi5hdXRoLmJhY2tlbmRzLk1vZGVsQmFja2VuZCIsIl9hdXRoX3VzZXJfaWQiOiI2NiJ9','2017-12-26 13:00:11.660603'),('54tmdcalfdyadyb15xuwqycx38adie8s','MWNiZjg1ZWYwN2YzNTk1ODFjYmRjMzVlNTUxNWE5YzI1ZjUzMjJkNzp7Il9hdXRoX3VzZXJfaGFzaCI6ImQyZTg0NDY4MTlhN2FkZjZlMGY2ODQ2ZTJiZGE0YTg3NDEzMTY5YmIiLCJfYXV0aF91c2VyX2JhY2tlbmQiOiJkamFuZ28uY29udHJpYi5hdXRoLmJhY2tlbmRzLk1vZGVsQmFja2VuZCIsIl9hdXRoX3VzZXJfaWQiOiI2MiJ9','2017-12-26 13:03:20.487334'),('6hlqx4998s3p4wr5q8m1b2n073dp8flp','MjU3NWJhMWFmMWJmYmQxMDdjMTI3NzBhZmY4YmE5ZGQ2MDU3MGQ2YTp7Il9hdXRoX3VzZXJfaGFzaCI6IjA3NTMxNWMyMjYxNDZlYzdjYjBlODA2MGUyY2RlMDI3ODQ3ZjQyMTgiLCJfYXV0aF91c2VyX2JhY2tlbmQiOiJkamFuZ28uY29udHJpYi5hdXRoLmJhY2tlbmRzLk1vZGVsQmFja2VuZCIsIl9hdXRoX3VzZXJfaWQiOiI2NiJ9','2017-12-27 13:32:48.764794'),('uq4knqveyt6xdkf7nri9cfyrxnoulbwy','MWNiZjg1ZWYwN2YzNTk1ODFjYmRjMzVlNTUxNWE5YzI1ZjUzMjJkNzp7Il9hdXRoX3VzZXJfaGFzaCI6ImQyZTg0NDY4MTlhN2FkZjZlMGY2ODQ2ZTJiZGE0YTg3NDEzMTY5YmIiLCJfYXV0aF91c2VyX2JhY2tlbmQiOiJkamFuZ28uY29udHJpYi5hdXRoLmJhY2tlbmRzLk1vZGVsQmFja2VuZCIsIl9hdXRoX3VzZXJfaWQiOiI2MiJ9','2017-12-26 17:01:50.186886'),('pkyhc54lufvu8veoa2o44xbtpaikfibn','MWNiZjg1ZWYwN2YzNTk1ODFjYmRjMzVlNTUxNWE5YzI1ZjUzMjJkNzp7Il9hdXRoX3VzZXJfaGFzaCI6ImQyZTg0NDY4MTlhN2FkZjZlMGY2ODQ2ZTJiZGE0YTg3NDEzMTY5YmIiLCJfYXV0aF91c2VyX2JhY2tlbmQiOiJkamFuZ28uY29udHJpYi5hdXRoLmJhY2tlbmRzLk1vZGVsQmFja2VuZCIsIl9hdXRoX3VzZXJfaWQiOiI2MiJ9','2017-12-28 17:45:27.220509'),('au5ln0qqd1ql1d0gvgwzogcy5pknjjsj','NGU3ZWUzYjM4ODlkNDgwNjFlZTE0NTlmNjc4ZDk4NmFiNzQ3YjZmZTp7Il9hdXRoX3VzZXJfaGFzaCI6IjcyZWIyYzAxYmFkMTI4N2MzY2U1NmZiMTZiMmZlOGNiODIxM2RlOTQiLCJfYXV0aF91c2VyX2JhY2tlbmQiOiJkamFuZ28uY29udHJpYi5hdXRoLmJhY2tlbmRzLk1vZGVsQmFja2VuZCIsIl9hdXRoX3VzZXJfaWQiOiI2OCJ9','2017-12-29 11:13:22.290400'),('hmizmgha74yxsxqo8v0oacmvcmrqnule','MWNiZjg1ZWYwN2YzNTk1ODFjYmRjMzVlNTUxNWE5YzI1ZjUzMjJkNzp7Il9hdXRoX3VzZXJfaGFzaCI6ImQyZTg0NDY4MTlhN2FkZjZlMGY2ODQ2ZTJiZGE0YTg3NDEzMTY5YmIiLCJfYXV0aF91c2VyX2JhY2tlbmQiOiJkamFuZ28uY29udHJpYi5hdXRoLmJhY2tlbmRzLk1vZGVsQmFja2VuZCIsIl9hdXRoX3VzZXJfaWQiOiI2MiJ9','2017-12-29 14:49:34.439655'),('gs4fj5nx92n34pb39mhq5j82m5tbiw54','MWNiZjg1ZWYwN2YzNTk1ODFjYmRjMzVlNTUxNWE5YzI1ZjUzMjJkNzp7Il9hdXRoX3VzZXJfaGFzaCI6ImQyZTg0NDY4MTlhN2FkZjZlMGY2ODQ2ZTJiZGE0YTg3NDEzMTY5YmIiLCJfYXV0aF91c2VyX2JhY2tlbmQiOiJkamFuZ28uY29udHJpYi5hdXRoLmJhY2tlbmRzLk1vZGVsQmFja2VuZCIsIl9hdXRoX3VzZXJfaWQiOiI2MiJ9','2017-12-30 06:28:39.332369'),('wynvjj0tdofm4h4lvvysub0bxdy6qoc4','MWNiZjg1ZWYwN2YzNTk1ODFjYmRjMzVlNTUxNWE5YzI1ZjUzMjJkNzp7Il9hdXRoX3VzZXJfaGFzaCI6ImQyZTg0NDY4MTlhN2FkZjZlMGY2ODQ2ZTJiZGE0YTg3NDEzMTY5YmIiLCJfYXV0aF91c2VyX2JhY2tlbmQiOiJkamFuZ28uY29udHJpYi5hdXRoLmJhY2tlbmRzLk1vZGVsQmFja2VuZCIsIl9hdXRoX3VzZXJfaWQiOiI2MiJ9','2017-12-30 20:28:37.577025'),('7dt1kwi2ejyaw5h8b4r2hqw2vcboyylq','MWNiZjg1ZWYwN2YzNTk1ODFjYmRjMzVlNTUxNWE5YzI1ZjUzMjJkNzp7Il9hdXRoX3VzZXJfaGFzaCI6ImQyZTg0NDY4MTlhN2FkZjZlMGY2ODQ2ZTJiZGE0YTg3NDEzMTY5YmIiLCJfYXV0aF91c2VyX2JhY2tlbmQiOiJkamFuZ28uY29udHJpYi5hdXRoLmJhY2tlbmRzLk1vZGVsQmFja2VuZCIsIl9hdXRoX3VzZXJfaWQiOiI2MiJ9','2018-01-01 15:13:43.425340'),('d5l9sf9ntxtajm7tehv566r02lfzj99n','MWNiZjg1ZWYwN2YzNTk1ODFjYmRjMzVlNTUxNWE5YzI1ZjUzMjJkNzp7Il9hdXRoX3VzZXJfaGFzaCI6ImQyZTg0NDY4MTlhN2FkZjZlMGY2ODQ2ZTJiZGE0YTg3NDEzMTY5YmIiLCJfYXV0aF91c2VyX2JhY2tlbmQiOiJkamFuZ28uY29udHJpYi5hdXRoLmJhY2tlbmRzLk1vZGVsQmFja2VuZCIsIl9hdXRoX3VzZXJfaWQiOiI2MiJ9','2018-01-03 14:42:55.417379'),('ztjdf1lp2cs9jxlcdqkk9tn7k5oat2qg','MWNiZjg1ZWYwN2YzNTk1ODFjYmRjMzVlNTUxNWE5YzI1ZjUzMjJkNzp7Il9hdXRoX3VzZXJfaGFzaCI6ImQyZTg0NDY4MTlhN2FkZjZlMGY2ODQ2ZTJiZGE0YTg3NDEzMTY5YmIiLCJfYXV0aF91c2VyX2JhY2tlbmQiOiJkamFuZ28uY29udHJpYi5hdXRoLmJhY2tlbmRzLk1vZGVsQmFja2VuZCIsIl9hdXRoX3VzZXJfaWQiOiI2MiJ9','2018-01-02 14:17:30.029837'),('rk0i0bpxoeke2k5lgyngwp2mdjhpo6ag','MWNiZjg1ZWYwN2YzNTk1ODFjYmRjMzVlNTUxNWE5YzI1ZjUzMjJkNzp7Il9hdXRoX3VzZXJfaGFzaCI6ImQyZTg0NDY4MTlhN2FkZjZlMGY2ODQ2ZTJiZGE0YTg3NDEzMTY5YmIiLCJfYXV0aF91c2VyX2JhY2tlbmQiOiJkamFuZ28uY29udHJpYi5hdXRoLmJhY2tlbmRzLk1vZGVsQmFja2VuZCIsIl9hdXRoX3VzZXJfaWQiOiI2MiJ9','2018-01-04 04:54:43.832879'),('kgtgi8he1hukrytagd57lr5xsytxiqp0','MjU3NWJhMWFmMWJmYmQxMDdjMTI3NzBhZmY4YmE5ZGQ2MDU3MGQ2YTp7Il9hdXRoX3VzZXJfaGFzaCI6IjA3NTMxNWMyMjYxNDZlYzdjYjBlODA2MGUyY2RlMDI3ODQ3ZjQyMTgiLCJfYXV0aF91c2VyX2JhY2tlbmQiOiJkamFuZ28uY29udHJpYi5hdXRoLmJhY2tlbmRzLk1vZGVsQmFja2VuZCIsIl9hdXRoX3VzZXJfaWQiOiI2NiJ9','2018-01-04 12:13:49.467923'),('oyk3et0fmkbt51r3v7sy8ha41ycu5m1n','MWNiZjg1ZWYwN2YzNTk1ODFjYmRjMzVlNTUxNWE5YzI1ZjUzMjJkNzp7Il9hdXRoX3VzZXJfaGFzaCI6ImQyZTg0NDY4MTlhN2FkZjZlMGY2ODQ2ZTJiZGE0YTg3NDEzMTY5YmIiLCJfYXV0aF91c2VyX2JhY2tlbmQiOiJkamFuZ28uY29udHJpYi5hdXRoLmJhY2tlbmRzLk1vZGVsQmFja2VuZCIsIl9hdXRoX3VzZXJfaWQiOiI2MiJ9','2018-01-04 06:06:13.964566'),('8ognw0omfeklhuafh7x5yxyg8c8qq1tt','MWVjZmM4ZDA5MTIyNGMxOWVhYjIzZjRkODEyNjg5MWE0OTAwYTBhNDp7Il9hdXRoX3VzZXJfaGFzaCI6IjYzMDIzODU4NDNlNTAwZDIyYWY4NWY5MGI3YTNmNWE4MDBhZWNhN2UiLCJfYXV0aF91c2VyX2JhY2tlbmQiOiJkamFuZ28uY29udHJpYi5hdXRoLmJhY2tlbmRzLk1vZGVsQmFja2VuZCIsIl9hdXRoX3VzZXJfaWQiOiI2NCJ9','2018-01-04 10:03:26.547639'),('c5vm45h6vzcsh0vnpdbsdc4c84kbm5o1','MWVjZmM4ZDA5MTIyNGMxOWVhYjIzZjRkODEyNjg5MWE0OTAwYTBhNDp7Il9hdXRoX3VzZXJfaGFzaCI6IjYzMDIzODU4NDNlNTAwZDIyYWY4NWY5MGI3YTNmNWE4MDBhZWNhN2UiLCJfYXV0aF91c2VyX2JhY2tlbmQiOiJkamFuZ28uY29udHJpYi5hdXRoLmJhY2tlbmRzLk1vZGVsQmFja2VuZCIsIl9hdXRoX3VzZXJfaWQiOiI2NCJ9','2018-01-10 09:15:22.355408'),('bcg8s0svura6v6uuynn3ddh68bd7muui','ZmJmOGUyZjA4NzM3NzA0MDMxOTI1NjI4NmRjYmFjOWVmN2Y5YzhkNTp7Il9hdXRoX3VzZXJfaGFzaCI6IjI5NjliOWRlZjk3OWYwZWViN2M1MGFmYWQwNjU5MjBkNGFjMTE5MzEiLCJfYXV0aF91c2VyX2JhY2tlbmQiOiJkamFuZ28uY29udHJpYi5hdXRoLmJhY2tlbmRzLk1vZGVsQmFja2VuZCIsIl9hdXRoX3VzZXJfaWQiOiI2NSJ9','2018-01-10 10:12:23.316000'),('hipk48bj7uikycnmfcg3h5hhz5afzbzy','MWVjZmM4ZDA5MTIyNGMxOWVhYjIzZjRkODEyNjg5MWE0OTAwYTBhNDp7Il9hdXRoX3VzZXJfaGFzaCI6IjYzMDIzODU4NDNlNTAwZDIyYWY4NWY5MGI3YTNmNWE4MDBhZWNhN2UiLCJfYXV0aF91c2VyX2JhY2tlbmQiOiJkamFuZ28uY29udHJpYi5hdXRoLmJhY2tlbmRzLk1vZGVsQmFja2VuZCIsIl9hdXRoX3VzZXJfaWQiOiI2NCJ9','2018-01-24 10:09:04.610962'),('iwg87me1sjpfcz1uqlabnqzz380lyi9o','MWNiZjg1ZWYwN2YzNTk1ODFjYmRjMzVlNTUxNWE5YzI1ZjUzMjJkNzp7Il9hdXRoX3VzZXJfaGFzaCI6ImQyZTg0NDY4MTlhN2FkZjZlMGY2ODQ2ZTJiZGE0YTg3NDEzMTY5YmIiLCJfYXV0aF91c2VyX2JhY2tlbmQiOiJkamFuZ28uY29udHJpYi5hdXRoLmJhY2tlbmRzLk1vZGVsQmFja2VuZCIsIl9hdXRoX3VzZXJfaWQiOiI2MiJ9','2018-01-05 09:38:44.748015'),('fp6e1geta445wld9bf8s06szaxne5a9e','MjU3NWJhMWFmMWJmYmQxMDdjMTI3NzBhZmY4YmE5ZGQ2MDU3MGQ2YTp7Il9hdXRoX3VzZXJfaGFzaCI6IjA3NTMxNWMyMjYxNDZlYzdjYjBlODA2MGUyY2RlMDI3ODQ3ZjQyMTgiLCJfYXV0aF91c2VyX2JhY2tlbmQiOiJkamFuZ28uY29udHJpYi5hdXRoLmJhY2tlbmRzLk1vZGVsQmFja2VuZCIsIl9hdXRoX3VzZXJfaWQiOiI2NiJ9','2018-01-20 15:34:58.384734'),('787pu9vdnh6v03l1uo3tzx6bn53166la','NGU3ZWUzYjM4ODlkNDgwNjFlZTE0NTlmNjc4ZDk4NmFiNzQ3YjZmZTp7Il9hdXRoX3VzZXJfaGFzaCI6IjcyZWIyYzAxYmFkMTI4N2MzY2U1NmZiMTZiMmZlOGNiODIxM2RlOTQiLCJfYXV0aF91c2VyX2JhY2tlbmQiOiJkamFuZ28uY29udHJpYi5hdXRoLmJhY2tlbmRzLk1vZGVsQmFja2VuZCIsIl9hdXRoX3VzZXJfaWQiOiI2OCJ9','2018-01-22 11:31:56.392161'),('fxr6r0km1wgn19ubh1os4u2v6ni3qef4','ZGExNDE4MzEwZTIwMDY4YTYwNmE5NzE0YTMxYjY4YzgyY2Q2ZGM1MDp7Il9hdXRoX3VzZXJfaGFzaCI6ImVlNzY2OTcyODI0MjNjNGRmZmI5NmZkNzA5YzYxY2IzZWJkMGZjM2QiLCJfYXV0aF91c2VyX2JhY2tlbmQiOiJkamFuZ28uY29udHJpYi5hdXRoLmJhY2tlbmRzLk1vZGVsQmFja2VuZCIsIl9hdXRoX3VzZXJfaWQiOiIzNiJ9','2018-01-22 03:24:35.501415'),('5w6ku2gb8b5jwx5vwx2mj4s1mxdvaajy','ODY5NzBjYmM0ZDFmZmMwNjgzNTE0N2U3M2M2NTM1Yzk4NTI5OTU3Mjp7Il9hdXRoX3VzZXJfaGFzaCI6IjljMTFhZjk5MWRkYjY2MTFiZTliY2IyY2ZmMjFmYjk4OTIwMGE4YTciLCJfYXV0aF91c2VyX2JhY2tlbmQiOiJkamFuZ28uY29udHJpYi5hdXRoLmJhY2tlbmRzLk1vZGVsQmFja2VuZCIsIl9hdXRoX3VzZXJfaWQiOiI2MyJ9','2018-01-19 09:14:37.981945'),('ldtfm2vb50xb9clskoyedrxripamhgoq','OTEyYTZjYTMzNmM2ZTI2MDYxNTNkOWVlZTk0NTY0NmQyN2RiN2Y2Zjp7Il9hdXRoX3VzZXJfaGFzaCI6Ijc4ZjEwYjY5ZmYyMWZjNTU5ZmJmOGRjMzgwNWVhOWViMzBiZDQzZGIiLCJfYXV0aF91c2VyX2JhY2tlbmQiOiJkamFuZ28uY29udHJpYi5hdXRoLmJhY2tlbmRzLk1vZGVsQmFja2VuZCIsIl9hdXRoX3VzZXJfaWQiOiI2MyJ9','2018-01-16 11:00:07.541930'),('kw28vlrl7h0g22roak5fgd0bc9cjds8k','ZGExNDE4MzEwZTIwMDY4YTYwNmE5NzE0YTMxYjY4YzgyY2Q2ZGM1MDp7Il9hdXRoX3VzZXJfaGFzaCI6ImVlNzY2OTcyODI0MjNjNGRmZmI5NmZkNzA5YzYxY2IzZWJkMGZjM2QiLCJfYXV0aF91c2VyX2JhY2tlbmQiOiJkamFuZ28uY29udHJpYi5hdXRoLmJhY2tlbmRzLk1vZGVsQmFja2VuZCIsIl9hdXRoX3VzZXJfaWQiOiIzNiJ9','2018-01-16 11:28:52.343111'),('c1nuvw0eebb9p55j17b51z1pqwwkk6c0','ZGExNDE4MzEwZTIwMDY4YTYwNmE5NzE0YTMxYjY4YzgyY2Q2ZGM1MDp7Il9hdXRoX3VzZXJfaGFzaCI6ImVlNzY2OTcyODI0MjNjNGRmZmI5NmZkNzA5YzYxY2IzZWJkMGZjM2QiLCJfYXV0aF91c2VyX2JhY2tlbmQiOiJkamFuZ28uY29udHJpYi5hdXRoLmJhY2tlbmRzLk1vZGVsQmFja2VuZCIsIl9hdXRoX3VzZXJfaWQiOiIzNiJ9','2018-01-16 11:28:58.948163'),('arnnm9qm50drz6j99yr1wcq1i548osq2','ZGExNDE4MzEwZTIwMDY4YTYwNmE5NzE0YTMxYjY4YzgyY2Q2ZGM1MDp7Il9hdXRoX3VzZXJfaGFzaCI6ImVlNzY2OTcyODI0MjNjNGRmZmI5NmZkNzA5YzYxY2IzZWJkMGZjM2QiLCJfYXV0aF91c2VyX2JhY2tlbmQiOiJkamFuZ28uY29udHJpYi5hdXRoLmJhY2tlbmRzLk1vZGVsQmFja2VuZCIsIl9hdXRoX3VzZXJfaWQiOiIzNiJ9','2018-01-16 11:29:00.784526'),('byfyfbymn6y3gn2x4xkn4d1qx5hhc304','MWVjZmM4ZDA5MTIyNGMxOWVhYjIzZjRkODEyNjg5MWE0OTAwYTBhNDp7Il9hdXRoX3VzZXJfaGFzaCI6IjYzMDIzODU4NDNlNTAwZDIyYWY4NWY5MGI3YTNmNWE4MDBhZWNhN2UiLCJfYXV0aF91c2VyX2JhY2tlbmQiOiJkamFuZ28uY29udHJpYi5hdXRoLmJhY2tlbmRzLk1vZGVsQmFja2VuZCIsIl9hdXRoX3VzZXJfaWQiOiI2NCJ9','2018-01-31 08:51:43.795188'),('367vmo780rrr40ika3xqikcggorq4he3','MWVjZmM4ZDA5MTIyNGMxOWVhYjIzZjRkODEyNjg5MWE0OTAwYTBhNDp7Il9hdXRoX3VzZXJfaGFzaCI6IjYzMDIzODU4NDNlNTAwZDIyYWY4NWY5MGI3YTNmNWE4MDBhZWNhN2UiLCJfYXV0aF91c2VyX2JhY2tlbmQiOiJkamFuZ28uY29udHJpYi5hdXRoLmJhY2tlbmRzLk1vZGVsQmFja2VuZCIsIl9hdXRoX3VzZXJfaWQiOiI2NCJ9','2018-01-31 08:51:41.014157'),('ppp19gx8qdmm82uwcku4a8iu7ymkybxo','YTk0MzM1ZjllZmI0MGMwODlkZmYwMGJkYjQ0MDM4ODFmZmNkNWQ0ODp7fQ==','2018-01-16 12:17:43.472305'),('hzspfb8jqr1mvxviebrud09pw8zzpjvi','NDM0NWJmZDNlYWQ3ODUxZTRjNmNiYTBkZjFmM2ZkODcyNTc2NmJkNTp7Il9hdXRoX3VzZXJfaGFzaCI6Ijg1ZThhZmZkNTEwZTYyNDNkNTZmNTI3MzNiNGZiYTQzNTNjMzE0ZTMiLCJfYXV0aF91c2VyX2JhY2tlbmQiOiJkamFuZ28uY29udHJpYi5hdXRoLmJhY2tlbmRzLk1vZGVsQmFja2VuZCIsIl9hdXRoX3VzZXJfaWQiOiI0MyJ9','2018-01-24 15:35:01.560493'),('mjhu67fhf79ypq2y94n6zgghqzpzz40a','MjU3NWJhMWFmMWJmYmQxMDdjMTI3NzBhZmY4YmE5ZGQ2MDU3MGQ2YTp7Il9hdXRoX3VzZXJfaGFzaCI6IjA3NTMxNWMyMjYxNDZlYzdjYjBlODA2MGUyY2RlMDI3ODQ3ZjQyMTgiLCJfYXV0aF91c2VyX2JhY2tlbmQiOiJkamFuZ28uY29udHJpYi5hdXRoLmJhY2tlbmRzLk1vZGVsQmFja2VuZCIsIl9hdXRoX3VzZXJfaWQiOiI2NiJ9','2018-01-24 13:33:53.856478'),('8h9kk7whtutnoshuvn8n9bxtqfahl8gt','YTlmYTNjZWY2NTRlNTQ1Nzg0YWY5M2RkZWJjZjRmNzgxOGZkNDAxOTp7Il9hdXRoX3VzZXJfaGFzaCI6IjlhZjA3OWIwMWUwNjA1NzQ0ZjJiNjMzOWIyN2RkZTIzY2Q5ZTQ5MzAiLCJfYXV0aF91c2VyX2JhY2tlbmQiOiJkamFuZ28uY29udHJpYi5hdXRoLmJhY2tlbmRzLk1vZGVsQmFja2VuZCIsIl9hdXRoX3VzZXJfaWQiOiIyIn0=','2018-01-24 05:45:18.110962'),('oegaqt9abbae0kxdqvoegza31ickdq1p','NDM0NWJmZDNlYWQ3ODUxZTRjNmNiYTBkZjFmM2ZkODcyNTc2NmJkNTp7Il9hdXRoX3VzZXJfaGFzaCI6Ijg1ZThhZmZkNTEwZTYyNDNkNTZmNTI3MzNiNGZiYTQzNTNjMzE0ZTMiLCJfYXV0aF91c2VyX2JhY2tlbmQiOiJkamFuZ28uY29udHJpYi5hdXRoLmJhY2tlbmRzLk1vZGVsQmFja2VuZCIsIl9hdXRoX3VzZXJfaWQiOiI0MyJ9','2018-01-25 03:12:08.617397'),('8lzy6vb2nyrkiat234a9s2s9vl6qnzq2','NDM0NWJmZDNlYWQ3ODUxZTRjNmNiYTBkZjFmM2ZkODcyNTc2NmJkNTp7Il9hdXRoX3VzZXJfaGFzaCI6Ijg1ZThhZmZkNTEwZTYyNDNkNTZmNTI3MzNiNGZiYTQzNTNjMzE0ZTMiLCJfYXV0aF91c2VyX2JhY2tlbmQiOiJkamFuZ28uY29udHJpYi5hdXRoLmJhY2tlbmRzLk1vZGVsQmFja2VuZCIsIl9hdXRoX3VzZXJfaWQiOiI0MyJ9','2018-01-25 03:12:15.214322'),('m8cxvobr2qgwdrufop6nvvw4cgx9o0bg','NDM0NWJmZDNlYWQ3ODUxZTRjNmNiYTBkZjFmM2ZkODcyNTc2NmJkNTp7Il9hdXRoX3VzZXJfaGFzaCI6Ijg1ZThhZmZkNTEwZTYyNDNkNTZmNTI3MzNiNGZiYTQzNTNjMzE0ZTMiLCJfYXV0aF91c2VyX2JhY2tlbmQiOiJkamFuZ28uY29udHJpYi5hdXRoLmJhY2tlbmRzLk1vZGVsQmFja2VuZCIsIl9hdXRoX3VzZXJfaWQiOiI0MyJ9','2018-01-25 03:12:15.627131'),('s2gvz28vjv8znjkvevmh2k2udyufunaw','MWVjZmM4ZDA5MTIyNGMxOWVhYjIzZjRkODEyNjg5MWE0OTAwYTBhNDp7Il9hdXRoX3VzZXJfaGFzaCI6IjYzMDIzODU4NDNlNTAwZDIyYWY4NWY5MGI3YTNmNWE4MDBhZWNhN2UiLCJfYXV0aF91c2VyX2JhY2tlbmQiOiJkamFuZ28uY29udHJpYi5hdXRoLmJhY2tlbmRzLk1vZGVsQmFja2VuZCIsIl9hdXRoX3VzZXJfaWQiOiI2NCJ9','2018-02-01 06:46:43.718553'),('5nmzgxhzj3bp9q5wxv7x21s9jh6u38r3','NDM0NWJmZDNlYWQ3ODUxZTRjNmNiYTBkZjFmM2ZkODcyNTc2NmJkNTp7Il9hdXRoX3VzZXJfaGFzaCI6Ijg1ZThhZmZkNTEwZTYyNDNkNTZmNTI3MzNiNGZiYTQzNTNjMzE0ZTMiLCJfYXV0aF91c2VyX2JhY2tlbmQiOiJkamFuZ28uY29udHJpYi5hdXRoLmJhY2tlbmRzLk1vZGVsQmFja2VuZCIsIl9hdXRoX3VzZXJfaWQiOiI0MyJ9','2018-01-25 03:42:15.996787'),('twvvrcl3tbgcx2c4nf6p796wbkdf7ky3','MWVjZmM4ZDA5MTIyNGMxOWVhYjIzZjRkODEyNjg5MWE0OTAwYTBhNDp7Il9hdXRoX3VzZXJfaGFzaCI6IjYzMDIzODU4NDNlNTAwZDIyYWY4NWY5MGI3YTNmNWE4MDBhZWNhN2UiLCJfYXV0aF91c2VyX2JhY2tlbmQiOiJkamFuZ28uY29udHJpYi5hdXRoLmJhY2tlbmRzLk1vZGVsQmFja2VuZCIsIl9hdXRoX3VzZXJfaWQiOiI2NCJ9','2018-01-25 04:46:24.465947'),('5cx3ymzt5q5t68ec1lo6wg5j6jov6zgl','ZmJmOGUyZjA4NzM3NzA0MDMxOTI1NjI4NmRjYmFjOWVmN2Y5YzhkNTp7Il9hdXRoX3VzZXJfaGFzaCI6IjI5NjliOWRlZjk3OWYwZWViN2M1MGFmYWQwNjU5MjBkNGFjMTE5MzEiLCJfYXV0aF91c2VyX2JhY2tlbmQiOiJkamFuZ28uY29udHJpYi5hdXRoLmJhY2tlbmRzLk1vZGVsQmFja2VuZCIsIl9hdXRoX3VzZXJfaWQiOiI2NSJ9','2018-01-25 16:05:16.557962'),('nc7s43u64r856qaqcok5ikf24eq7grvk','MWVjZmM4ZDA5MTIyNGMxOWVhYjIzZjRkODEyNjg5MWE0OTAwYTBhNDp7Il9hdXRoX3VzZXJfaGFzaCI6IjYzMDIzODU4NDNlNTAwZDIyYWY4NWY5MGI3YTNmNWE4MDBhZWNhN2UiLCJfYXV0aF91c2VyX2JhY2tlbmQiOiJkamFuZ28uY29udHJpYi5hdXRoLmJhY2tlbmRzLk1vZGVsQmFja2VuZCIsIl9hdXRoX3VzZXJfaWQiOiI2NCJ9','2018-02-01 06:46:45.555805'),('36pxyjvj4igr20g8pdvqkcis3nrxvhs1','MjU3NWJhMWFmMWJmYmQxMDdjMTI3NzBhZmY4YmE5ZGQ2MDU3MGQ2YTp7Il9hdXRoX3VzZXJfaGFzaCI6IjA3NTMxNWMyMjYxNDZlYzdjYjBlODA2MGUyY2RlMDI3ODQ3ZjQyMTgiLCJfYXV0aF91c2VyX2JhY2tlbmQiOiJkamFuZ28uY29udHJpYi5hdXRoLmJhY2tlbmRzLk1vZGVsQmFja2VuZCIsIl9hdXRoX3VzZXJfaWQiOiI2NiJ9','2018-02-03 15:41:34.749838'),('hqxbt3r3io5qsgpziwklmyuasfk9m0rm','YTk0MzM1ZjllZmI0MGMwODlkZmYwMGJkYjQ0MDM4ODFmZmNkNWQ0ODp7fQ==','2018-02-06 18:31:30.604457'),('bkhbggvyc6qdvge6ck9aebitw9sw2lkp','YTk0MzM1ZjllZmI0MGMwODlkZmYwMGJkYjQ0MDM4ODFmZmNkNWQ0ODp7fQ==','2018-02-06 18:31:35.461175'),('ep4gakuz5py8nv2fhtf50fm8ppbk56za','MWVjZmM4ZDA5MTIyNGMxOWVhYjIzZjRkODEyNjg5MWE0OTAwYTBhNDp7Il9hdXRoX3VzZXJfaGFzaCI6IjYzMDIzODU4NDNlNTAwZDIyYWY4NWY5MGI3YTNmNWE4MDBhZWNhN2UiLCJfYXV0aF91c2VyX2JhY2tlbmQiOiJkamFuZ28uY29udHJpYi5hdXRoLmJhY2tlbmRzLk1vZGVsQmFja2VuZCIsIl9hdXRoX3VzZXJfaWQiOiI2NCJ9','2018-02-08 06:11:58.286687'),('n7dutwmtgfxhwpnytup0uuhf77zlszxf','ZGExNDE4MzEwZTIwMDY4YTYwNmE5NzE0YTMxYjY4YzgyY2Q2ZGM1MDp7Il9hdXRoX3VzZXJfaGFzaCI6ImVlNzY2OTcyODI0MjNjNGRmZmI5NmZkNzA5YzYxY2IzZWJkMGZjM2QiLCJfYXV0aF91c2VyX2JhY2tlbmQiOiJkamFuZ28uY29udHJpYi5hdXRoLmJhY2tlbmRzLk1vZGVsQmFja2VuZCIsIl9hdXRoX3VzZXJfaWQiOiIzNiJ9','2018-02-12 06:26:48.317002'),('2k7tnzi2icqi738y3fzq5cek9frk42ab','NGU3ZWUzYjM4ODlkNDgwNjFlZTE0NTlmNjc4ZDk4NmFiNzQ3YjZmZTp7Il9hdXRoX3VzZXJfaGFzaCI6IjcyZWIyYzAxYmFkMTI4N2MzY2U1NmZiMTZiMmZlOGNiODIxM2RlOTQiLCJfYXV0aF91c2VyX2JhY2tlbmQiOiJkamFuZ28uY29udHJpYi5hdXRoLmJhY2tlbmRzLk1vZGVsQmFja2VuZCIsIl9hdXRoX3VzZXJfaWQiOiI2OCJ9','2018-02-07 12:20:42.256089'),('edh4bict81ymszkmrsip9cwtdpovap3g','OTkwMzRkYzIyNWIwOTQzZGIzM2NkM2M5OTJiN2FkOGMxNTQ2YzQ1Yzp7Il9hdXRoX3VzZXJfaGFzaCI6ImRlN2E2NTkzZTA0MjU0NTk1NmQyYjIzZGIzZTEyZmZjYWUxMmEyOTMiLCJfYXV0aF91c2VyX2JhY2tlbmQiOiJkamFuZ28uY29udHJpYi5hdXRoLmJhY2tlbmRzLk1vZGVsQmFja2VuZCIsIl9hdXRoX3VzZXJfaWQiOiI1NyJ9','2018-02-10 04:16:18.108791'),('3ztuu7nqhoqlnmhhu8byfs284hxfo598','ZmJmOGUyZjA4NzM3NzA0MDMxOTI1NjI4NmRjYmFjOWVmN2Y5YzhkNTp7Il9hdXRoX3VzZXJfaGFzaCI6IjI5NjliOWRlZjk3OWYwZWViN2M1MGFmYWQwNjU5MjBkNGFjMTE5MzEiLCJfYXV0aF91c2VyX2JhY2tlbmQiOiJkamFuZ28uY29udHJpYi5hdXRoLmJhY2tlbmRzLk1vZGVsQmFja2VuZCIsIl9hdXRoX3VzZXJfaWQiOiI2NSJ9','2018-02-10 12:45:34.307055'),('q4wb7ob5ovbuaid6gq52k0mvu8n5qx7i','MDliOTYyMDQ1OWQwNmZlZjAxYTFkNmYzMDAyNTc5MzY4NGI2NDE5ZDp7Il9hdXRoX3VzZXJfaGFzaCI6IjVlODZmMDk4ZGJlZDQ1MzNlMGU0ZWEwMzcyODA0MjhlOGY1M2I1MTYiLCJfYXV0aF91c2VyX2JhY2tlbmQiOiJkamFuZ28uY29udHJpYi5hdXRoLmJhY2tlbmRzLk1vZGVsQmFja2VuZCIsIl9hdXRoX3VzZXJfaWQiOiI2MyJ9','2018-02-13 14:11:29.949907'),('cql971en1bw86tl00lft0y2z4f4smkxe','MjU3NWJhMWFmMWJmYmQxMDdjMTI3NzBhZmY4YmE5ZGQ2MDU3MGQ2YTp7Il9hdXRoX3VzZXJfaGFzaCI6IjA3NTMxNWMyMjYxNDZlYzdjYjBlODA2MGUyY2RlMDI3ODQ3ZjQyMTgiLCJfYXV0aF91c2VyX2JhY2tlbmQiOiJkamFuZ28uY29udHJpYi5hdXRoLmJhY2tlbmRzLk1vZGVsQmFja2VuZCIsIl9hdXRoX3VzZXJfaWQiOiI2NiJ9','2018-02-13 05:10:42.014888'),('6owiinecd7cgainn7mfrdgwvjb3t2iwr','YWU5YzMwNThhM2VjY2MyNzI1MjA3ODVmODc2ZDJlNTEyNTdlNmUzYjp7Il9hdXRoX3VzZXJfaGFzaCI6IjdmNWM2NDNlZmExOGU5Mjk5NjE1MTZiMGY3YWRlMTkzOTVmNGFmZWIiLCJfYXV0aF91c2VyX2JhY2tlbmQiOiJkamFuZ28uY29udHJpYi5hdXRoLmJhY2tlbmRzLk1vZGVsQmFja2VuZCIsIl9hdXRoX3VzZXJfaWQiOiI2NyJ9','2018-02-12 13:21:28.736901'),('bmvn86lh3g70aknly8c71wu8e63hl418','MDliOTYyMDQ1OWQwNmZlZjAxYTFkNmYzMDAyNTc5MzY4NGI2NDE5ZDp7Il9hdXRoX3VzZXJfaGFzaCI6IjVlODZmMDk4ZGJlZDQ1MzNlMGU0ZWEwMzcyODA0MjhlOGY1M2I1MTYiLCJfYXV0aF91c2VyX2JhY2tlbmQiOiJkamFuZ28uY29udHJpYi5hdXRoLmJhY2tlbmRzLk1vZGVsQmFja2VuZCIsIl9hdXRoX3VzZXJfaWQiOiI2MyJ9','2018-02-13 14:11:27.901088'),('7tzehnvu5r2dx8ed7jfaxfi1j8m99h7i','ZmM5MjRiZTdiMTk4NWFiMThlMTA5NDVhODNiNzkzNDJmYmZhZWI0Nzp7Il9hdXRoX3VzZXJfaGFzaCI6IjVlMTYzNGZmNDlhNDUyNWZjOTUxNmQ3ZmY3NjRmNGZiZmY4Y2I2Y2QiLCJfYXV0aF91c2VyX2JhY2tlbmQiOiJkamFuZ28uY29udHJpYi5hdXRoLmJhY2tlbmRzLk1vZGVsQmFja2VuZCIsIl9hdXRoX3VzZXJfaWQiOiI1OSJ9','2018-02-13 11:28:40.204403'),('0bw04qqnhbhhhki4xfjqq88rs9if0meg','MDliOTYyMDQ1OWQwNmZlZjAxYTFkNmYzMDAyNTc5MzY4NGI2NDE5ZDp7Il9hdXRoX3VzZXJfaGFzaCI6IjVlODZmMDk4ZGJlZDQ1MzNlMGU0ZWEwMzcyODA0MjhlOGY1M2I1MTYiLCJfYXV0aF91c2VyX2JhY2tlbmQiOiJkamFuZ28uY29udHJpYi5hdXRoLmJhY2tlbmRzLk1vZGVsQmFja2VuZCIsIl9hdXRoX3VzZXJfaWQiOiI2MyJ9','2018-02-13 14:11:34.127430'),('543wz5eafv8214jvievhc0u2l4nvctrn','OTkwMzRkYzIyNWIwOTQzZGIzM2NkM2M5OTJiN2FkOGMxNTQ2YzQ1Yzp7Il9hdXRoX3VzZXJfaGFzaCI6ImRlN2E2NTkzZTA0MjU0NTk1NmQyYjIzZGIzZTEyZmZjYWUxMmEyOTMiLCJfYXV0aF91c2VyX2JhY2tlbmQiOiJkamFuZ28uY29udHJpYi5hdXRoLmJhY2tlbmRzLk1vZGVsQmFja2VuZCIsIl9hdXRoX3VzZXJfaWQiOiI1NyJ9','2018-02-15 03:59:32.675603'),('d7v8hge3i1eekxvimn5morarwqwc77sh','MjU3NWJhMWFmMWJmYmQxMDdjMTI3NzBhZmY4YmE5ZGQ2MDU3MGQ2YTp7Il9hdXRoX3VzZXJfaGFzaCI6IjA3NTMxNWMyMjYxNDZlYzdjYjBlODA2MGUyY2RlMDI3ODQ3ZjQyMTgiLCJfYXV0aF91c2VyX2JhY2tlbmQiOiJkamFuZ28uY29udHJpYi5hdXRoLmJhY2tlbmRzLk1vZGVsQmFja2VuZCIsIl9hdXRoX3VzZXJfaWQiOiI2NiJ9','2018-02-16 15:15:54.777422'),('lqm6w52ajmq2gawvh9t7t6s10c65xssw','NmYwZTMxOGExNmEwYzNkZTJkMGY0Y2ZiNGNjMWJkMmU2N2JiNTQ2NTp7Il9hdXRoX3VzZXJfaGFzaCI6IjE1MTcwZWY0NWJlODE1YjRhOTI3MDNiMDY4YTUyMjJiM2UxYTFhN2QiLCJfYXV0aF91c2VyX2JhY2tlbmQiOiJkamFuZ28uY29udHJpYi5hdXRoLmJhY2tlbmRzLk1vZGVsQmFja2VuZCIsIl9hdXRoX3VzZXJfaWQiOiI2MSJ9','2018-02-16 04:46:36.435909'),('9jl152eyi6qzp5wo4imk6zaytj2u8ykv','ZmM5MjRiZTdiMTk4NWFiMThlMTA5NDVhODNiNzkzNDJmYmZhZWI0Nzp7Il9hdXRoX3VzZXJfaGFzaCI6IjVlMTYzNGZmNDlhNDUyNWZjOTUxNmQ3ZmY3NjRmNGZiZmY4Y2I2Y2QiLCJfYXV0aF91c2VyX2JhY2tlbmQiOiJkamFuZ28uY29udHJpYi5hdXRoLmJhY2tlbmRzLk1vZGVsQmFja2VuZCIsIl9hdXRoX3VzZXJfaWQiOiI1OSJ9','2018-03-01 03:42:26.752838'),('ek5y75h40p6e0ud8dbijmyubpx2g8n9u','OTkwMzRkYzIyNWIwOTQzZGIzM2NkM2M5OTJiN2FkOGMxNTQ2YzQ1Yzp7Il9hdXRoX3VzZXJfaGFzaCI6ImRlN2E2NTkzZTA0MjU0NTk1NmQyYjIzZGIzZTEyZmZjYWUxMmEyOTMiLCJfYXV0aF91c2VyX2JhY2tlbmQiOiJkamFuZ28uY29udHJpYi5hdXRoLmJhY2tlbmRzLk1vZGVsQmFja2VuZCIsIl9hdXRoX3VzZXJfaWQiOiI1NyJ9','2018-02-28 04:40:40.840736'),('y61zhha8qn53o7dnxgl9rht59r5c8ris','MWVjZmM4ZDA5MTIyNGMxOWVhYjIzZjRkODEyNjg5MWE0OTAwYTBhNDp7Il9hdXRoX3VzZXJfaGFzaCI6IjYzMDIzODU4NDNlNTAwZDIyYWY4NWY5MGI3YTNmNWE4MDBhZWNhN2UiLCJfYXV0aF91c2VyX2JhY2tlbmQiOiJkamFuZ28uY29udHJpYi5hdXRoLmJhY2tlbmRzLk1vZGVsQmFja2VuZCIsIl9hdXRoX3VzZXJfaWQiOiI2NCJ9','2018-02-16 10:51:00.358020'),('yw73vcb0sc0v5znli21tcdtzjvaoxcp5','NmYwZTMxOGExNmEwYzNkZTJkMGY0Y2ZiNGNjMWJkMmU2N2JiNTQ2NTp7Il9hdXRoX3VzZXJfaGFzaCI6IjE1MTcwZWY0NWJlODE1YjRhOTI3MDNiMDY4YTUyMjJiM2UxYTFhN2QiLCJfYXV0aF91c2VyX2JhY2tlbmQiOiJkamFuZ28uY29udHJpYi5hdXRoLmJhY2tlbmRzLk1vZGVsQmFja2VuZCIsIl9hdXRoX3VzZXJfaWQiOiI2MSJ9','2018-02-17 04:09:55.383571'),('d15t3ylkh3yacfx9285p3wgdmyfca9nc','NmYwZTMxOGExNmEwYzNkZTJkMGY0Y2ZiNGNjMWJkMmU2N2JiNTQ2NTp7Il9hdXRoX3VzZXJfaGFzaCI6IjE1MTcwZWY0NWJlODE1YjRhOTI3MDNiMDY4YTUyMjJiM2UxYTFhN2QiLCJfYXV0aF91c2VyX2JhY2tlbmQiOiJkamFuZ28uY29udHJpYi5hdXRoLmJhY2tlbmRzLk1vZGVsQmFja2VuZCIsIl9hdXRoX3VzZXJfaWQiOiI2MSJ9','2018-02-17 04:09:55.810863'),('wadjiqecw5ujvofpb36y4zylqji73ao1','YWU5YzMwNThhM2VjY2MyNzI1MjA3ODVmODc2ZDJlNTEyNTdlNmUzYjp7Il9hdXRoX3VzZXJfaGFzaCI6IjdmNWM2NDNlZmExOGU5Mjk5NjE1MTZiMGY3YWRlMTkzOTVmNGFmZWIiLCJfYXV0aF91c2VyX2JhY2tlbmQiOiJkamFuZ28uY29udHJpYi5hdXRoLmJhY2tlbmRzLk1vZGVsQmFja2VuZCIsIl9hdXRoX3VzZXJfaWQiOiI2NyJ9','2018-02-17 13:12:04.290618'),('0vmkm9uq6e49lmmzrtbtw0rhocb0q4qs','MWVjZmM4ZDA5MTIyNGMxOWVhYjIzZjRkODEyNjg5MWE0OTAwYTBhNDp7Il9hdXRoX3VzZXJfaGFzaCI6IjYzMDIzODU4NDNlNTAwZDIyYWY4NWY5MGI3YTNmNWE4MDBhZWNhN2UiLCJfYXV0aF91c2VyX2JhY2tlbmQiOiJkamFuZ28uY29udHJpYi5hdXRoLmJhY2tlbmRzLk1vZGVsQmFja2VuZCIsIl9hdXRoX3VzZXJfaWQiOiI2NCJ9','2018-02-17 15:38:32.453195'),('8jz4tsi150q8h0wvuh9zef71jfd8legc','YWU5YzMwNThhM2VjY2MyNzI1MjA3ODVmODc2ZDJlNTEyNTdlNmUzYjp7Il9hdXRoX3VzZXJfaGFzaCI6IjdmNWM2NDNlZmExOGU5Mjk5NjE1MTZiMGY3YWRlMTkzOTVmNGFmZWIiLCJfYXV0aF91c2VyX2JhY2tlbmQiOiJkamFuZ28uY29udHJpYi5hdXRoLmJhY2tlbmRzLk1vZGVsQmFja2VuZCIsIl9hdXRoX3VzZXJfaWQiOiI2NyJ9','2018-02-19 16:43:39.072480'),('cgvcalzbp0ke2jzy4i7mh1vjkhjqxqud','NGU3ZWUzYjM4ODlkNDgwNjFlZTE0NTlmNjc4ZDk4NmFiNzQ3YjZmZTp7Il9hdXRoX3VzZXJfaGFzaCI6IjcyZWIyYzAxYmFkMTI4N2MzY2U1NmZiMTZiMmZlOGNiODIxM2RlOTQiLCJfYXV0aF91c2VyX2JhY2tlbmQiOiJkamFuZ28uY29udHJpYi5hdXRoLmJhY2tlbmRzLk1vZGVsQmFja2VuZCIsIl9hdXRoX3VzZXJfaWQiOiI2OCJ9','2018-02-23 16:07:19.683585'),('9lb7vu4yso978imcsziabrwr3gpjsn5i','ZmJmOGUyZjA4NzM3NzA0MDMxOTI1NjI4NmRjYmFjOWVmN2Y5YzhkNTp7Il9hdXRoX3VzZXJfaGFzaCI6IjI5NjliOWRlZjk3OWYwZWViN2M1MGFmYWQwNjU5MjBkNGFjMTE5MzEiLCJfYXV0aF91c2VyX2JhY2tlbmQiOiJkamFuZ28uY29udHJpYi5hdXRoLmJhY2tlbmRzLk1vZGVsQmFja2VuZCIsIl9hdXRoX3VzZXJfaWQiOiI2NSJ9','2018-02-24 13:20:53.565078'),('k3fvl71u4q8o9jpisz6qs3hc80lrbsn7','NmYwZTMxOGExNmEwYzNkZTJkMGY0Y2ZiNGNjMWJkMmU2N2JiNTQ2NTp7Il9hdXRoX3VzZXJfaGFzaCI6IjE1MTcwZWY0NWJlODE1YjRhOTI3MDNiMDY4YTUyMjJiM2UxYTFhN2QiLCJfYXV0aF91c2VyX2JhY2tlbmQiOiJkamFuZ28uY29udHJpYi5hdXRoLmJhY2tlbmRzLk1vZGVsQmFja2VuZCIsIl9hdXRoX3VzZXJfaWQiOiI2MSJ9','2018-02-28 14:10:38.229803'),('mzgnn7ufa5oov7lh8how7rv90s2dwdaa','MWNiZjg1ZWYwN2YzNTk1ODFjYmRjMzVlNTUxNWE5YzI1ZjUzMjJkNzp7Il9hdXRoX3VzZXJfaGFzaCI6ImQyZTg0NDY4MTlhN2FkZjZlMGY2ODQ2ZTJiZGE0YTg3NDEzMTY5YmIiLCJfYXV0aF91c2VyX2JhY2tlbmQiOiJkamFuZ28uY29udHJpYi5hdXRoLmJhY2tlbmRzLk1vZGVsQmFja2VuZCIsIl9hdXRoX3VzZXJfaWQiOiI2MiJ9','2018-03-05 14:04:47.826073'),('6ophylpg6zn4o2gtu7g7dff9onbwc2hi','MWVjZmM4ZDA5MTIyNGMxOWVhYjIzZjRkODEyNjg5MWE0OTAwYTBhNDp7Il9hdXRoX3VzZXJfaGFzaCI6IjYzMDIzODU4NDNlNTAwZDIyYWY4NWY5MGI3YTNmNWE4MDBhZWNhN2UiLCJfYXV0aF91c2VyX2JhY2tlbmQiOiJkamFuZ28uY29udHJpYi5hdXRoLmJhY2tlbmRzLk1vZGVsQmFja2VuZCIsIl9hdXRoX3VzZXJfaWQiOiI2NCJ9','2018-03-01 15:41:58.479975'),('6avyexc0pb6ubcqjvf2fspx4di2mx677','MjU3NWJhMWFmMWJmYmQxMDdjMTI3NzBhZmY4YmE5ZGQ2MDU3MGQ2YTp7Il9hdXRoX3VzZXJfaGFzaCI6IjA3NTMxNWMyMjYxNDZlYzdjYjBlODA2MGUyY2RlMDI3ODQ3ZjQyMTgiLCJfYXV0aF91c2VyX2JhY2tlbmQiOiJkamFuZ28uY29udHJpYi5hdXRoLmJhY2tlbmRzLk1vZGVsQmFja2VuZCIsIl9hdXRoX3VzZXJfaWQiOiI2NiJ9','2018-03-02 16:27:24.797614'),('i7k2k16a5qk6v6ads0h6fkspapj983ve','MjU3NWJhMWFmMWJmYmQxMDdjMTI3NzBhZmY4YmE5ZGQ2MDU3MGQ2YTp7Il9hdXRoX3VzZXJfaGFzaCI6IjA3NTMxNWMyMjYxNDZlYzdjYjBlODA2MGUyY2RlMDI3ODQ3ZjQyMTgiLCJfYXV0aF91c2VyX2JhY2tlbmQiOiJkamFuZ28uY29udHJpYi5hdXRoLmJhY2tlbmRzLk1vZGVsQmFja2VuZCIsIl9hdXRoX3VzZXJfaWQiOiI2NiJ9','2018-03-02 04:30:19.772445'),('q6qvbya2e5uxo5zk7jg7navcs2fvttan','MjU3NWJhMWFmMWJmYmQxMDdjMTI3NzBhZmY4YmE5ZGQ2MDU3MGQ2YTp7Il9hdXRoX3VzZXJfaGFzaCI6IjA3NTMxNWMyMjYxNDZlYzdjYjBlODA2MGUyY2RlMDI3ODQ3ZjQyMTgiLCJfYXV0aF91c2VyX2JhY2tlbmQiOiJkamFuZ28uY29udHJpYi5hdXRoLmJhY2tlbmRzLk1vZGVsQmFja2VuZCIsIl9hdXRoX3VzZXJfaWQiOiI2NiJ9','2018-03-02 04:30:16.986563'),('7rcqcjdqchjq3k222o1fg3b4bnr1jeji','MjU3NWJhMWFmMWJmYmQxMDdjMTI3NzBhZmY4YmE5ZGQ2MDU3MGQ2YTp7Il9hdXRoX3VzZXJfaGFzaCI6IjA3NTMxNWMyMjYxNDZlYzdjYjBlODA2MGUyY2RlMDI3ODQ3ZjQyMTgiLCJfYXV0aF91c2VyX2JhY2tlbmQiOiJkamFuZ28uY29udHJpYi5hdXRoLmJhY2tlbmRzLk1vZGVsQmFja2VuZCIsIl9hdXRoX3VzZXJfaWQiOiI2NiJ9','2018-03-02 04:30:23.263649'),('ameajbwf6lwhbb05eljfoqmtkx7vp4d0','MjU3NWJhMWFmMWJmYmQxMDdjMTI3NzBhZmY4YmE5ZGQ2MDU3MGQ2YTp7Il9hdXRoX3VzZXJfaGFzaCI6IjA3NTMxNWMyMjYxNDZlYzdjYjBlODA2MGUyY2RlMDI3ODQ3ZjQyMTgiLCJfYXV0aF91c2VyX2JhY2tlbmQiOiJkamFuZ28uY29udHJpYi5hdXRoLmJhY2tlbmRzLk1vZGVsQmFja2VuZCIsIl9hdXRoX3VzZXJfaWQiOiI2NiJ9','2018-03-02 04:30:26.682754'),('tdd157y477f17lw3a5yz45asv27sy0d8','MjU3NWJhMWFmMWJmYmQxMDdjMTI3NzBhZmY4YmE5ZGQ2MDU3MGQ2YTp7Il9hdXRoX3VzZXJfaGFzaCI6IjA3NTMxNWMyMjYxNDZlYzdjYjBlODA2MGUyY2RlMDI3ODQ3ZjQyMTgiLCJfYXV0aF91c2VyX2JhY2tlbmQiOiJkamFuZ28uY29udHJpYi5hdXRoLmJhY2tlbmRzLk1vZGVsQmFja2VuZCIsIl9hdXRoX3VzZXJfaWQiOiI2NiJ9','2018-03-02 04:30:24.282406'),('zabwy04f195bhciv7ou2hqd49jmmsknx','MjU3NWJhMWFmMWJmYmQxMDdjMTI3NzBhZmY4YmE5ZGQ2MDU3MGQ2YTp7Il9hdXRoX3VzZXJfaGFzaCI6IjA3NTMxNWMyMjYxNDZlYzdjYjBlODA2MGUyY2RlMDI3ODQ3ZjQyMTgiLCJfYXV0aF91c2VyX2JhY2tlbmQiOiJkamFuZ28uY29udHJpYi5hdXRoLmJhY2tlbmRzLk1vZGVsQmFja2VuZCIsIl9hdXRoX3VzZXJfaWQiOiI2NiJ9','2018-03-02 04:30:36.491928'),('dgoxoxy7wa8jgr1elehudycnis0ibe0p','MjU3NWJhMWFmMWJmYmQxMDdjMTI3NzBhZmY4YmE5ZGQ2MDU3MGQ2YTp7Il9hdXRoX3VzZXJfaGFzaCI6IjA3NTMxNWMyMjYxNDZlYzdjYjBlODA2MGUyY2RlMDI3ODQ3ZjQyMTgiLCJfYXV0aF91c2VyX2JhY2tlbmQiOiJkamFuZ28uY29udHJpYi5hdXRoLmJhY2tlbmRzLk1vZGVsQmFja2VuZCIsIl9hdXRoX3VzZXJfaWQiOiI2NiJ9','2018-03-02 04:30:36.919902'),('vkgya25tc1i6vvpmn3pq8k95ymyjviuw','MjU3NWJhMWFmMWJmYmQxMDdjMTI3NzBhZmY4YmE5ZGQ2MDU3MGQ2YTp7Il9hdXRoX3VzZXJfaGFzaCI6IjA3NTMxNWMyMjYxNDZlYzdjYjBlODA2MGUyY2RlMDI3ODQ3ZjQyMTgiLCJfYXV0aF91c2VyX2JhY2tlbmQiOiJkamFuZ28uY29udHJpYi5hdXRoLmJhY2tlbmRzLk1vZGVsQmFja2VuZCIsIl9hdXRoX3VzZXJfaWQiOiI2NiJ9','2018-03-02 04:30:37.017457'),('94cp22owxnfphtch66x95clwjvlyvn80','MjU3NWJhMWFmMWJmYmQxMDdjMTI3NzBhZmY4YmE5ZGQ2MDU3MGQ2YTp7Il9hdXRoX3VzZXJfaGFzaCI6IjA3NTMxNWMyMjYxNDZlYzdjYjBlODA2MGUyY2RlMDI3ODQ3ZjQyMTgiLCJfYXV0aF91c2VyX2JhY2tlbmQiOiJkamFuZ28uY29udHJpYi5hdXRoLmJhY2tlbmRzLk1vZGVsQmFja2VuZCIsIl9hdXRoX3VzZXJfaWQiOiI2NiJ9','2018-03-02 04:30:38.071178'),('7s2w3e41nmyvmv4w69yed7c0j8vre9ze','NmYwZTMxOGExNmEwYzNkZTJkMGY0Y2ZiNGNjMWJkMmU2N2JiNTQ2NTp7Il9hdXRoX3VzZXJfaGFzaCI6IjE1MTcwZWY0NWJlODE1YjRhOTI3MDNiMDY4YTUyMjJiM2UxYTFhN2QiLCJfYXV0aF91c2VyX2JhY2tlbmQiOiJkamFuZ28uY29udHJpYi5hdXRoLmJhY2tlbmRzLk1vZGVsQmFja2VuZCIsIl9hdXRoX3VzZXJfaWQiOiI2MSJ9','2018-03-04 17:25:40.518455'),('1gk9r3eqcvike8xkkrm9ao7sj0ajhjb6','NmYwZTMxOGExNmEwYzNkZTJkMGY0Y2ZiNGNjMWJkMmU2N2JiNTQ2NTp7Il9hdXRoX3VzZXJfaGFzaCI6IjE1MTcwZWY0NWJlODE1YjRhOTI3MDNiMDY4YTUyMjJiM2UxYTFhN2QiLCJfYXV0aF91c2VyX2JhY2tlbmQiOiJkamFuZ28uY29udHJpYi5hdXRoLmJhY2tlbmRzLk1vZGVsQmFja2VuZCIsIl9hdXRoX3VzZXJfaWQiOiI2MSJ9','2018-03-04 17:25:46.389796'),('h1d4hhe1pi7uufumuonjggiaqi3fdz23','MDliOTYyMDQ1OWQwNmZlZjAxYTFkNmYzMDAyNTc5MzY4NGI2NDE5ZDp7Il9hdXRoX3VzZXJfaGFzaCI6IjVlODZmMDk4ZGJlZDQ1MzNlMGU0ZWEwMzcyODA0MjhlOGY1M2I1MTYiLCJfYXV0aF91c2VyX2JhY2tlbmQiOiJkamFuZ28uY29udHJpYi5hdXRoLmJhY2tlbmRzLk1vZGVsQmFja2VuZCIsIl9hdXRoX3VzZXJfaWQiOiI2MyJ9','2018-03-13 05:04:54.595548'),('9qzptfb743jf3c3p2xxqsd787z6gcpur','YTlmYTNjZWY2NTRlNTQ1Nzg0YWY5M2RkZWJjZjRmNzgxOGZkNDAxOTp7Il9hdXRoX3VzZXJfaGFzaCI6IjlhZjA3OWIwMWUwNjA1NzQ0ZjJiNjMzOWIyN2RkZTIzY2Q5ZTQ5MzAiLCJfYXV0aF91c2VyX2JhY2tlbmQiOiJkamFuZ28uY29udHJpYi5hdXRoLmJhY2tlbmRzLk1vZGVsQmFja2VuZCIsIl9hdXRoX3VzZXJfaWQiOiIyIn0=','2018-03-07 12:51:09.818056'),('kr2dp470xjdi46unsk1uq9lsw5jvttdh','YTlmYTNjZWY2NTRlNTQ1Nzg0YWY5M2RkZWJjZjRmNzgxOGZkNDAxOTp7Il9hdXRoX3VzZXJfaGFzaCI6IjlhZjA3OWIwMWUwNjA1NzQ0ZjJiNjMzOWIyN2RkZTIzY2Q5ZTQ5MzAiLCJfYXV0aF91c2VyX2JhY2tlbmQiOiJkamFuZ28uY29udHJpYi5hdXRoLmJhY2tlbmRzLk1vZGVsQmFja2VuZCIsIl9hdXRoX3VzZXJfaWQiOiIyIn0=','2018-03-08 05:52:04.582025'),('2dklcpvy1pzm5ipq068ls9ue36xust17','YTlmYTNjZWY2NTRlNTQ1Nzg0YWY5M2RkZWJjZjRmNzgxOGZkNDAxOTp7Il9hdXRoX3VzZXJfaGFzaCI6IjlhZjA3OWIwMWUwNjA1NzQ0ZjJiNjMzOWIyN2RkZTIzY2Q5ZTQ5MzAiLCJfYXV0aF91c2VyX2JhY2tlbmQiOiJkamFuZ28uY29udHJpYi5hdXRoLmJhY2tlbmRzLk1vZGVsQmFja2VuZCIsIl9hdXRoX3VzZXJfaWQiOiIyIn0=','2018-03-08 16:25:58.816438'),('l4501pka9jcrg1afhs1q8klz5kzkoz0q','ZmM5MjRiZTdiMTk4NWFiMThlMTA5NDVhODNiNzkzNDJmYmZhZWI0Nzp7Il9hdXRoX3VzZXJfaGFzaCI6IjVlMTYzNGZmNDlhNDUyNWZjOTUxNmQ3ZmY3NjRmNGZiZmY4Y2I2Y2QiLCJfYXV0aF91c2VyX2JhY2tlbmQiOiJkamFuZ28uY29udHJpYi5hdXRoLmJhY2tlbmRzLk1vZGVsQmFja2VuZCIsIl9hdXRoX3VzZXJfaWQiOiI1OSJ9','2018-03-17 05:55:24.126159'),('245sliklzl2awui4tqleejdzxb6ff3ud','ZmJmOGUyZjA4NzM3NzA0MDMxOTI1NjI4NmRjYmFjOWVmN2Y5YzhkNTp7Il9hdXRoX3VzZXJfaGFzaCI6IjI5NjliOWRlZjk3OWYwZWViN2M1MGFmYWQwNjU5MjBkNGFjMTE5MzEiLCJfYXV0aF91c2VyX2JhY2tlbmQiOiJkamFuZ28uY29udHJpYi5hdXRoLmJhY2tlbmRzLk1vZGVsQmFja2VuZCIsIl9hdXRoX3VzZXJfaWQiOiI2NSJ9','2018-03-12 07:41:29.487281'),('ohzn0fyuf9r75uvihka39ers5cwrrmec','NGU3ZWUzYjM4ODlkNDgwNjFlZTE0NTlmNjc4ZDk4NmFiNzQ3YjZmZTp7Il9hdXRoX3VzZXJfaGFzaCI6IjcyZWIyYzAxYmFkMTI4N2MzY2U1NmZiMTZiMmZlOGNiODIxM2RlOTQiLCJfYXV0aF91c2VyX2JhY2tlbmQiOiJkamFuZ28uY29udHJpYi5hdXRoLmJhY2tlbmRzLk1vZGVsQmFja2VuZCIsIl9hdXRoX3VzZXJfaWQiOiI2OCJ9','2018-03-12 09:19:45.280701'),('c2lkv61h5y7plxmhg990vbnzd9wya6g3','MWVjZmM4ZDA5MTIyNGMxOWVhYjIzZjRkODEyNjg5MWE0OTAwYTBhNDp7Il9hdXRoX3VzZXJfaGFzaCI6IjYzMDIzODU4NDNlNTAwZDIyYWY4NWY5MGI3YTNmNWE4MDBhZWNhN2UiLCJfYXV0aF91c2VyX2JhY2tlbmQiOiJkamFuZ28uY29udHJpYi5hdXRoLmJhY2tlbmRzLk1vZGVsQmFja2VuZCIsIl9hdXRoX3VzZXJfaWQiOiI2NCJ9','2018-03-16 06:08:13.202339'),('antdv46xw9rppgphiu7qsl2bxgppbedr','MjU3NWJhMWFmMWJmYmQxMDdjMTI3NzBhZmY4YmE5ZGQ2MDU3MGQ2YTp7Il9hdXRoX3VzZXJfaGFzaCI6IjA3NTMxNWMyMjYxNDZlYzdjYjBlODA2MGUyY2RlMDI3ODQ3ZjQyMTgiLCJfYXV0aF91c2VyX2JhY2tlbmQiOiJkamFuZ28uY29udHJpYi5hdXRoLmJhY2tlbmRzLk1vZGVsQmFja2VuZCIsIl9hdXRoX3VzZXJfaWQiOiI2NiJ9','2018-03-19 15:18:31.441860'),('pmru8w5m7w9c47irzvqknpiddv4uxrxx','NmYwZTMxOGExNmEwYzNkZTJkMGY0Y2ZiNGNjMWJkMmU2N2JiNTQ2NTp7Il9hdXRoX3VzZXJfaGFzaCI6IjE1MTcwZWY0NWJlODE1YjRhOTI3MDNiMDY4YTUyMjJiM2UxYTFhN2QiLCJfYXV0aF91c2VyX2JhY2tlbmQiOiJkamFuZ28uY29udHJpYi5hdXRoLmJhY2tlbmRzLk1vZGVsQmFja2VuZCIsIl9hdXRoX3VzZXJfaWQiOiI2MSJ9','2018-03-19 13:57:02.101193'),('w41jkx7r4yu92kiwi84adud7kj429ymx','NmYwZTMxOGExNmEwYzNkZTJkMGY0Y2ZiNGNjMWJkMmU2N2JiNTQ2NTp7Il9hdXRoX3VzZXJfaGFzaCI6IjE1MTcwZWY0NWJlODE1YjRhOTI3MDNiMDY4YTUyMjJiM2UxYTFhN2QiLCJfYXV0aF91c2VyX2JhY2tlbmQiOiJkamFuZ28uY29udHJpYi5hdXRoLmJhY2tlbmRzLk1vZGVsQmFja2VuZCIsIl9hdXRoX3VzZXJfaWQiOiI2MSJ9','2018-03-19 13:57:03.249936'),('lffdj7eup5ct2nx56dac9013591ighor','ZGExNDE4MzEwZTIwMDY4YTYwNmE5NzE0YTMxYjY4YzgyY2Q2ZGM1MDp7Il9hdXRoX3VzZXJfaGFzaCI6ImVlNzY2OTcyODI0MjNjNGRmZmI5NmZkNzA5YzYxY2IzZWJkMGZjM2QiLCJfYXV0aF91c2VyX2JhY2tlbmQiOiJkamFuZ28uY29udHJpYi5hdXRoLmJhY2tlbmRzLk1vZGVsQmFja2VuZCIsIl9hdXRoX3VzZXJfaWQiOiIzNiJ9','2018-03-28 03:26:06.436565'),('dtuvnveo0vzr4qt2piqka9myhyxz47dn','NmYwZTMxOGExNmEwYzNkZTJkMGY0Y2ZiNGNjMWJkMmU2N2JiNTQ2NTp7Il9hdXRoX3VzZXJfaGFzaCI6IjE1MTcwZWY0NWJlODE1YjRhOTI3MDNiMDY4YTUyMjJiM2UxYTFhN2QiLCJfYXV0aF91c2VyX2JhY2tlbmQiOiJkamFuZ28uY29udHJpYi5hdXRoLmJhY2tlbmRzLk1vZGVsQmFja2VuZCIsIl9hdXRoX3VzZXJfaWQiOiI2MSJ9','2018-03-20 04:30:13.128977'),('fpa19uq0psfsuqfdyodqp2rdh18blml2','MjU3NWJhMWFmMWJmYmQxMDdjMTI3NzBhZmY4YmE5ZGQ2MDU3MGQ2YTp7Il9hdXRoX3VzZXJfaGFzaCI6IjA3NTMxNWMyMjYxNDZlYzdjYjBlODA2MGUyY2RlMDI3ODQ3ZjQyMTgiLCJfYXV0aF91c2VyX2JhY2tlbmQiOiJkamFuZ28uY29udHJpYi5hdXRoLmJhY2tlbmRzLk1vZGVsQmFja2VuZCIsIl9hdXRoX3VzZXJfaWQiOiI2NiJ9','2018-03-21 06:54:46.250322'),('ug3gnny6vf6xq6i3uytl26wawozs47e8','ZmJmOGUyZjA4NzM3NzA0MDMxOTI1NjI4NmRjYmFjOWVmN2Y5YzhkNTp7Il9hdXRoX3VzZXJfaGFzaCI6IjI5NjliOWRlZjk3OWYwZWViN2M1MGFmYWQwNjU5MjBkNGFjMTE5MzEiLCJfYXV0aF91c2VyX2JhY2tlbmQiOiJkamFuZ28uY29udHJpYi5hdXRoLmJhY2tlbmRzLk1vZGVsQmFja2VuZCIsIl9hdXRoX3VzZXJfaWQiOiI2NSJ9','2018-03-26 13:31:51.279421'),('vvtusaaum2jbbk3x5pxuu2cynpgxcqho','YTlmYTNjZWY2NTRlNTQ1Nzg0YWY5M2RkZWJjZjRmNzgxOGZkNDAxOTp7Il9hdXRoX3VzZXJfaGFzaCI6IjlhZjA3OWIwMWUwNjA1NzQ0ZjJiNjMzOWIyN2RkZTIzY2Q5ZTQ5MzAiLCJfYXV0aF91c2VyX2JhY2tlbmQiOiJkamFuZ28uY29udHJpYi5hdXRoLmJhY2tlbmRzLk1vZGVsQmFja2VuZCIsIl9hdXRoX3VzZXJfaWQiOiIyIn0=','2018-03-29 03:13:30.696292'),('1n0uf8n80foque287inv6nrqud5mw8ss','ZmJmOGUyZjA4NzM3NzA0MDMxOTI1NjI4NmRjYmFjOWVmN2Y5YzhkNTp7Il9hdXRoX3VzZXJfaGFzaCI6IjI5NjliOWRlZjk3OWYwZWViN2M1MGFmYWQwNjU5MjBkNGFjMTE5MzEiLCJfYXV0aF91c2VyX2JhY2tlbmQiOiJkamFuZ28uY29udHJpYi5hdXRoLmJhY2tlbmRzLk1vZGVsQmFja2VuZCIsIl9hdXRoX3VzZXJfaWQiOiI2NSJ9','2018-03-30 13:38:33.564296'),('6g3kybvxfgxvol4vq4dh4augnuelagcd','ZmJmOGUyZjA4NzM3NzA0MDMxOTI1NjI4NmRjYmFjOWVmN2Y5YzhkNTp7Il9hdXRoX3VzZXJfaGFzaCI6IjI5NjliOWRlZjk3OWYwZWViN2M1MGFmYWQwNjU5MjBkNGFjMTE5MzEiLCJfYXV0aF91c2VyX2JhY2tlbmQiOiJkamFuZ28uY29udHJpYi5hdXRoLmJhY2tlbmRzLk1vZGVsQmFja2VuZCIsIl9hdXRoX3VzZXJfaWQiOiI2NSJ9','2018-03-29 09:23:47.298302'),('dyojkp071r4btetcxvr39waznzddzm5q','NGU3ZWUzYjM4ODlkNDgwNjFlZTE0NTlmNjc4ZDk4NmFiNzQ3YjZmZTp7Il9hdXRoX3VzZXJfaGFzaCI6IjcyZWIyYzAxYmFkMTI4N2MzY2U1NmZiMTZiMmZlOGNiODIxM2RlOTQiLCJfYXV0aF91c2VyX2JhY2tlbmQiOiJkamFuZ28uY29udHJpYi5hdXRoLmJhY2tlbmRzLk1vZGVsQmFja2VuZCIsIl9hdXRoX3VzZXJfaWQiOiI2OCJ9','2018-03-30 05:30:10.678534'),('d1b37hjmvyyymbytlmr2bz6gkc6rydys','ZmJmOGUyZjA4NzM3NzA0MDMxOTI1NjI4NmRjYmFjOWVmN2Y5YzhkNTp7Il9hdXRoX3VzZXJfaGFzaCI6IjI5NjliOWRlZjk3OWYwZWViN2M1MGFmYWQwNjU5MjBkNGFjMTE5MzEiLCJfYXV0aF91c2VyX2JhY2tlbmQiOiJkamFuZ28uY29udHJpYi5hdXRoLmJhY2tlbmRzLk1vZGVsQmFja2VuZCIsIl9hdXRoX3VzZXJfaWQiOiI2NSJ9','2018-03-30 08:10:58.324795'),('wct90kz4nvg5h60v0if4f2m5ji5obcqd','ZmM5MjRiZTdiMTk4NWFiMThlMTA5NDVhODNiNzkzNDJmYmZhZWI0Nzp7Il9hdXRoX3VzZXJfaGFzaCI6IjVlMTYzNGZmNDlhNDUyNWZjOTUxNmQ3ZmY3NjRmNGZiZmY4Y2I2Y2QiLCJfYXV0aF91c2VyX2JhY2tlbmQiOiJkamFuZ28uY29udHJpYi5hdXRoLmJhY2tlbmRzLk1vZGVsQmFja2VuZCIsIl9hdXRoX3VzZXJfaWQiOiI1OSJ9','2018-03-31 07:49:00.306418'),('hm5rygkpdgsnqbb8uep25o8sn7nl0zz5','ZmJmOGUyZjA4NzM3NzA0MDMxOTI1NjI4NmRjYmFjOWVmN2Y5YzhkNTp7Il9hdXRoX3VzZXJfaGFzaCI6IjI5NjliOWRlZjk3OWYwZWViN2M1MGFmYWQwNjU5MjBkNGFjMTE5MzEiLCJfYXV0aF91c2VyX2JhY2tlbmQiOiJkamFuZ28uY29udHJpYi5hdXRoLmJhY2tlbmRzLk1vZGVsQmFja2VuZCIsIl9hdXRoX3VzZXJfaWQiOiI2NSJ9','2018-03-31 05:01:04.329334'),('nn6ifcy4zym065h3nx70dajsb4izmgmp','YTlmYTNjZWY2NTRlNTQ1Nzg0YWY5M2RkZWJjZjRmNzgxOGZkNDAxOTp7Il9hdXRoX3VzZXJfaGFzaCI6IjlhZjA3OWIwMWUwNjA1NzQ0ZjJiNjMzOWIyN2RkZTIzY2Q5ZTQ5MzAiLCJfYXV0aF91c2VyX2JhY2tlbmQiOiJkamFuZ28uY29udHJpYi5hdXRoLmJhY2tlbmRzLk1vZGVsQmFja2VuZCIsIl9hdXRoX3VzZXJfaWQiOiIyIn0=','2018-04-02 16:07:09.070599'),('ixbdb81jd280j33z5qixqb8fes435ilz','MWVjZmM4ZDA5MTIyNGMxOWVhYjIzZjRkODEyNjg5MWE0OTAwYTBhNDp7Il9hdXRoX3VzZXJfaGFzaCI6IjYzMDIzODU4NDNlNTAwZDIyYWY4NWY5MGI3YTNmNWE4MDBhZWNhN2UiLCJfYXV0aF91c2VyX2JhY2tlbmQiOiJkamFuZ28uY29udHJpYi5hdXRoLmJhY2tlbmRzLk1vZGVsQmFja2VuZCIsIl9hdXRoX3VzZXJfaWQiOiI2NCJ9','2018-03-31 11:54:57.288418'),('rgo1ksaafe5qtp9catgah70jbsjo344l','NGRhNmMwNzJkNWFiNmVmMjQzOTgwZDhkOGE2NzRmYzM1NjJjMDIyYjp7Il9hdXRoX3VzZXJfaGFzaCI6Ijg3ZDgwOTFlM2FiZDY2MGE3M2FmZTA2MmYzZjhmODhlYTAxYWIxZjYiLCJfYXV0aF91c2VyX2lkIjoiMTk4IiwiX2F1dGhfdXNlcl9iYWNrZW5kIjoiZGphbmdvLmNvbnRyaWIuYXV0aC5iYWNrZW5kcy5Nb2RlbEJhY2tlbmQifQ==','2018-03-31 11:17:39.961647'),('ou1foq9a31u82omprvoshprmd4367aet','OTkwMzRkYzIyNWIwOTQzZGIzM2NkM2M5OTJiN2FkOGMxNTQ2YzQ1Yzp7Il9hdXRoX3VzZXJfaGFzaCI6ImRlN2E2NTkzZTA0MjU0NTk1NmQyYjIzZGIzZTEyZmZjYWUxMmEyOTMiLCJfYXV0aF91c2VyX2JhY2tlbmQiOiJkamFuZ28uY29udHJpYi5hdXRoLmJhY2tlbmRzLk1vZGVsQmFja2VuZCIsIl9hdXRoX3VzZXJfaWQiOiI1NyJ9','2018-04-10 04:03:38.601138');
/*!40000 ALTER TABLE `django_session` ENABLE KEYS */;
UNLOCK TABLES;

--
-- Table structure for table `django_site`
--

DROP TABLE IF EXISTS `django_site`;
/*!40101 SET @saved_cs_client     = @@character_set_client */;
/*!40101 SET character_set_client = utf8 */;
CREATE TABLE `django_site` (
  `id` int(11) NOT NULL AUTO_INCREMENT,
  `domain` varchar(100) NOT NULL,
  `name` varchar(50) NOT NULL,
  PRIMARY KEY (`id`)
) ENGINE=MyISAM AUTO_INCREMENT=2 DEFAULT CHARSET=latin1;
/*!40101 SET character_set_client = @saved_cs_client */;

--
-- Dumping data for table `django_site`
--

LOCK TABLES `django_site` WRITE;
/*!40000 ALTER TABLE `django_site` DISABLE KEYS */;
INSERT INTO `django_site` VALUES (1,'sales.wellnetservices.com','WellNet Services');
/*!40000 ALTER TABLE `django_site` ENABLE KEYS */;
UNLOCK TABLES;

--
-- Table structure for table `services_baseuser`
--

DROP TABLE IF EXISTS `services_baseuser`;
/*!40101 SET @saved_cs_client     = @@character_set_client */;
/*!40101 SET character_set_client = utf8 */;
CREATE TABLE `services_baseuser` (
  `id` int(11) NOT NULL AUTO_INCREMENT,
  `password` varchar(128) NOT NULL,
  `last_login` datetime(6) DEFAULT NULL,
  `is_superuser` tinyint(1) NOT NULL,
  `username` varchar(30) NOT NULL,
  `first_name` varchar(30) NOT NULL,
  `last_name` varchar(30) NOT NULL,
  `email` varchar(254) NOT NULL,
  `is_staff` tinyint(1) NOT NULL,
  `is_active` tinyint(1) NOT NULL,
  `date_joined` datetime(6) NOT NULL,
  `phone_number` varchar(10) NOT NULL,
  `force_password_change` tinyint(1) NOT NULL,
  PRIMARY KEY (`id`),
  UNIQUE KEY `username` (`username`)
) ENGINE=MyISAM AUTO_INCREMENT=199 DEFAULT CHARSET=latin1;
/*!40101 SET character_set_client = @saved_cs_client */;

--
-- Dumping data for table `services_baseuser`
--

LOCK TABLES `services_baseuser` WRITE;
/*!40000 ALTER TABLE `services_baseuser` DISABLE KEYS */;
INSERT INTO `services_baseuser` VALUES (1,'pbkdf2_sha256$20000$IHGjq2aCynl0$wUrrVw9fL7O+z363P1a7Y/vZal5uAu61pwMOXrWo6mc=','2018-03-15 15:48:39.312751',1,'prakash','','','prakash@forktechnologies.com',1,1,'2016-04-14 18:50:17.259943','9986074009',0),(2,'pbkdf2_sha256$20000$aFbd9ae6wbRs$lJhj3lOZUCAZJxK/fgMy4dOk2aoW6y08szD6o7d+wvE=','2018-03-19 16:07:08.015465',0,'sridhar','','','sridhar@wellnetservices.com',1,1,'2016-04-15 10:10:49.009480','',0),(3,'pbkdf2_sha256$20000$NYm01AUd2qv1$1x+IaJGkRDsMfATLwdSJSV85KYchOOmScw3oDYcBScE=','2016-08-22 06:20:51.417698',0,'Hitesh','','','hitesh@wellnetservices.com',0,0,'2016-04-18 09:41:28.448158','',0),(4,'pbkdf2_sha256$20000$qYGfmiSOyb4F$R1jxSyqxCLd+cqRCA/gjHY9lbWe31VAFFuFoze+Y4u8=','2017-03-24 10:58:42.518961',0,'Shailendra','','','shailendra@wellnetservices.com',0,0,'2016-04-18 09:49:07.634254','',0),(41,'pbkdf2_sha256$20000$dLVHV4qmfNwV$RhJROAhD5xsFMWGsHL8P07S8YgSK8VcyuCz7qtrTOfw=','2017-04-01 06:13:34.713407',0,'tyreparkjnr','','','jnr@cherryagencies.com',1,1,'2016-10-08 06:29:44.271509','',0),(6,'pbkdf2_sha256$20000$BebXcpGEUX7s$x3Ue2rNtGzBOYbA58khc0tVhfAuVtT7rfzKuj8IrKac=','2017-02-26 08:33:33.720490',0,'suresh','','','suresh@wellnetservices.com',1,1,'2016-04-18 13:06:41.054710','',0),(42,'pbkdf2_sha256$20000$ffkSh69wlbuu$5fLHEcZP5knaP5Mw8NYPHf/pBdRtaxvtLgvD5NJFveM=','2017-03-25 03:52:17.523098',0,'arjun','','','arjun.vasista1705@gmail.com',0,0,'2016-10-17 04:24:02.233390','',0),(39,'pbkdf2_sha256$20000$aiBBDUDrlkxZ$kGuVxA+r+OZ8b1v45YAtiLaz+JQESDGkRzZI+vmi7Nc=','2017-02-11 07:02:36.790927',0,'Tyreparkrnr','','','rnr@cherryagencies.com',1,1,'2016-10-04 06:37:29.784058','',0),(40,'pbkdf2_sha256$20000$G4YiueyRjrqz$FU+aWyF91Ew+e/TAxKGdEWS9FU5ZNzQe+bg6hSy8OK8=',NULL,0,'Motoadda','','','avinash@motoadda.com',1,1,'2016-10-05 13:58:29.374299','',1),(37,'pbkdf2_sha256$20000$nivTxOORSoTb$hmHqTJBydGD4TBya1kWT4rg1xPbWVHrBQbJdRkcCLH8=','2017-03-06 10:47:43.554754',0,'Tyreparkkhr','','','khr@cherryagencies.com',1,1,'2016-09-19 06:50:31.595290','',0),(38,'pbkdf2_sha256$20000$ElYSThyINT7Z$fy4XjTvS7Tr/1Ku8DSFicMhSGpTOgkEqDJH3fr71YgQ=','2017-03-31 09:15:38.928964',0,'Tyreparkbtm','','','btm@cherryagencies.com',1,1,'2016-10-01 06:41:00.648214','',0),(25,'pbkdf2_sha256$20000$NwrI928YG5Zt$3jg6MW3zEU/NTk0eDkwyojAxRmt1yU2QNlbAnk/UAys=','2016-05-14 11:29:51.969366',0,'darshan','','','darshan@wellnetservices.com',0,0,'2016-05-12 03:47:54.541082','',0),(36,'pbkdf2_sha256$20000$1EcyOEd3t8Fi$fotaY2lBz/T5euNolq9BXf/0EzvDhHuf/wyG/9jJ2Wg=','2018-03-27 04:04:36.945693',0,'suhas','','','suhas@wellnetservices.com',1,1,'2016-09-12 07:54:11.956144','',0),(35,'pbkdf2_sha256$20000$cgVkdjAW1rZb$xsXApJuKm4XftkIYrA5FKSbgnamdUG3C4LacZyOqDnY=',NULL,0,'konarkjnr','','','konarks.rajendra@gmail.com',1,1,'2016-09-08 05:16:01.369416','',1),(34,'pbkdf2_sha256$20000$7qCnhtcmtcNQ$CCShq+7XxH0ap+l/Xa9YBK+iZFhbrPg2Gyr/6OWUlQs=','2017-03-24 05:16:52.469088',0,'Cherry1indiranagar','','','inr@cherryagencies.com',1,1,'2016-08-22 05:59:22.071115','',0),(60,'pbkdf2_sha256$20000$M9K2mCbNXdFf$duOLp2C22akXFX3M4+d2yWc31aJinrKmbhlAOMAbwNE=',NULL,0,'lal','','','lal@wellnetservices.com',0,0,'2017-12-08 09:10:58.247714','',1),(33,'pbkdf2_sha256$20000$5Okbk4aq4sf4$lSwq+hxW7dYBwUYigRyUaxripVs58+/9owzx0g/eMt0=','2016-11-28 04:49:31.572051',0,'Cherryelectroniccity','','','elc@cherryagencies.com',1,1,'2016-08-20 07:21:01.236750','',0),(31,'pbkdf2_sha256$20000$nXPDEnjerKT7$AdbB+XyLyylu9D7ToLfB8gbm894aN46KiuPCHuyk24w=',NULL,0,'Bestserve','','','utsav.shetty@bestserve.in',1,1,'2016-08-17 04:09:25.592063','',1),(61,'pbkdf2_sha256$20000$ltmqJqJxCeu5$CyEIq7Umc5WmcmBHbBUOolxgZ97apXL8dFslpZpPxRU=','2018-03-06 04:30:12.036643',0,'anup','','','anup@wellnetservices.com',1,1,'2017-12-08 09:24:17.175272','',0),(43,'pbkdf2_sha256$20000$usuN4khBeUhj$h/kPc/BiDeVsWeVyo0qlIZDw9Mqr/er+9MBRe0RZm9s=','2018-01-12 04:10:02.959409',0,'bahubali','','','bahubali@wellnetservices.com',1,1,'2016-10-17 04:29:23.493061','',0),(59,'pbkdf2_sha256$20000$6AVaAmrFq9Cf$eH4OxyYRiO6wgAhY8cVCJflVqRrfvgbqZpy5BAQ9HWA=','2018-03-17 07:48:59.242753',0,'keyur','','','keyur@wellnetservices.com',1,1,'2017-12-08 08:54:12.908733','',0),(45,'pbkdf2_sha256$20000$DYddmKLnVZl5$PjciNevIwB+juqRUgMz1QpDABxeT496GnfJy1u8QJGA=','2017-03-31 10:31:49.559792',0,'tyrepark1ypr','','','ypr@cherryagencies.com',1,1,'2016-10-27 07:22:47.101833','',0),(46,'pbkdf2_sha256$20000$1Ax7dmUwdkvv$PVqgCHZGn6vRbOrezLdeTE1IcCIvVKhLciOqEIgpvmY=',NULL,0,'expresscarcare','','','info@siliconcabs.in',1,1,'2016-11-15 06:11:24.167283','',0),(58,'pbkdf2_sha256$20000$rosnB31ciASF$Uj+9rGT/badgld7y3CsQIJBpqT4ygRQL18GkMuJtrrs=','2017-12-06 17:26:42.861365',0,'pakki','','','prakash.takkalaki@gmail.com',1,1,'2017-12-06 15:51:52.269316','',0),(48,'pbkdf2_sha256$20000$FtS3zMzwTi4j$5ejfBYRZLarZNxNKi4KhuXuweEG/rQyoEQxkrSw6HYk=',NULL,0,'shuprashinenride','','','director@thebosscarz.com',1,1,'2016-12-08 09:36:24.229340','',1),(49,'pbkdf2_sha256$20000$7T0wm2VhElQX$2+QyvuRV6ZN5xcBx/ad3eOI5RgCg6zM7w+hPszr2jNs=','2017-03-25 04:00:53.545980',0,'sudarshanexpresscarcare','','','sudarshanexpresscarcare.in@gmail.com',1,1,'2016-12-24 06:11:15.255654','',0),(50,'pbkdf2_sha256$20000$2F26LMXZicnj$oEpD5LOsrVtSZ3nRR+HmcVXgz2SABW3dE6doP96Hm3Q=',NULL,0,'AutoFusion','','','usmankhan31199@gmail.com',1,1,'2017-01-07 04:09:05.560298','',1),(57,'pbkdf2_sha256$20000$ykgoE6nKyEk8$jvrOobYA8CbqEA8K0NhRgkEE4rr4iV2RYVhlfGych9Y=','2018-03-27 04:03:37.477013',0,'rohith','','','rohith@wellnetservices.com',1,1,'2017-12-06 13:52:17.528211','',0),(52,'pbkdf2_sha256$20000$RvmwVlM1dD3O$ThCf+Re5wbPejsQJ+1JEBhADI6sGcEXXQ5gOmbZdZnE=',NULL,0,'RefreshCarSpa','','','refreshcarspa@gmail.com',1,1,'2017-01-09 04:00:23.753046','',1),(53,'pbkdf2_sha256$20000$DwQqH8MM3dKG$qjGG0nd3Q73uBWl7N4iD1B3rL3JOjmtvOQC0DUbXb3k=',NULL,0,'ImaginePestServices','','','imaginepestservices@gmail.com',0,1,'2017-02-28 11:29:41.745905','',1),(54,'pbkdf2_sha256$20000$U2YTSfU8G6GE$nX53ja4h2wTkqyNyvaMuj2a/sD54mhT2+Kpn27TTckk=','2017-03-28 06:37:56.559900',0,'rapidcarcare','','','rapidcarcare12@gmail.com',1,1,'2017-03-01 09:39:24.878879','',0),(55,'pbkdf2_sha256$20000$OkSOmaf2NS0d$riCg/DQeDxmiP2UcfR0crV8B+C5LYKMYXYR4ddm4d9U=',NULL,0,'CarWashNWipe','','','carwashnwipe@gmail.com',0,1,'2017-03-08 07:38:56.604865','',0),(56,'pbkdf2_sha256$20000$ZVvX4hvtMbUC$UbbA1WzfRHG0V/nn1CGN0hXRcR7RMTJWofFKDGmjL4I=','2017-03-25 13:06:23.903009',0,'ManuPitstop','','','kishan_ind@yahoo.com',1,1,'2017-03-25 03:42:56.095827','',0),(62,'pbkdf2_sha256$20000$UlwmrGGLt1Q7$Pnvwi+NFD5+emeIUsoZYznPVe9reGxC8Emy8GaoPIkE=','2018-03-19 15:19:49.683881',0,'girish','','','girish@wellnetservices.com',1,1,'2017-12-08 09:30:48.147728','',0),(63,'pbkdf2_sha256$20000$MAhGfiXtdrFQ$WXF/eA6/2aJRRciRPhNRvRjqBkQ74BwBuTwgz3z7bHE=','2018-02-27 05:04:53.482863',0,'alex','','','alex@wellnetservices.com',1,1,'2017-12-08 09:37:05.116314','',0),(64,'pbkdf2_sha256$20000$jBmpnq1i69yv$6bi6pmRyNHXCqU0OZmWnBjGMC+6oeWMhNbZaDy8GCxA=','2018-03-17 11:54:56.231544',0,'kamal','','','kamal@wellnetservices.com',1,1,'2017-12-08 09:43:03.360024','',0),(65,'pbkdf2_sha256$20000$sRDHXDiNc3I6$cMaA64n+Qnkc51FjdvJ6J8SW+YXv6Ze5CqrUBSsb38c=','2018-03-17 05:01:03.235568',0,'uttam','','','uttam@wellnetservices.com',1,1,'2017-12-08 09:51:28.475599','',0),(66,'pbkdf2_sha256$20000$d3nIvEk6cFTB$E8DAjGt63JQbVWfxc69+I6zOiUozQoB1mUI+taLoQLo=','2018-03-07 06:54:45.143633',0,'akhil','','','akhil@wellnetservices.com',1,1,'2017-12-08 09:58:12.514747','',0),(67,'pbkdf2_sha256$20000$3N4d3rD2CDpB$V9VbS5yhxfZ+mYywn15+PwTop57Cs60B5z0Js0LaD5A=','2018-03-19 15:56:42.081438',0,'amit','','','amit@wellnetservices.com',1,1,'2017-12-08 10:07:58.425477','',0),(68,'pbkdf2_sha256$20000$JJmrGNRpfJgH$GWDm4x0jgOfHRAi5saIA7zk76S1AukpJTrlMSV/jjlY=','2018-03-16 05:30:09.592947',0,'deepak','','','deepak@wellnetservices.com',1,1,'2017-12-08 10:14:20.676239','',0),(69,'pbkdf2_sha256$20000$po0oSHKppVP1$Dswq80/zowLbHdrTlmElQolT+0mQJUvOXpoUFjywWKk=',NULL,0,'NandiToyotaKudluGate','','','gurup@nanditoyota.com',0,1,'2018-01-02 05:35:10.999587','',1),(70,'pbkdf2_sha256$20000$BYO7DsVrdZto$bggagiGYB7RxxEzy1s0/FoOyGSLUol7nVjpGEJO/rH8=',NULL,0,'NandiToyotaBannerghattaRoad','','','gurup@nanditoyota.com',0,1,'2018-01-02 05:51:08.168870','',1),(71,'pbkdf2_sha256$20000$l0YaLb06DzEL$x9OFgosYLFDEAXcVvaqaZl1gpCSsNv0JqYlOnuaYCYA=',NULL,0,'NandiToyotaKanakapuraRoad','','','jithesh@nanditoyota.com',0,1,'2018-01-02 06:01:45.197542','',1),(72,'pbkdf2_sha256$20000$OxEPAbA19j19$h7vWjJXAlqxO8Snp4TqprKUSaPLV4+2++muCq7IXwGI=',NULL,0,'NandiToyotaKRRoad','','','jithesh@nanditoyota.com',0,1,'2018-01-02 06:09:44.341505','',1),(73,'pbkdf2_sha256$20000$33EstKmPL0p1$jnGvtOTKrdr9EXb709/LuTvz64xxl+NJhn0/Q1q0rHs=',NULL,0,'NandiToyotaBanaswadi','','','rajeshsn@nanditoyota.com',0,1,'2018-01-02 06:25:12.228187','',1),(74,'pbkdf2_sha256$20000$bjMAomXAFM3z$2LFbnx3exwx99DMrWjbLdHs1+zhVpCJ+aJDUETcE/Eg=',NULL,0,'NandiToyotaBommanahalli','','','manjunath@nanditoyota.com',0,1,'2018-01-02 06:34:09.770695','',1),(75,'pbkdf2_sha256$20000$U9Qkh1wVyHX0$/yovp+ZfAMAwtuT4G9bZagrq8kwd4QcbCPUKWkY9bdA=',NULL,0,'NandiToyotaWhitefield','','','vijaykumar@nanditoyota.com',0,1,'2018-01-02 06:44:06.114028','',1),(76,'pbkdf2_sha256$20000$nAziXp9ZpV8O$vNmcaUH9GMvOYVvZd5hb251DAgESG6l+VQqz+Az/1ls=',NULL,0,'LansonToyotaKoyambedu','','','vselvaraj@lansontoyota.com',0,1,'2018-01-02 10:55:32.733848','',1),(77,'pbkdf2_sha256$20000$6nSePVbi0w95$zhS7J9DurL7Z+5Q2ovtM8LDOflZESYCarBmf0M4duOg=',NULL,0,'VivaToyotaAirportRoad','','','bl06b_agm@vivatoyota.co.in',0,1,'2018-01-03 12:01:43.946164','',1),(78,'pbkdf2_sha256$20000$jUeLKhwXDNJD$gatObhiYiS2qByyEQR2FOj4C497YYXoUuEnWLBcQKIc=',NULL,0,'VivaToyotaKogilu','','','bl06b_cs@vivatoyota.co.in',0,1,'2018-01-03 12:11:55.073509','',1),(79,'pbkdf2_sha256$20000$WUoPju2MPByc$l4BN2/gDqtRLT6swKe2CbqdrMFHBWMacECxJtNwcRE4=',NULL,0,'VivaToyotaMysoreRoad','','','gmservice@vivatoyota.co.in',0,1,'2018-01-03 12:20:09.660565','',1),(80,'pbkdf2_sha256$20000$vRLw0au3CcUt$m8Qp278hIvNvVmGldFifZIdPPVg5E+DPqDlmmFTTvx8=',NULL,0,'MadhubanToyotaKurlaWest','','','zakir@madhubantoyota.com',0,1,'2018-01-03 13:04:34.824812','',1),(81,'pbkdf2_sha256$20000$JV9qkBABxe2B$ZfkOzCNyN6kXucM/8F6TKy07KvdUSzVHSDFi+tGDE9Q=',NULL,0,'MGFToyotaGurgaon','','','nawani@mgftoyota.co.in',0,1,'2018-01-04 09:22:23.731369','',1),(82,'pbkdf2_sha256$20000$sG1tRzE9a4eU$p8f1eeZ+8eNFeaTqqIXwRlHzvsSCyGSoWcWKdQsaWhc=',NULL,0,'MGFToyotaPeeragadhi','','','mathew@mgftoyota.co.in',0,1,'2018-01-08 07:35:53.497985','',1),(83,'pbkdf2_sha256$20000$857qaakLno7O$DuBiJfmDeFiB43L8ZO4ivmOXEbvocIRJxwaNVb+Ek5U=',NULL,0,'MGFToyotaDaulatabad','','','kohli@mgftoyota.co.in',0,1,'2018-01-08 08:01:41.450543','',1),(84,'pbkdf2_sha256$20000$GHRSkWZYl4yI$H8XZugMQOdKRD/ILuRKguVefpVJb302fMQouO0M7Ry0=',NULL,0,'SilvermoonToyotaKangra','','','silvermoon.toyota@gmail.com',0,1,'2018-01-25 09:50:19.763850','',1),(85,'pbkdf2_sha256$20000$WS15EoIitpjv$yhc82U0OWr8xW183/aVNRl+R0klYkjCWSIL+HQkSElw=',NULL,0,'AnandToyotaSolan','','','anandtoyotasolan@gmail.com',0,1,'2018-01-27 10:31:14.898069','',1),(86,'pbkdf2_sha256$20000$VVQVbV2lWGrl$ItbPXcviOagc+yxmowdqXoEOndYVnES5AQ8ZRVbcgDQ=',NULL,0,'AnandToyotaMandi','','','anandtoyotasolan@gmail.com',0,1,'2018-01-27 10:50:14.864530','',1),(87,'pbkdf2_sha256$20000$jdFMob2Ef8UB$8ImI1v9Medf/6b40xHbuBCkIXdcFjyn3N5bRrT7O5gY=',NULL,0,'RavinduToyotaRajajinagar','','','cs@ravindu.co.in',0,1,'2018-01-29 06:51:16.347297','',1),(88,'pbkdf2_sha256$20000$MuZEV6Byw9V2$iTx08mC9+Gg55DpRiDqBPhwFl9p0C68oIL8ARD2lrfE=',NULL,0,'RavinduToyotaAvalahalli','','','cs_avl@ravindu.co.in',0,1,'2018-01-29 07:15:10.534036','',1),(89,'pbkdf2_sha256$20000$hI0SQaPDDXb1$HPQ8Cg4ydBWhbfvrDcHIn5AelkwlN3rLpwGAGm5p7eA=',NULL,0,'GalaxyToyotaMotiNagar','','','',0,1,'2018-01-29 11:36:11.758992','',1),(90,'pbkdf2_sha256$20000$MhdldHfyowvX$91tzlEH4e7Sd/4G/jZytM3bkte8Hn7qMEq6VDVHPaDA=',NULL,0,'GalaxyToyotaOkhla','','','',0,1,'2018-01-29 12:12:23.076913','',1),(91,'pbkdf2_sha256$20000$753rylDMWvzG$PLx9PS38t8fKuRwbuAN9q9Hsuspl2CI8A9aX5SiAf3M=',NULL,0,'GalaxyToyotaAzadpur','','','',0,1,'2018-01-29 12:31:48.325725','',1),(92,'pbkdf2_sha256$20000$9c8n3jwvWKjN$E0Ol8VjGE2zN4q03v7ZDG0u+wixASK/mVQYPA9agVFE=',NULL,0,'LakozyToyotaMaladWest','','','',0,1,'2018-01-29 13:22:02.469107','',1),(93,'pbkdf2_sha256$20000$e4cgp7ZdMzw7$O6wk9LlBMd2R2yZGPWpgJLmZTP0bDd4PeHwXb6iHM0M=',NULL,0,'GALAXYTOYOTADL06A','','','',0,1,'2018-01-30 05:05:46.448452','',1),(94,'pbkdf2_sha256$20000$mux4aAdGrKwr$yLX4E8KiMgUmUa7WDaR0cGT6NlqA/0fw4ybVTaL47tQ=',NULL,0,'RajpalToyotaBhopal','','','bo01a_cs@rajpal-toyota.com',0,1,'2018-01-30 05:32:03.896621','',1),(95,'pbkdf2_sha256$20000$BJRqRA08qHCO$fXs64BrQAZOGA9T0M+n5tU3ocSHoVduOhJxQvW15NJg=',NULL,0,'GalaxyToyotaSonepat','','','gmcs_sn01a@thesachdevgroup.com',0,1,'2018-01-30 06:05:21.058155','',1),(96,'pbkdf2_sha256$20000$m4Wwggp1SCbh$XPVG9xyg7xHuCiQSA2g82K9Pq0wDjsRaimOL2R/U/o0=',NULL,0,'ShawToyotaWagholi','','','anant.dhumal@shawtoyota.in',0,1,'2018-01-30 07:31:52.069393','',1),(97,'pbkdf2_sha256$20000$Pr5LVwsCglWC$7ExBlh7BkSlh6+zJBomo5tnS2Xf2O1rNGkpQKRtptFU=',NULL,0,'InfiniumToyotaRajkot','','','rj01a_cs@infiniumtoyota.ooo',0,1,'2018-01-30 11:53:22.132939','',1),(98,'pbkdf2_sha256$20000$QxJGoSMjSRPx$MqSPyADA4/0TwlZ9TceNji8kBCNUv4Azxxv6M2it5Mw=',NULL,0,'InfiniumToyotaNaroda','','','ah02a_cs@infiniumtoyota.ooo',0,1,'2018-01-30 12:56:18.623620','',1),(99,'pbkdf2_sha256$20000$aaZ2mXpkywtG$HpVV9sb5bMbtB29FJusWTOSMtt5by+U+gBklZOrwSPI=',NULL,0,'NipponToyotaCochin','','','melvin@nippontoyota.com',0,1,'2018-01-31 03:40:41.084160','',1),(100,'pbkdf2_sha256$20000$YxrWbbfzQtGN$xsheOvW5FSaKKraoJ1vpbdD6XkddRn3+bOyKjTuV0CI=',NULL,0,'RadiantToyotaLudhiana','','','vpoperations@teamradiant.org',0,1,'2018-01-31 08:07:37.461252','',1),(101,'pbkdf2_sha256$20000$J2yGNjB354gU$ikqr73IvsVPLGqkh/mVmEE5CvwZDcS2Y+lIDNzeUUIc=',NULL,0,'RadiantToyotaMoga','','','vpoperations@teamradiant.org',0,1,'2018-02-01 07:28:33.230338','',1),(102,'pbkdf2_sha256$20000$Sz2Ayzbg4Rsd$0LXtLv6x2IK4HHKofXxIawJn9HVbN7PaxsZRNjJW2Qs=',NULL,0,'JaiGaneshToyotaBhavnagar','','','Bv01a_cs@jaiganesh.co.in',0,1,'2018-02-01 09:13:43.999516','',1),(103,'pbkdf2_sha256$20000$TtaQyhdl6vie$ghkZkiv6b08K3SPIDdldBAAOsSnTlNpH+wUa6frBMys=',NULL,0,'anil','','','anil@wellnetservices.com',1,1,'2018-02-02 05:45:39.879011','',1),(104,'pbkdf2_sha256$20000$PuD6LiHLLrUA$YS2ZYv/9gmoTCyVoA05vAGOqJkgFpRHsS/QiKZBADWw=',NULL,0,'ChaudhariToyotaJalgaon','','','shankar.b@ccplj.in',0,1,'2018-02-02 11:13:03.820029','',1),(105,'pbkdf2_sha256$20000$XOAqUmFHeSEc$38ce2v8ihbawYSgaa8aYorWe/VDkllV+LiR4UmMWmUM=',NULL,0,'RavinduToyotaMagadiRd','','','cs@ravindu.co.in',0,1,'2018-02-02 11:17:13.828244','',1),(106,'pbkdf2_sha256$20000$jJ4caXgfrgdG$VbSGqflw1FmcjBpPGRjntVfF2h6LtdWtgYvOJldfHYc=',NULL,0,'RavinduToyotaPeenya','','','cs@ravindu.co.in',0,1,'2018-02-02 11:27:21.947467','',1),(107,'pbkdf2_sha256$20000$PPLSFyKK6dpM$CLMPMtyrWQoPJm4H68n77vqRlFDV206Nu1Fdp6Y/qVE=',NULL,0,'RavinduToyotaTumkur','','','cs_tum@ravindu.co.in',0,1,'2018-02-02 11:37:24.963965','',1),(108,'pbkdf2_sha256$20000$QzIcRnr9BEPC$urZUyx8KZYgZ0+UBkX6H6+jCaQKSXvuiRsN9CYcnT5k=',NULL,0,'RajyogToyotaLatur','','','sourish.hota@rajyogtoyota.com',0,1,'2018-02-02 12:01:21.969190','',1),(109,'pbkdf2_sha256$20000$UtMDjlwQhXjF$bJXC4fvPlK7OO6u2tI7b1Lm+0mgYb+x/zxxXCvLMehA=',NULL,0,'HarshaToyotaKondapur','','','hy02a_cs@harshaauto.com',0,1,'2018-02-02 12:06:47.895742','',1),(110,'pbkdf2_sha256$20000$VDujjoJitN23$IAsII1/dKg6eZDEk6E174adMRSn2bQRdL9KIPEpIHYY=',NULL,0,'EspiritToyotaDelhi','','','',0,1,'2018-02-02 12:16:33.810305','',1),(111,'pbkdf2_sha256$20000$r4VAgtmjeXaD$U2CVcUYUKXvg8sHTWH2a3ovVcYWWd8s9c1qwzgfc62E=',NULL,0,'HarshaToyotaLBNagar','','','hy02b_cs@harshaauto.com',0,1,'2018-02-02 12:16:36.411609','',1),(112,'pbkdf2_sha256$20000$treRZoHA57Vx$yDoUlBX4gCBeuGRKMJbTvQMU2U8f3TeA/QfsdKdSgPA=',NULL,0,'InfiniumToyotaGandhidham','','','gd01a_cs@infiniumtoyota.ooo',0,1,'2018-02-02 12:21:36.979657','',1),(113,'pbkdf2_sha256$20000$ZDdyE60IYdJy$LjfbZb0qqK2eua9Djq35srwU80gUqZCpRyGK/4j/6Cs=',NULL,0,'HarshaToyotaNizampet','','','hy02c_cs@harshaauto.com',0,1,'2018-02-02 12:30:55.869413','',1),(114,'pbkdf2_sha256$20000$Kosnw2kQ3z2x$43SXES0NZako/k4Nyn0XSeOmJ00ela8t6ENh6zGktwc=',NULL,0,'InfiniumToyotaVadodara','','','va03a_cs@infiniumtoyota.ooo',0,1,'2018-02-02 12:36:08.136239','',1),(115,'pbkdf2_sha256$20000$2hm41Cc9FEv1$TmgVreUTYF3hJHAzsFm8pgCEo9r9m1Fu5/SDnWgM5p0=',NULL,0,'EspiritToyotaNoida','','','',0,1,'2018-02-02 12:46:28.018297','',1),(116,'pbkdf2_sha256$20000$K1PVcbxM2Swe$XdI6gWfLOUjhDHCPud3DzgXAwoMZjZ5IxNun9JQ+fYU=',NULL,0,'InfiniumToyotaMehsana','','','mx01a_cs@infiniumtoyota.ooo',0,1,'2018-02-02 13:01:15.423639','',1),(117,'pbkdf2_sha256$20000$ACOiBv6YDdpw$LDNdktZUsdIfIkgO2VM7mYCRtvk/HY0Y9RSypUkeBsQ=',NULL,0,'HarshaToyotaKurnool','','','ku01a_cs@harshaauto.com',0,1,'2018-02-02 13:01:17.210127','',1),(118,'pbkdf2_sha256$20000$Doxj2LNL4BEV$V0lZVoJX3gkhjfMZklpjzbzfF/wdTATRrDqwjfTzv+8=',NULL,0,'InfiniumToyotaBopal','','','ah02b_cs@infiniumtoyota.ooo',0,1,'2018-02-02 13:24:12.842320','',1),(119,'pbkdf2_sha256$20000$6EaZUuJ1Fdeu$xkysTdrabGJiQykFgvirVfx5mbXa+FcOQHrKrVfFTVM=',NULL,0,'HarshaToyotaNellore','','','ne01a_cs@harshaauto.com',0,1,'2018-02-02 13:28:24.587717','',1),(120,'pbkdf2_sha256$20000$6syxE0UZzAgQ$UHReYx0F2hQAYNdeaTAWX/3hjRjym8q9fVHyDwpb9uQ=',NULL,0,'HarshaToyotaTirupati','','','tu01a_cs@harshaauto.com',0,1,'2018-02-02 13:41:41.027565','',1),(121,'pbkdf2_sha256$20000$3SC3TDmVGUkP$mKnxUO+N64f0IluranBBnHuEsxilA8W+84Em0ACJFp4=',NULL,0,'InfiniumToyotaHimatnagar','','','hi01a_cs@infiniumtoyota.ooo',0,1,'2018-02-02 13:44:29.800328','',1),(122,'pbkdf2_sha256$20000$biPzrdOfSJzr$Cfk/fb4n74cid+DGyzBlzsT07FEmNZo1+ud2Fu5xJzY=',NULL,0,'HarshaToyotaAnantapur','','','ap01a_cs@harshaauto.in',0,1,'2018-02-02 13:52:05.611225','',1),(123,'pbkdf2_sha256$20000$QPrq1WjdF7VN$LNVVozkHQohoYyELt/7iyHMWh+UAfO+a4D9uwajq3mM=',NULL,0,'InfiniumToyotaSarkhej','','','ah01a_service@infiniumtoyota.ooo',0,1,'2018-02-02 14:10:08.670613','',1),(124,'pbkdf2_sha256$20000$kgD4PjamfEXT$R9iF02qIjYzZ7OoSv6z5wPeeQ13J9Pm3mC4da+Dy9Tw=',NULL,0,'EspiritToyotaGreaterNoida','','','groupHCS@espirit-toyota.com',0,1,'2018-02-03 06:43:56.036544','',1),(125,'pbkdf2_sha256$20000$rrjNoMVxgUAc$QjARSwHY7Hzy4GoNxXFMJEWOd0YTcLz7j3JVE+EXxxY=',NULL,0,'GargyaToyotaGuwahati','','','cs@gargyatoyota.com',0,1,'2018-02-03 07:05:57.504812','',1),(126,'pbkdf2_sha256$20000$Dqx2pJVWATWx$mL/co4/d65+qGcFZh/QLnnqPdtu0g7UnrSy+O/6mX2E=',NULL,0,'RathodToyotaVapi','','','vp01a_cs@rathodtoyota.com',0,1,'2018-02-03 07:22:48.840525','',1),(127,'pbkdf2_sha256$20000$b3rQAOJQU6yy$PXaJ1vCyXqtygzelVLO2s52uYjJW/FFJbqIJGviWagk=',NULL,0,'GlobeToyotaLudhiana','','','lu02a_cs@globeauto.in',0,1,'2018-02-05 07:08:14.660826','',1),(128,'pbkdf2_sha256$20000$F5EvVSkh3Ahn$TkBecdIyVWwqevi3WEC+tQ1skXPA+GRHJPy4sT2IUik=',NULL,0,'GlobeToyotaMohali','','','ch02a_cs@globeauto.in',0,1,'2018-02-05 07:17:53.591351','',1),(129,'pbkdf2_sha256$20000$XoMNWf9LU9b1$lUXkUZL7NDf+wGyw9lD0f9g71kNDQY6lr810dtFIyDM=',NULL,0,'GlobeToyotaSangrur','','','sx02a_cs@globeauto.in',0,1,'2018-02-05 07:35:22.157100','',1),(130,'pbkdf2_sha256$20000$iIfR9VQ05PXF$zmG1Un7BDr2mw0IgDtX6sMXavinX3c/pw9Q3VSB/sz4=',NULL,0,'GlobeToyotaKarnal','','','kr01a_cs@globeauto.in',0,1,'2018-02-05 07:45:43.226515','',1),(131,'pbkdf2_sha256$20000$jivfsD3BmkY8$PaJoe5vBJc1/jfgeejp2vBJzDAw1AeWAT/Mzn2zmUEo=',NULL,0,'GlobeToyotaAmbala','','','ab01a_cs@globeauto.in',0,1,'2018-02-05 07:54:41.042899','',1),(132,'pbkdf2_sha256$20000$EwtOsIRVF0Fs$uRXeHHbggZ9C5dtVK45Zt5WOeT9cF945dazHF+ox0qc=',NULL,0,'GlobeToyotaPanipat','','','pp01a_cs@globeauto.in',0,1,'2018-02-05 08:02:02.596297','',1),(133,'pbkdf2_sha256$20000$UMGXt8irU6KL$vcORAnhU3aDwiAVlepRgr1+HecCYfLhURvMm0LitACI=',NULL,0,'GlobeToyotaYamunanagar','','','ya01a_cs@globeauto.in',0,1,'2018-02-05 08:08:16.859674','',1),(134,'pbkdf2_sha256$20000$eyFWq9FFscNH$4tdAkSjj4DkIL5amtKMIEpvkQ81KTIHzS+61Fs5eq1Q=',NULL,0,'PioneerToyotaChandigarhCH01A','','','gmservice_chd@pioneertoyota.com',0,1,'2018-02-06 07:31:34.247226','',1),(135,'pbkdf2_sha256$20000$Mf5FBOeFAp4K$2BlnvySyVXUwmzZ7TEVNIRz/TLpSOMlWmbMbzEjEJP8=',NULL,0,'SATYAMRH01A','','','',0,1,'2018-02-06 08:08:21.274194','',1),(136,'pbkdf2_sha256$20000$GKT0CuX2BgyW$nY12OPtcWTQj4s2/pb2cFH/n5gBJDbXbNWOOmN/GAws=',NULL,0,'SATYAMBD01A','','','',0,1,'2018-02-06 10:43:30.583199','',1),(137,'pbkdf2_sha256$20000$mGDirjftpt4O$YTQq18c+zzo+mQjxHQnutjwh5dlnUjIEBzreL7WRhj8=',NULL,0,'LeelaKrishnaToyotaVishakapatna','','','vi01a_cs@radhagroup.net',0,1,'2018-02-07 04:00:58.713140','',1),(138,'pbkdf2_sha256$20000$JTsA9LM2mkGj$7vejWYvwLtX1dRG3fAX2cvHCnRfZs77NaiwVF3+0XMY=',NULL,0,'AnaamalaisToyotaCoimbatore','','','cm01a_cs@anaamalaistoyota.com',0,1,'2018-02-07 05:57:16.332386','',1),(139,'pbkdf2_sha256$20000$GtFLBIZ0zgXi$7pBUJ6VFEWG2rLeWYHZ0B7PdpCLX4IG9vDqTEmcMhhA=',NULL,0,'AnaamalaisToyotaErode','','','er01a_cs@anaamalaistoyota.com',0,1,'2018-02-07 06:37:46.449833','',1),(140,'pbkdf2_sha256$20000$muwQH8pk8hFH$1KlzUm8hoS18mCUuj3HfMTl6czvFR1JtLibAB+LBf00=',NULL,0,'AnaamalaisToyotaSalem','','','se01a_cs@anaamalaistoyota.com',0,1,'2018-02-07 07:12:22.867735','',1),(141,'pbkdf2_sha256$20000$sHUSFFtFoPE7$hVSTzpNTIhNTFhlQkH1BYcFzcJ1iJerZOOd3E9D/pHU=',NULL,0,'AnaamalaisToyotaTirupur','','','tp01a_cs@anaamalaistoyota.com',0,1,'2018-02-07 07:28:43.758512','',1),(142,'pbkdf2_sha256$20000$p7704FEgANEp$ehEV/cAQn2HrD1gAu+bsDqLkMDFbHvR/VrAGMQI98/w=',NULL,0,'AnaamalaisToyotaNagercoil','','','yuvarajan@anaamalaistoyota.com',0,1,'2018-02-07 08:50:42.226217','',1),(143,'pbkdf2_sha256$20000$8zIA5X0A41bq$l2LB/2sWvtoz7ncsCHGBsNbLP3cGMcxBR36FCK8Z4+w=',NULL,0,'AnaamalaisToyotaTrichy','','','tc01a_cs@anaamalaistoyota.com',0,1,'2018-02-07 09:08:56.995973','',1),(144,'pbkdf2_sha256$20000$rK0jU4moLxpL$brpMbE75Kb1XOQDT1IWXfpJBw9I9mAGRJ6k23BkPDZw=',NULL,0,'AnaamalaisToyotaKumbakonam','','','km01a_cs@anaamalaistoyota.com',0,1,'2018-02-07 09:26:11.354722','',1),(145,'pbkdf2_sha256$20000$KmduglS0tWqQ$TH5B8Mk58NlJ+T+N3G8qDq2DZO1V/w1cPkwVNjCqLWc=',NULL,0,'AnaamalaisToyotaMadurai','','','md01a_cs@anaamalaistoyota.com',0,1,'2018-02-07 09:39:37.417568','',1),(146,'pbkdf2_sha256$20000$7ogmIT4hxudc$rWfkM5SFq2k+pre+XRVop1siFSx2f6AC/leUrxJjOww=',NULL,0,'AnaamalaisToyotaTirunelveli','','','tn01a_cs@anaamalaistoyota.com',0,1,'2018-02-07 11:40:01.855495','',1),(147,'pbkdf2_sha256$20000$nuwTSxOm8twG$sGfNVGEUIZMiqo7pmBv2qVaEzYkQNC37+fSKuV+7DYM=',NULL,0,'AnaamalaisToyotaVirudhunagar','','','vr01a_cs@anaamalaistoyota.com',0,1,'2018-02-07 11:55:24.008711','',1),(148,'pbkdf2_sha256$20000$CPGEMtvn4XZ4$jFbBQ4DgfjXaZZ0OJ9PFvtW4j5mFISo7/JyvBo0VBdg=',NULL,0,'GRACEGURGAONGO02A','','','',0,1,'2018-02-07 12:41:20.147756','',1),(149,'pbkdf2_sha256$20000$iU5RMO0cZRAM$gcaS3v6blulH2bKnGrYss5i8Fi/+J+rj/0OgQcS/K90=',NULL,0,'LansonToyotaPallikarnai','','','kannan.k@lansontoyota.com',0,1,'2018-02-07 12:50:16.274456','',1),(150,'pbkdf2_sha256$20000$jggOA2fyKiEq$TjDhrWzujTvDVWK+bVKZ3LXqLWuQI3ucyv5UY4b88YI=',NULL,0,'JMKToyotaJhansi','','','service.jmktoyota@gmail.com',0,1,'2018-02-08 09:11:01.321613','',1),(151,'pbkdf2_sha256$20000$tazgjd9UXm3X$JdLp2sFj3ceqCK3eTYTUOy9+qAWxlm9SE1OfJETjsI0=',NULL,0,'SunnyToyotaKanpur','','','kp01a_service@sunnytoyota.co.in',0,1,'2018-02-08 09:47:00.347769','',1),(152,'pbkdf2_sha256$20000$7d3GYb9KzO0R$IC7ds0hReDXGF0ZsNSOVZyHKZPnOPn+X3uQd+54ehFM=',NULL,0,'ThirtySixToyotaFaridabad','','','',0,1,'2018-02-08 10:30:52.508789','',1),(153,'pbkdf2_sha256$20000$RqrjEaj2F2fw$zP05E+k//JHhCA61VK/q9Y90gSwuS737VtWy8lVYens=',NULL,0,'LansonToyotaPuducherry','','','cholan@lansontoyota.com',0,1,'2018-02-09 05:14:30.423250','',1),(154,'pbkdf2_sha256$20000$ylszB6jVHQH3$yDGUcdooLUQUNY60JyB3u9Wk8y2WctcpkhN6j3mZhhg=',NULL,0,'CastleToyotaHoshiarpur','','','ggmservice@castletoyota.co.in',0,1,'2018-02-09 06:03:57.781990','',1),(155,'pbkdf2_sha256$20000$xEYOjsGA0SpQ$TGly0zcVtSDv8aUFhOsIitrVrvZRzo3OhJy7i7Zcaqc=',NULL,0,'CastleToyotaJalandharParagpur','','','ggmservice@castletoyota.co.in',0,1,'2018-02-09 06:25:20.970205','',1),(156,'pbkdf2_sha256$20000$W1epMjIzyyO0$BhrhOkmQ2ELo5teU+Mtynimt5TzLNa3cXCFjMxAYJcA=',NULL,0,'CastleToyotaNawanshahr','','','ggmservice@castletoyota.co.in',0,1,'2018-02-09 07:00:05.906897','',1),(157,'pbkdf2_sha256$20000$YImMHxhW4zOM$OqKPQg3CSwtMCwn7Yz5xTwe9w4kKkpbMuitwD6BE7ZI=',NULL,0,'CastleToyotaJalandhar','','','ggmservice@castletoyota.co.in',0,1,'2018-02-09 07:14:33.314425','',1),(158,'pbkdf2_sha256$20000$J1jzQwHEpjKl$TJ1r2rukc+5q3akEKb33T6sBbuA7W0AfAsYaKNZBHxE=',NULL,0,'NanavatiToyotaSurat','','','vpcs@nanavatitoyota.com',0,1,'2018-02-10 04:57:24.223861','',1),(159,'pbkdf2_sha256$20000$CyeoHJljdmUf$LeO+0FdvOikrsCboHL/DYgSPnlBDgOoI9QoJksBuOGw=',NULL,0,'GrandToyotaMeerut','','','mrt.agmservice@grandtoyota.com',0,1,'2018-02-12 04:28:33.831475','',1),(160,'pbkdf2_sha256$20000$phfeHr3mOUUW$DPg8Ok9Dcfskpm8JUryKaO1t6gvz7YlH/43jY2bvASw=',NULL,0,'ThirtySixToyotaMayapuri','','','',0,1,'2018-02-14 14:23:47.658948','',1),(161,'pbkdf2_sha256$20000$GQ2ey9vh7FCL$k1N1pqrGNjJOXSU89fUyXZnnwlit88gxgRtCCEj0JpE=',NULL,0,'KakatiyaToyotaWarangal','','','wl01a_cs@kakatiyatoyota.co.in',0,1,'2018-02-15 07:32:35.759664','',1),(162,'pbkdf2_sha256$20000$GTgq0Nu7B0S3$f7Ug+BD1GhSWMiM9zVWQB9dBvUxBP8MV1V7GJjuNgB0=',NULL,0,'UttamToyotaSahibabad','','','servicemarketing@uttamtoyota.net',0,1,'2018-02-16 05:16:23.832182','',1),(163,'pbkdf2_sha256$20000$NJwuta7s8ZCw$CgAIpWxpSmPKVip7a4KqC7HI9Vmj8m5PD88M+VFzczY=',NULL,0,'MadhubanToyotaCottonGreen','','','mu06c_cs@uslshinrai.com',0,1,'2018-02-16 06:38:42.280958','',1),(164,'pbkdf2_sha256$20000$T7onII9XqDgp$oznkJulc2bB/8imlBGg9bwYh90ka3U8pGtN4qMIbFxM=',NULL,0,'MadhubanToyotaRaeyRoad','','','mu06c_cs@uslshinrai.com',0,1,'2018-02-16 06:53:05.819049','',1),(165,'pbkdf2_sha256$20000$KakYTXtT1mDS$XCoNZYQjEcayz6o2trELFqPlyXys822CyYM4ygYX6U4=',NULL,0,'CastleToyotaAmristar','','','gmcs_am01a@castletoyota.co.in',0,1,'2018-02-16 10:15:15.025749','',1),(166,'pbkdf2_sha256$20000$Ek4qNjUY5ink$rwofnrdnZYBMko1GI1boYzxKvLydMgkYijKvJ2YvgRI=',NULL,0,'UttamToyotaGhaziabad','','','gmcsgzb@uttamtoyota.net',0,1,'2018-02-16 14:24:42.441058','',1),(167,'pbkdf2_sha256$20000$XKvTENWYqCvI$9RSeOCN/nPjxKfqJRSNoiDfw5a28pYsGFr3oIeJfMco=',NULL,0,'UttamToyotaNoida','','','gmcsnoida@uttamtoyota.net',0,1,'2018-02-16 15:14:34.997743','',1),(168,'pbkdf2_sha256$20000$WOTJeMyfV4Aw$lbSXJtilJpSTthi1ltAoo2D0v5V/kXlvlvh2xTQeqfU=',NULL,0,'RathodToyotaNavsari','','','vp01a_cs@rathodtoyota.com',0,1,'2018-02-19 05:25:04.653407','',1),(169,'pbkdf2_sha256$20000$KmuD9uk51aGX$1u7JEzWetkePHtjwLLM4BxnZCl2ETDLwSJzzkSQAyl8=',NULL,0,'GraceToyotaNagpur','','','ng01a_vp@gracetoyota.co.in',0,1,'2018-02-20 06:52:05.261307','',1),(170,'pbkdf2_sha256$20000$VfBMrVWstXwW$CgaOTNS8M1slT8JsMD/HB5XhNqW8OuxkDZzQF8QpPm4=',NULL,0,'GraceToyotaAkola','','','ng01a_vp@gracetoyota.co.in',0,1,'2018-02-20 07:34:27.332895','',1),(171,'pbkdf2_sha256$20000$nU2tMe0C2faB$TuBZwg2NH6WdU3i2IyUpnR1Y8F+rMIYfp2y2LMLluJQ=',NULL,0,'GraceToyotaAmravati','','','ng01a_vp@gracetoyota.co.in',0,1,'2018-02-20 07:55:44.504213','',1),(172,'pbkdf2_sha256$20000$kWVulv1CeFw5$jJOAFT+9xsA9Ijuuf7cF/7F4Q7QDo0/RfFbAgkuX4jI=',NULL,0,'NarmadaToyotaVadodara','','','VA02A_CS@NARMADATOYOTA.COM',0,1,'2018-02-22 04:36:46.322396','',1),(173,'pbkdf2_sha256$20000$opnVObyWHJlA$UGxdSM+hTgYKU5fX4UDMyR3MSjlXwGWipkLyCv+LPW4=',NULL,0,'NarmadaToyotaAnand','','','AN01A_CS@NARMADATOYOTA.COM',0,1,'2018-02-22 05:09:08.693814','',1),(174,'pbkdf2_sha256$20000$AfuutFfuKjOn$4PH+GFyC34sZokjDQEAusDnPKLL3ZL2LLILqW5yu8kk=',NULL,0,'LansonToyotaVellore','','','ve01a_service@lansontoyota.com',0,1,'2018-02-26 11:29:25.638125','',1),(175,'pbkdf2_sha256$20000$fw7DxFHe2omY$A7KOUS8kGuOvEet+8Zh/IoGs69hEYatSECwpFdzkOt4=',NULL,0,'LansonToyotaNandanam','','','cn02f_cs@lansontoyota.com',0,1,'2018-02-26 11:40:00.442460','',1),(176,'pbkdf2_sha256$20000$4ZGHZXnyTO2o$HRiZpLLARfijpGiSoKAEVzPiO3+5tAt51C5i6k/C59g=',NULL,0,'LansonToyotaECR','','','cn02_cs@lansontoyota.com',0,1,'2018-02-27 05:02:09.723210','',1),(177,'pbkdf2_sha256$20000$0USfwJOnpE7t$Rds9i58AgJinbEld3Rb35iHNJwOXqs9Nfx5AmZxITX0=',NULL,0,'RadhaMadhavToyotaGuntur','','','Gn01a_cs@radhamadhavtoyota.in',0,1,'2018-02-28 08:10:39.790457','',1),(178,'pbkdf2_sha256$20000$1EwhKByUwBgv$bL/azKYA0Fj5Q1WJgybL66UgE7DH+qlpzyYOWNjU7Cg=',NULL,0,'RajendraToyotaAllahabad','','','gmservice.allahabad@rajendratoyota.com',0,1,'2018-02-28 11:12:02.835267','',1),(179,'pbkdf2_sha256$20000$4RT8DA35qjdY$HFUkjX0vXsRF4STGfKMvoiw4k0MwGTYcc5OmnH9amT0=',NULL,0,'CastleToyotaTarnTaran','','','service_tt01a@castletoyota.co.in',0,1,'2018-02-28 12:06:44.526905','',1),(180,'pbkdf2_sha256$20000$vvwXFaNhe5Pg$ePOkH0zp4pBoO8n9DrrXvM5M9ShLrToxGyio8vWOsu0=',NULL,0,'CastleToyotaJalandharKapurtala','','','service_ja01b@castletoyota.co.in',0,1,'2018-02-28 12:19:05.558988','',1),(181,'pbkdf2_sha256$20000$eBZ48mMlgpyP$W/Owxcwc6OHbOp3aUToEME/1FQDPkZqImtgF4u0rQFc=',NULL,0,'tom','','','tom@wellnetservices.com',1,1,'2018-03-02 12:41:55.170294','',1),(182,'pbkdf2_sha256$20000$aLIJIPNwcAiW$PgBEVOKdTOTebequljiDEbxhycIS/jRmMxlEVANwOKw=',NULL,0,'HarshaToyota_Kurnool','','','',0,0,'2018-03-03 07:30:18.754836','',1),(183,'pbkdf2_sha256$20000$miyOYRl4F8hW$DS5PeB5DiZkBzhhxKNtVHyg70AvtU63AIFC5dVTXB+8=',NULL,0,'UnitedToyotaMangalore','','','gm-service@unitedtoyota.net',0,1,'2018-03-03 09:48:24.537387','',1),(184,'pbkdf2_sha256$20000$CmgUlZhkgBMS$3M4mRh3N+rJQQdX+12MA/c7glpl1YC52yGcSlyCpYPw=',NULL,0,'UnitedToyotaUdupi','','','uu01a_branchmgr@unitedtoyota.net',0,1,'2018-03-03 09:58:35.806793','',1),(185,'pbkdf2_sha256$20000$XagXS4pplGdx$1dYCAHQQ1JHXXOHR2msl6hOnzUB+inm98W0bIuboAZM=',NULL,0,'HarshaToyota_Tirupati','','','',0,0,'2018-03-06 06:34:26.992448','',1),(186,'pbkdf2_sha256$20000$CHTDzbULywVq$w+QbNQTqrjMiJuTrFmkF2vfIJGPo0JBEaJakGJkpqac=',NULL,0,'RajendraToyotaVaranasi','','','gmservice.varanasi@rajendratoyota.com',0,1,'2018-03-07 06:43:51.773002','',1),(187,'pbkdf2_sha256$20000$5r3VdcduicMk$lVQXOQcFz8MBCHbftOjkssVW+kYnQn5ll4eWBYf2vS0=',NULL,0,'RajendraToyotaGorakhpur','','','gr01a.cs@gmail.com',0,1,'2018-03-07 07:28:43.470620','',1),(188,'pbkdf2_sha256$20000$v6wlnGdEe5ea$cLQyt5mCsFKLSb0KLSNGRX/gs5GG7aRFFcpYqZDRcS4=',NULL,0,'RajendraToyotaUdaipur','','','gmservice.udaipur@rajendratoyota.com',0,1,'2018-03-07 07:51:58.872202','',1),(189,'pbkdf2_sha256$20000$BPUtklV745VL$buEpdSfC5SndJ/zImKK2zJXKpxsGw6hwcjYYgd1IBLw=',NULL,0,'PalaceToyotaMysore','','','my01a_cs@palacetoyota.com',0,1,'2018-03-09 12:13:23.635776','',1),(190,'pbkdf2_sha256$20000$RajgychxR84e$3sOoFKhfTFYprykva6mNG/Fg/4oKP79+Ouro/VWIoy4=',NULL,0,'SainiToyotaHowrah','','','gmservicetoyota@sainigroups.in',0,1,'2018-03-12 05:01:30.201611','',1),(191,'pbkdf2_sha256$20000$x8eCvpYhBjyz$HOcZkyJpi8gUUL8w6hiXRl2Nst6Kws8PPqJv74e6gdc=',NULL,0,'WasanToyotaNashik','','','gmcs.nsk@wasantoyota.com',0,1,'2018-03-13 07:27:05.429299','',1),(192,'pbkdf2_sha256$20000$GHzPXETa5C4q$d5hPBm6fLVDApjqHR5pvr+5QCbzJAL9+BrhDXLljWro=',NULL,0,'RadhaMadhavToyotaVijayawada','','','rengasamy@radhagroup.net',0,1,'2018-03-14 07:41:26.871820','',1),(193,'pbkdf2_sha256$20000$TxvG2q5OS4JK$jZv0xSQfVR6f4t2OUZ3ikNBi1hviaN/0C1vAFbEwb8Q=',NULL,0,'SunnyToyotaChinhat','','','group-gmcs@sunnytoyota.co.in',0,1,'2018-03-14 10:55:41.494057','',1),(194,'pbkdf2_sha256$20000$wWiTYdKB85Pw$d9j8Z07jF/QSaPOJfUuqGMXgTHnaMvxthnbJ3Y/fvlQ=',NULL,0,'SunnyToyotaAmausi','','','lk01a_cs@sunnytoyota.co.in',0,1,'2018-03-14 11:10:13.733588','',1),(195,'pbkdf2_sha256$20000$nCyqpJp78zrU$G1wNkqm1FYiTgcgCcAYUFqcrvFozUikZA77SKN6ol2g=',NULL,0,'SunnyToyotaAgra','','','ag02a_cs@sunnytoyota.co.in',0,1,'2018-03-14 11:19:43.637827','',1),(196,'pbkdf2_sha256$20000$lLAxu3VoZSeb$hTUeVX1ndflIzdSRuJTD4FUIJYzCv9rYkYCcSSSJU+k=',NULL,0,'RudraToyotaMuzaffarpur','','','gmservice@rudratoyota.com',0,1,'2018-03-15 10:19:03.433305','',1),(197,'pbkdf2_sha256$20000$LNZIEnnS3VVr$3bLpAN0lW3oH5bjkOXgHNQR4pG+dG+vqh86o5ddwoWc=',NULL,0,'LakozyToyotaAndheri','','','mu02c_service@toyotalakozy.com',0,1,'2018-03-16 04:45:35.174437','',1),(198,'pbkdf2_sha256$20000$rAWy7QSrRVq3$7G7Eh7pPBidWDsL6bYO/hYEKQPJvtsZzzH2DUbXMTPI=','2018-03-17 11:16:55.515146',0,'SriVariTyresYelahanka','','','srivarityres1@gmail.com',1,1,'2018-03-17 11:07:13.935889','',0);
/*!40000 ALTER TABLE `services_baseuser` ENABLE KEYS */;
UNLOCK TABLES;

--
-- Table structure for table `services_baseuser_groups`
--

DROP TABLE IF EXISTS `services_baseuser_groups`;
/*!40101 SET @saved_cs_client     = @@character_set_client */;
/*!40101 SET character_set_client = utf8 */;
CREATE TABLE `services_baseuser_groups` (
  `id` int(11) NOT NULL AUTO_INCREMENT,
  `baseuser_id` int(11) NOT NULL,
  `group_id` int(11) NOT NULL,
  PRIMARY KEY (`id`),
  UNIQUE KEY `baseuser_id` (`baseuser_id`,`group_id`),
  KEY `services_baseuser_groups_6d53673b` (`baseuser_id`),
  KEY `services_baseuser_groups_0e939a4f` (`group_id`)
) ENGINE=MyISAM AUTO_INCREMENT=198 DEFAULT CHARSET=latin1;
/*!40101 SET character_set_client = @saved_cs_client */;

--
-- Dumping data for table `services_baseuser_groups`
--

LOCK TABLES `services_baseuser_groups` WRITE;
/*!40000 ALTER TABLE `services_baseuser_groups` DISABLE KEYS */;
INSERT INTO `services_baseuser_groups` VALUES (1,2,1),(2,3,2),(3,4,2),(34,35,3),(5,6,2),(60,61,2),(38,39,3),(33,34,3),(42,43,2),(32,33,3),(37,38,3),(24,25,2),(36,37,3),(41,42,2),(35,36,2),(59,60,2),(40,41,3),(39,40,3),(30,31,3),(58,59,2),(44,45,3),(45,46,3),(57,58,3),(47,48,3),(48,49,3),(49,50,3),(56,57,1),(51,52,3),(52,53,3),(53,54,3),(54,55,3),(55,56,3),(61,62,2),(62,63,2),(63,64,2),(64,65,2),(65,66,2),(66,67,2),(67,68,2),(68,69,3),(69,70,3),(70,71,3),(71,72,3),(72,73,3),(73,74,3),(74,75,3),(75,76,3),(76,77,3),(77,78,3),(78,79,3),(79,80,3),(80,81,3),(81,82,3),(82,83,3),(83,84,3),(84,85,3),(85,86,3),(86,87,3),(87,88,3),(88,89,3),(89,90,3),(90,91,3),(91,92,3),(92,93,3),(93,94,3),(94,95,3),(95,96,3),(96,97,3),(97,98,3),(98,99,3),(99,100,3),(100,101,3),(101,102,3),(102,103,2),(103,104,3),(104,105,3),(105,106,3),(106,107,3),(107,108,3),(108,109,3),(109,110,3),(110,111,3),(111,112,3),(112,113,3),(113,114,3),(114,115,3),(115,116,3),(116,117,3),(117,118,3),(118,119,3),(119,120,3),(120,121,3),(121,122,3),(122,123,3),(123,124,3),(124,125,3),(125,126,3),(126,127,3),(127,128,3),(128,129,3),(129,130,3),(130,131,3),(131,132,3),(132,133,3),(133,134,3),(134,135,3),(135,136,3),(136,137,3),(137,138,3),(138,139,3),(139,140,3),(140,141,3),(141,142,3),(142,143,3),(143,144,3),(144,145,3),(145,146,3),(146,147,3),(147,148,3),(148,149,3),(149,150,3),(150,151,3),(151,152,3),(152,153,3),(153,154,3),(154,155,3),(155,156,3),(156,157,3),(157,158,3),(158,159,3),(159,160,3),(160,161,3),(161,162,3),(162,163,3),(163,164,3),(164,165,3),(165,166,3),(166,167,3),(167,168,3),(168,169,3),(169,170,3),(170,171,3),(171,172,3),(172,173,3),(173,174,3),(174,175,3),(175,176,3),(176,177,3),(177,178,3),(178,179,3),(179,180,3),(180,181,2),(181,182,3),(182,183,3),(183,184,3),(184,185,3),(185,186,3),(186,187,3),(187,188,3),(188,189,3),(189,190,3),(190,191,3),(191,192,3),(192,193,3),(193,194,3),(194,195,3),(195,196,3),(196,197,3),(197,198,3);
/*!40000 ALTER TABLE `services_baseuser_groups` ENABLE KEYS */;
UNLOCK TABLES;

--
-- Table structure for table `services_baseuser_user_permissions`
--

DROP TABLE IF EXISTS `services_baseuser_user_permissions`;
/*!40101 SET @saved_cs_client     = @@character_set_client */;
/*!40101 SET character_set_client = utf8 */;
CREATE TABLE `services_baseuser_user_permissions` (
  `id` int(11) NOT NULL AUTO_INCREMENT,
  `baseuser_id` int(11) NOT NULL,
  `permission_id` int(11) NOT NULL,
  PRIMARY KEY (`id`),
  UNIQUE KEY `baseuser_id` (`baseuser_id`,`permission_id`),
  KEY `services_baseuser_user_permissions_6d53673b` (`baseuser_id`),
  KEY `services_baseuser_user_permissions_8373b171` (`permission_id`)
) ENGINE=MyISAM DEFAULT CHARSET=latin1;
/*!40101 SET character_set_client = @saved_cs_client */;

--
-- Dumping data for table `services_baseuser_user_permissions`
--

LOCK TABLES `services_baseuser_user_permissions` WRITE;
/*!40000 ALTER TABLE `services_baseuser_user_permissions` DISABLE KEYS */;
/*!40000 ALTER TABLE `services_baseuser_user_permissions` ENABLE KEYS */;
UNLOCK TABLES;

--
-- Table structure for table `services_booking`
--

DROP TABLE IF EXISTS `services_booking`;
/*!40101 SET @saved_cs_client     = @@character_set_client */;
/*!40101 SET character_set_client = utf8 */;
CREATE TABLE `services_booking` (
  `id` int(11) NOT NULL AUTO_INCREMENT,
  `gross_amount` decimal(30,2) NOT NULL,
  `amount` decimal(30,2) NOT NULL,
  `CGST_amount` decimal(30,2) DEFAULT NULL,
  `cheque_dd_number` varchar(15) DEFAULT NULL,
  `cheque_dd_date` date NOT NULL,
  `utr_number` varchar(30) DEFAULT NULL,
  `transfer_date` date DEFAULT NULL,
  `bank_name` varchar(255) DEFAULT NULL,
  `bank_branch` varchar(255) DEFAULT NULL,
  `realisation_date` date DEFAULT NULL,
  `is_immediate` tinyint(1) NOT NULL,
  `expected_delivery_date` date NOT NULL,
  `order_delivery_date` date DEFAULT NULL,
  `order_delivery_type` int(11) NOT NULL,
  `courier_company_name` varchar(255) DEFAULT NULL,
  `pod_number` varchar(255) DEFAULT NULL,
  `person_name` varchar(255) DEFAULT NULL,
  `contact_number` varchar(10) DEFAULT NULL,
  `is_cancelled` tinyint(1) NOT NULL,
  `cancel_reason` varchar(255) DEFAULT NULL,
  `created_date` date NOT NULL,
  `updated` date NOT NULL,
  `send_receipt` tinyint(1) NOT NULL,
  `createdBy_id` int(11) NOT NULL,
  `payment_type_id` int(11) NOT NULL,
  `updatedBy_id` int(11) NOT NULL,
  `createdFor_id` int(11) NOT NULL,
  `IGST_amount` decimal(30,2) NOT NULL,
  `SGST_amount` decimal(30,2) NOT NULL,
  `is_IGST` tinyint(1) NOT NULL,
  PRIMARY KEY (`id`),
  KEY `services_booking_c35609d3` (`createdBy_id`),
  KEY `services_booking_1e6d9cc6` (`payment_type_id`),
  KEY `services_booking_10d4336a` (`updatedBy_id`),
  KEY `services_booking_5598cfa7` (`createdFor_id`)
) ENGINE=MyISAM AUTO_INCREMENT=166 DEFAULT CHARSET=latin1;
/*!40101 SET character_set_client = @saved_cs_client */;

--
-- Dumping data for table `services_booking`
--

LOCK TABLES `services_booking` WRITE;
/*!40000 ALTER TABLE `services_booking` DISABLE KEYS */;
INSERT INTO `services_booking` VALUES (52,55000.00,64900.00,4950.00,'','2018-01-12','K_XUTRDLXBH18023500089','2018-01-23','Dealership Bank RTGS','Dealership Bank RTGS','2018-01-23',0,'2018-01-12',NULL,2,'','','Suhas Srivatsa','9741822229',0,NULL,'2018-01-12','2018-02-01',1,36,3,36,69,9900.00,4950.00,0),(51,17500.00,20650.00,1575.00,'','2018-01-12','P18012391685277','2018-01-23','Dealership Bank RTGS','Dealership Bank RTGS','2018-01-23',0,'2018-01-12',NULL,2,'','','Suhas Srivatsa','9741822229',0,NULL,'2018-01-12','2018-02-01',1,36,3,36,72,3150.00,1575.00,0),(50,55000.00,64900.00,4950.00,'','2018-01-12','K_XUTRDLXBH18023500089','2018-01-23','Dealership Bank RTGS','Dealership Bank RTGS','2018-01-23',0,'2018-01-12',NULL,2,'','','Suhas Srivatsa','9741822229',0,NULL,'2018-01-12','2018-02-01',1,36,3,36,71,9900.00,4950.00,0),(49,55000.00,64900.00,4950.00,'','2018-01-12','K_XUTRDLXBH18023500089','2018-01-23','Dealership Bank RTGS','Dealership Bank RTGS','2018-01-23',0,'2018-01-12',NULL,2,'','','Suhas Srivatsa','9741822229',0,NULL,'2018-01-12','2018-02-01',1,36,3,36,74,9900.00,4950.00,0),(48,17500.00,20650.00,1575.00,'','2018-01-12','P18012391685107','2018-01-23','Dealership Bank RTGS','Dealership Bank RTGS','2018-01-23',0,'2018-01-12',NULL,2,'','','Suhas Srivatsa','9741822229',0,NULL,'2018-01-12','2018-02-01',1,36,3,36,70,3150.00,1575.00,0),(46,45000.00,53100.00,4050.00,'','2018-01-11','','2018-02-11','','',NULL,1,'2018-01-14',NULL,2,'','','Alex V Gervin','9600330062',0,NULL,'2018-01-11','2018-01-11',0,63,4,63,76,8100.00,4050.00,1),(47,55000.00,64900.00,4950.00,'','2018-01-12','K_XUTRDLXBH18023500089','2018-01-23','Dealership Bank RTGS','Dealership Bank RTGS','2018-01-23',1,'2018-01-15',NULL,2,'','','Suhas Srivatsa','9741822229',0,NULL,'2018-01-12','2018-02-01',1,36,3,36,73,9900.00,4950.00,0),(44,20000.00,23600.00,1800.00,'','2018-01-08','','2018-02-07','','',NULL,1,'2018-01-11',NULL,2,'','','Suhas Srivatsa','9741822229',1,'Change in price post negotiation. Revised invoice issued.','2018-01-08','2018-01-23',0,36,4,57,72,3600.00,1800.00,0),(43,20000.00,23600.00,1800.00,'','2018-01-08','','2018-02-07','','',NULL,1,'2018-01-11',NULL,2,'','','Suhas Srivatsa','9741822229',1,'Change in price post negotiation. Revised invoice issued.','2018-01-08','2018-01-23',0,36,4,57,70,3600.00,1800.00,0),(42,60000.00,70800.00,5400.00,'','2018-01-08','','2018-02-07','','',NULL,1,'2018-01-11',NULL,2,'','','Suhas Srivatsa','9741822229',1,'Change in price post negotiation. Revised invoice issued.','2018-01-08','2018-01-23',0,36,4,57,75,10800.00,5400.00,0),(41,60000.00,70800.00,5400.00,'','2018-01-08','','2018-02-07','','',NULL,1,'2018-01-11',NULL,2,'','','Suhas Srivatsa','9741822229',1,'Change in price post negotiation. Revised invoice issued.','2018-01-08','2018-01-23',0,36,4,57,73,10800.00,5400.00,0),(40,60000.00,70800.00,5400.00,'','2018-01-08','','2018-02-07','','',NULL,1,'2018-01-11',NULL,2,'','','Suhas Srivatsa','9741822229',1,'Change in price post negotiation. Revised invoice issued.','2018-01-08','2018-01-23',0,36,4,57,74,10800.00,5400.00,0),(39,60000.00,70800.00,5400.00,'','2018-01-08','','2018-02-07','','',NULL,1,'2018-01-11',NULL,2,'','','Suhas Srivatsa','9741822229',1,'Change in price post negotiation. Revised invoice issued.','2018-01-08','2018-01-23',0,36,4,57,71,10800.00,5400.00,0),(38,60000.00,70800.00,5400.00,'','2018-01-08','','2018-02-07','','',NULL,1,'2018-01-08',NULL,2,'','','Suhas Srivatsa','9741822229',1,'Change in price post negotiation. Revised invoice issued.','2018-01-08','2018-01-23',0,36,4,57,69,10800.00,5400.00,0),(53,55000.00,64900.00,4950.00,'','2018-01-12','K_XUTRDLXBH18023500089','2018-02-23','Dealership Bank RTGS','Dealership Bank RTGS','2018-01-23',0,'2018-01-12',NULL,2,'','','Suhas Srivatsa','9741822229',0,NULL,'2018-01-12','2018-02-01',1,36,3,36,75,9900.00,4950.00,0),(54,45000.00,53100.00,4050.00,'','2018-01-17','NEFT/000040473530','2018-01-15','Dealer Bank','Dealer Bank branch','2018-02-16',0,'2018-01-20',NULL,1,'Bluedart','','','',0,'','2018-01-17','2018-02-21',1,68,3,57,83,8100.00,4050.00,1),(55,90000.00,106200.00,8100.00,'','2018-01-17','NEFT/000040473191','2018-02-15','Dealer Bank','Dealer Bank branch','2018-02-16',0,'2018-01-20',NULL,1,'Bluedart','','','',0,'','2018-01-17','2018-02-21',1,68,3,57,81,16200.00,8100.00,1),(56,65000.00,76700.00,5850.00,'','2018-01-17','','2018-01-24','','',NULL,0,'2018-01-20',NULL,1,'','','','',0,NULL,'2018-01-17','2018-01-17',0,68,4,68,82,11700.00,5850.00,1),(57,110000.00,129800.00,9900.00,'','2018-01-18','','2018-02-15','','',NULL,0,'2018-01-19',NULL,2,'','','Suhas Srivatsa','9741822229',1,'Wrong entry. Dealership wanted to have split in liquids across dealership network','2018-01-18','2018-01-22',0,36,4,57,78,19800.00,9900.00,0),(58,20000.00,23600.00,1800.00,'','2018-01-18','','2018-02-15','','',NULL,0,'2018-01-19',NULL,2,'','','Suhas Srivatsa','9741822229',0,NULL,'2018-01-18','2018-01-18',0,36,4,36,77,3600.00,1800.00,0),(59,20000.00,23600.00,1800.00,'','2018-01-18','','2018-02-15','','',NULL,0,'2018-01-19',NULL,2,'','','Suhas Srivatsa','9741822229',1,'Wrong entry. Dealership wanted to have split in machine and liquid bills across dealership network','2018-01-18','2018-01-22',0,36,4,57,79,3600.00,1800.00,0),(60,45000.00,53100.00,4050.00,'','2018-01-19','','2018-02-15','','',NULL,0,'2018-01-19',NULL,2,'','','Suhas Srivatsa','9741822229',0,NULL,'2018-01-19','2018-01-19',0,36,4,36,77,8100.00,4050.00,0),(61,42500.00,50150.00,3825.00,'','2018-01-19','','2018-02-15','','',NULL,0,'2018-01-19',NULL,2,'','','Suhas Srivatsa','9741822229',1,'Wrong entry. Dealership wanted to have split in liquids and machine bills.','2018-01-19','2018-01-23',0,36,4,57,79,7650.00,3825.00,0),(62,42500.00,50150.00,3825.00,'','2018-01-19','','2018-02-15','','',NULL,0,'2018-01-19',NULL,2,'','','Suhas Srivatsa','9741822229',1,'Wrong entry. Dealership wanted to have different bills for liquids and machine.','2018-01-19','2018-01-23',0,36,4,57,78,7650.00,3825.00,0),(63,20000.00,23600.00,1800.00,'','2018-01-22','','2018-02-15','','',NULL,0,'2018-01-22',NULL,2,'','','Suhas Srivatsa','9741822229',0,NULL,'2018-01-22','2018-01-22',0,36,4,36,78,3600.00,1800.00,0),(64,22500.00,26550.00,2025.00,'','2018-01-22','','2018-02-15','','',NULL,0,'2018-01-22',NULL,2,'','','Suhas Srivatsa','9741822229',0,NULL,'2018-01-22','2018-01-22',0,36,4,36,78,4050.00,2025.00,0),(65,20000.00,23600.00,1800.00,'','2018-01-22','','2018-02-15','','',NULL,0,'2018-01-22',NULL,2,'','','Suhas Srivatsa','9741822229',0,NULL,'2018-01-22','2018-01-22',0,36,4,36,79,3600.00,1800.00,0),(66,22500.00,26550.00,2025.00,'','2018-01-22','','2018-02-15','','',NULL,0,'2018-01-22',NULL,2,'','','Suhas Srivatsa','9741822229',0,NULL,'2018-01-22','2018-01-22',0,36,4,36,79,4050.00,2025.00,0),(67,22500.00,26550.00,2025.00,'','2018-01-22','','2018-02-15','','',NULL,0,'2018-01-22',NULL,2,'','','Suhas Srivatsa','9741822229',0,NULL,'2018-01-22','2018-01-22',0,36,4,36,79,4050.00,2025.00,0),(68,22500.00,26550.00,2025.00,'','2018-01-22','','2018-02-15','','',NULL,0,'2018-01-22',NULL,2,'','','Suhas Srivatsa','9741822229',0,NULL,'2018-01-22','2018-01-22',0,36,4,36,79,4050.00,2025.00,0),(69,65000.00,76700.00,5850.00,'','2018-01-29','N029180460692267','2018-01-29','HDFC BANK','SOLAN','2018-01-29',0,'2018-02-01',NULL,1,'','','','',0,'','2018-01-29','2018-02-01',1,67,3,57,85,11700.00,5850.00,1),(70,45000.00,53100.00,4050.00,'021268240','2018-02-15','','2018-02-01','HDFC Bank','HDFC Bank, Kurla West, Mumbai','2018-03-09',0,'2018-02-05','2018-02-06',1,'Bluedart','50503765082','','',0,'','2018-02-01','2018-03-15',1,57,1,57,80,8100.00,4050.00,1),(71,65000.00,76700.00,5850.00,'','2018-02-06','NEFT-000040251459','2018-02-12','Dealer Bank','Dealer Bank branch','2018-02-12',0,'2018-02-09','2018-02-08',1,'Bluedart','50503765104','','',0,'','2018-02-06','2018-02-12',1,66,3,57,94,11700.00,5850.00,1),(72,65000.00,76700.00,5850.00,'','2018-02-07','NEFT/IDIBH18066175417','2018-03-07','Dealer Bank','Dealer Bank branch','2018-03-07',0,'2018-02-13','2018-02-20',1,'Bluedart','50503765303','','',0,'','2018-02-07','2018-03-07',1,67,3,57,100,11700.00,5850.00,1),(73,53000.00,62540.00,4770.00,'006001229','2018-03-05','','2018-03-06','ICICI Bank','ICICI, Chandigarh, Sector 9C','2018-03-10',0,'2018-02-13','2018-02-16',1,'Bluedart','50503765292','','',0,'','2018-02-07','2018-03-15',1,67,1,57,134,9540.00,4770.00,1),(74,110000.00,129800.00,9900.00,'','2018-02-12','','2018-02-19','','',NULL,1,'2018-02-15',NULL,1,'','','','',0,NULL,'2018-02-12','2018-02-12',0,68,4,68,148,19800.00,9900.00,1),(75,98000.00,115640.00,8820.00,'','2018-02-13','','2018-03-12','','',NULL,0,'2018-02-16',NULL,1,'','','','',0,NULL,'2018-02-13','2018-02-13',0,63,4,63,138,17640.00,8820.00,1),(76,98000.00,115640.00,8820.00,'','2018-02-13','','2018-03-13','','',NULL,0,'2018-02-16',NULL,1,'','','','',0,NULL,'2018-02-13','2018-02-13',0,63,4,63,139,17640.00,8820.00,1),(77,98000.00,115640.00,8820.00,'','2018-02-13','','2018-02-13','','',NULL,0,'2018-02-16',NULL,1,'','','','',0,NULL,'2018-02-13','2018-02-13',0,63,4,63,144,17640.00,8820.00,1),(78,98000.00,115640.00,8820.00,'','2018-02-13','','2018-03-13','','',NULL,0,'2018-02-16',NULL,1,'','','','',0,NULL,'2018-02-13','2018-02-13',0,63,4,63,145,17640.00,8820.00,1),(79,98000.00,115640.00,8820.00,'','2018-02-13','','2018-03-13','','',NULL,0,'2018-02-16',NULL,1,'','','','',0,NULL,'2018-02-13','2018-02-13',0,63,4,63,142,17640.00,8820.00,1),(80,98000.00,115640.00,8820.00,'','2018-02-13','','2018-03-13','','',NULL,0,'2018-02-16',NULL,1,'','','','',0,NULL,'2018-02-13','2018-02-13',0,63,4,63,140,17640.00,8820.00,1),(81,98000.00,115640.00,8820.00,'','2018-02-13','','2018-03-13','','',NULL,0,'2018-02-16',NULL,1,'','','','',0,NULL,'2018-02-13','2018-02-13',0,63,4,63,146,17640.00,8820.00,1),(82,98000.00,115640.00,8820.00,'','2018-02-13','','2018-03-13','','',NULL,0,'2018-02-16',NULL,1,'','','','',0,NULL,'2018-02-13','2018-02-13',0,63,4,63,141,17640.00,8820.00,1),(83,98000.00,115640.00,8820.00,'','2018-02-13','','2018-03-13','','',NULL,0,'2018-02-16',NULL,1,'','','','',0,NULL,'2018-02-13','2018-02-13',0,63,4,63,143,17640.00,8820.00,1),(84,98000.00,115640.00,8820.00,'','2018-02-13','','2018-03-13','','',NULL,0,'2018-02-16',NULL,1,'','','','',0,NULL,'2018-02-13','2018-02-13',0,63,4,63,147,17640.00,8820.00,1),(85,99500.00,117410.00,8955.00,'','2018-02-14','Nippon Company Account','2018-03-14','Axis Bank','Kalamaserry','2018-03-14',0,'2018-02-20','2018-02-19',2,'','','Suhas Srivatsa','9741822229',0,NULL,'2018-02-14','2018-03-14',1,36,3,36,99,17910.00,8955.00,1),(86,110000.00,129800.00,9900.00,'','2018-02-14','','2018-02-21','','',NULL,0,'2018-02-17',NULL,1,'','','','',0,NULL,'2018-02-14','2018-02-14',0,68,4,68,152,19800.00,9900.00,1),(87,45000.00,53100.00,4050.00,'','2018-02-16','NEFT/N057180482004843','2018-03-16','Dealer Bank','Dealer Bank branch','2018-02-26',0,'2018-02-19','2018-02-19',1,'Bluedart','','Hari Purchase','9841670007',0,'','2018-02-16','2018-02-27',1,63,3,57,76,8100.00,4050.00,1),(88,110000.00,129800.00,9900.00,'','2018-02-16','','2018-02-16','','',NULL,0,'2018-02-26',NULL,1,'','','','',0,NULL,'2018-02-16','2018-02-16',0,68,4,68,95,19800.00,9900.00,1),(89,110000.00,129800.00,9900.00,'','2018-02-16','','2018-02-23','','',NULL,0,'2018-02-26',NULL,1,'','','','',0,NULL,'2018-02-16','2018-02-16',0,68,4,68,93,19800.00,9900.00,1),(90,110000.00,129800.00,9900.00,'','2018-02-16','','2018-02-23','','',NULL,0,'2018-02-26',NULL,1,'','','','',0,NULL,'2018-02-16','2018-02-16',0,68,4,68,91,19800.00,9900.00,1),(91,110000.00,129800.00,9900.00,'','2018-02-16','','2018-02-23','','',NULL,0,'2018-02-26',NULL,1,'','','','',0,NULL,'2018-02-16','2018-02-16',0,68,4,68,90,19800.00,9900.00,1),(92,110000.00,129800.00,9900.00,'','2018-02-16','','2018-02-23','','',NULL,0,'2018-02-26',NULL,1,'','','','',0,NULL,'2018-02-16','2018-02-16',0,68,4,68,89,19800.00,9900.00,1),(93,33500.00,39530.00,3015.00,'','2018-02-16','','2018-02-26','','',NULL,0,'2018-02-22',NULL,1,'','','','',0,NULL,'2018-02-16','2018-02-16',0,59,4,59,118,6030.00,3015.00,1),(94,33500.00,39530.00,3015.00,'','2018-02-16','','2018-02-26','','',NULL,0,'2018-02-22',NULL,1,'','','','',0,NULL,'2018-02-16','2018-02-16',0,59,4,59,112,6030.00,3015.00,1),(95,33500.00,39530.00,3015.00,'','2018-02-16','','2018-02-26','','',NULL,0,'2018-02-22',NULL,1,'','','','',0,NULL,'2018-02-16','2018-02-16',0,59,4,59,121,6030.00,3015.00,1),(96,33500.00,39530.00,3015.00,'','2018-02-16','','2018-02-26','','',NULL,0,'2018-02-22',NULL,1,'','','','',0,NULL,'2018-02-16','2018-02-16',0,59,4,59,116,6030.00,3015.00,1),(97,33500.00,39530.00,3015.00,'','2018-02-16','','2018-02-26','','',NULL,0,'2018-02-22',NULL,1,'','','','',0,NULL,'2018-02-16','2018-02-16',0,59,4,59,98,6030.00,3015.00,1),(98,33500.00,39530.00,3015.00,'','2018-02-16','','2018-02-26','','',NULL,0,'2018-02-22',NULL,1,'','','','',0,NULL,'2018-02-16','2018-02-16',0,59,4,59,97,6030.00,3015.00,1),(99,33500.00,39530.00,3015.00,'','2018-02-16','','2018-02-26','','',NULL,0,'2018-02-22',NULL,1,'','','','',0,NULL,'2018-02-16','2018-02-16',0,59,4,59,123,6030.00,3015.00,1),(100,33500.00,39530.00,3015.00,'','2018-02-16','','2018-02-26','','',NULL,0,'2018-02-22',NULL,1,'','','','',0,NULL,'2018-02-16','2018-02-16',0,59,4,59,114,6030.00,3015.00,1),(101,65000.00,76700.00,5850.00,'','2018-02-16','','2018-02-26','','',NULL,0,'2018-02-22',NULL,1,'','','','',0,NULL,'2018-02-16','2018-02-16',0,59,4,59,158,11700.00,5850.00,1),(102,110000.00,129800.00,9900.00,'','2018-02-16','','2018-02-23','','',NULL,0,'2018-02-26',NULL,1,'','','','',0,NULL,'2018-02-16','2018-02-16',0,68,4,68,160,19800.00,9900.00,1),(103,65000.00,76700.00,5850.00,'','2018-02-16','','2018-02-16','','',NULL,0,'2018-02-20',NULL,1,'','','','',0,'','2018-02-16','2018-02-16',0,66,3,57,150,11700.00,5850.00,1),(104,41600.00,49088.00,3744.00,'','2018-02-17','TRANSFER/TB/25-749042978-4','2018-03-03','Dealer Bank','Dealer Bank branch','2018-03-03',0,'2018-02-22','2018-02-27',1,'Bluedart','50507747194','','',0,'','2018-02-17','2018-03-08',1,66,3,57,166,7488.00,3744.00,1),(105,49800.00,58764.00,4482.00,'','2018-02-17','NEFT','2018-03-03','Dealer Bank','Dealer Bank branch','2018-03-03',0,'2018-02-22',NULL,1,'Bluedart','50507747205','','',0,'','2018-02-17','2018-03-08',1,66,3,57,162,8964.00,4482.00,1),(106,41600.00,49088.00,3744.00,'','2018-02-17','TRANSFER/TB/25-749043012-2','2018-02-03','Dealer Bank','Dealer Bank branch','2018-03-03',0,'2018-02-22','2018-02-26',1,'Bluedart','50507747220','','',0,'','2018-02-17','2018-03-08',1,66,3,57,167,7488.00,3744.00,1),(107,130000.00,153400.00,11700.00,'','2018-02-20','NEFT/N050180477632169','2018-02-19','Dealer Bank','Dealer Bank branch','2018-02-20',0,'2018-02-26','2018-02-26',1,'Bluedart','','','',0,'','2018-02-20','2018-02-21',1,59,3,57,102,23400.00,11700.00,1),(108,35000.00,41300.00,3150.00,'','2018-02-21','','2018-03-20','','',NULL,0,'2018-02-21',NULL,2,'','','Suhas Srivatsa','9741822229',1,'Wrong entry. Invoice generated for different branch.','2018-02-21','2018-02-21',0,36,4,57,69,6300.00,3150.00,0),(109,35000.00,41300.00,3150.00,'','2018-02-21','NEFT/P18022793433202','2018-02-27','Dealer Bank','Dealer Bank branch','2018-02-27',0,'2018-02-21',NULL,2,'','','Suhas Srivatsa','9741822229',0,'','2018-02-21','2018-03-02',1,36,3,57,70,6300.00,3150.00,0),(110,110000.00,129800.00,9900.00,'','2018-02-21','NEFT/SBIN918058268935','2018-02-27','Dealer Bank','Dealer Bank branch','2018-02-27',0,'2018-02-24','2018-02-28',1,'Bluedart','50508100904','','',0,'','2018-02-21','2018-02-27',1,62,3,57,108,19800.00,9900.00,1),(111,35000.00,41300.00,3150.00,'','2018-02-26','','2018-02-26','','',NULL,1,'2018-03-01',NULL,2,'','','Suhas Srivatsa','9741822229',0,NULL,'2018-02-26','2018-02-26',0,36,3,36,69,6300.00,3150.00,0),(112,26500.00,31270.00,2385.00,'','2018-02-28','','2018-02-28','','',NULL,0,'2018-03-03',NULL,1,'','','','',0,NULL,'2018-02-28','2018-02-28',0,63,4,63,174,4770.00,2385.00,1),(113,26500.00,31270.00,2385.00,'','2018-02-28','','2018-03-28','','',NULL,0,'2018-03-03',NULL,1,'','','','',0,NULL,'2018-02-28','2018-02-28',0,63,4,63,153,4770.00,2385.00,1),(114,35000.00,41300.00,3150.00,'','2018-02-28','','2018-03-28','','',NULL,0,'2018-03-03',NULL,1,'','','','',0,NULL,'2018-02-28','2018-02-28',0,63,4,63,149,6300.00,3150.00,1),(115,26500.00,31270.00,2385.00,'','2018-02-28','','2018-03-28','','',NULL,0,'2018-03-03',NULL,1,'','','','',0,NULL,'2018-02-28','2018-02-28',0,63,4,63,175,4770.00,2385.00,1),(116,35000.00,41300.00,3150.00,'','2018-02-28','','2018-03-28','','',NULL,0,'2018-03-03',NULL,1,'','','','',0,NULL,'2018-02-28','2018-02-28',0,63,4,63,176,6300.00,3150.00,1),(117,48700.00,57466.00,4383.00,'','2018-03-01','','2018-03-01','','',NULL,1,'2018-03-04',NULL,2,'','','Suhas Srivatsa','9741822229',0,NULL,'2018-03-01','2018-03-01',0,36,4,36,87,8766.00,4383.00,0),(118,48700.00,57466.00,4383.00,'','2018-03-01','','2018-03-01','','',NULL,1,'2018-03-04',NULL,2,'','','Suhas Srivatsa','9741822229',0,NULL,'2018-03-01','2018-03-01',0,36,4,36,88,8766.00,4383.00,0),(119,44600.00,52628.00,4014.00,'','2018-03-01','','2018-03-01','','',NULL,1,'2018-03-04',NULL,2,'','','Suhas Srivatsa','9741822229',0,NULL,'2018-03-01','2018-03-01',0,36,4,36,107,8028.00,4014.00,0),(120,60500.00,71390.00,5445.00,'','2018-03-03','','2018-03-15','','',NULL,0,'2018-03-06',NULL,1,'','','','',0,NULL,'2018-03-03','2018-03-03',0,36,4,36,183,10890.00,5445.00,0),(121,60500.00,71390.00,5445.00,'','2018-03-03','','2018-03-15','','',NULL,0,'2018-03-06',NULL,1,'','','','',0,NULL,'2018-03-03','2018-03-03',0,36,4,36,184,10890.00,5445.00,0),(122,85000.00,100300.00,7650.00,'','2018-03-03','','2018-03-03','','',NULL,0,'2018-03-08',NULL,1,'','','','',0,NULL,'2018-03-03','2018-03-03',0,59,4,59,158,15300.00,7650.00,1),(123,110000.00,129800.00,9900.00,'','2018-03-06','','2018-03-06','','',NULL,0,'2018-03-09',NULL,1,'','','','',1,'Wrong entry. Invoice generated without IGST format.','2018-03-06','2018-03-06',0,64,3,57,185,19800.00,9900.00,0),(124,100000.00,118000.00,9000.00,'','2018-03-06','','2018-04-05','','',NULL,0,'2018-03-11',NULL,1,'','','','',0,NULL,'2018-03-06','2018-03-06',0,57,4,57,122,18000.00,9000.00,1),(125,100000.00,118000.00,9000.00,'','2018-03-06','','2018-04-05','','',NULL,0,'2018-03-11',NULL,1,'','','','',0,NULL,'2018-03-06','2018-03-06',0,57,4,57,109,18000.00,9000.00,1),(126,100000.00,118000.00,9000.00,'','2018-03-06','','2018-04-05','','',NULL,0,'2018-03-11',NULL,1,'','','','',0,'','2018-03-06','2018-03-06',0,57,4,57,117,18000.00,9000.00,1),(127,100000.00,118000.00,9000.00,'','2018-03-06','','2018-04-05','','',NULL,0,'2018-03-11',NULL,1,'','','','',0,NULL,'2018-03-06','2018-03-06',0,57,4,57,111,18000.00,9000.00,1),(128,100000.00,118000.00,9000.00,'','2018-03-06','','2018-04-05','','',NULL,0,'2018-03-11',NULL,1,'','','','',0,NULL,'2018-03-06','2018-03-06',0,57,4,57,119,18000.00,9000.00,1),(129,100000.00,118000.00,9000.00,'','2018-03-06','','2018-04-05','','',NULL,0,'2018-03-11',NULL,1,'','','','',0,NULL,'2018-03-06','2018-03-06',0,57,4,57,113,18000.00,9000.00,1),(130,100000.00,118000.00,9000.00,'','2018-03-06','','2018-04-05','','',NULL,0,'2018-03-11',NULL,1,'','','','',0,NULL,'2018-03-06','2018-03-06',0,57,4,57,120,18000.00,9000.00,1),(131,110000.00,129800.00,9900.00,'','2018-03-07','','2018-03-14','','',NULL,0,'2018-03-15',NULL,1,'','','','',0,NULL,'2018-03-07','2018-03-07',0,68,4,68,115,19800.00,9900.00,1),(132,110000.00,129800.00,9900.00,'','2018-03-07','','2018-03-14','','',NULL,0,'2018-03-15',NULL,1,'','','','',0,NULL,'2018-03-07','2018-03-07',0,68,4,68,124,19800.00,9900.00,1),(133,110000.00,129800.00,9900.00,'','2018-03-07','','2018-03-14','','',NULL,0,'2018-03-14',NULL,1,'','','','',1,'Cancelled due to change in address.','2018-03-07','2018-03-19',0,68,4,57,110,19800.00,9900.00,1),(134,70000.00,82600.00,6300.00,'','2018-03-07','','2018-03-15','','',NULL,0,'2018-03-08',NULL,2,'','','Bahubali','8722720575',0,NULL,'2018-03-07','2018-03-07',0,36,4,36,69,12600.00,6300.00,0),(135,31500.00,37170.00,2835.00,'','2018-03-07','','2018-03-31','','',NULL,0,'2018-03-13',NULL,1,'','','','',0,NULL,'2018-03-07','2018-03-07',0,59,4,59,168,5670.00,2835.00,1),(136,31500.00,37170.00,2835.00,'','2018-03-07','','2018-03-31','','',NULL,0,'2018-03-13',NULL,1,'','','','',0,NULL,'2018-03-07','2018-03-07',0,59,4,59,126,5670.00,2835.00,1),(137,38000.00,44840.00,3420.00,'','2018-03-08','','2018-04-08','','',NULL,0,'2018-03-16',NULL,1,'','','','',0,NULL,'2018-03-08','2018-03-08',0,67,4,67,165,6840.00,3420.00,1),(138,38000.00,44840.00,3420.00,'','2018-03-08','','2018-04-08','','',NULL,0,'2018-03-16',NULL,1,'','','','',0,NULL,'2018-03-08','2018-03-08',0,67,4,67,180,6840.00,3420.00,1),(139,29000.00,34220.00,2610.00,'','2018-03-08','','2018-04-08','','',NULL,0,'2018-03-16',NULL,1,'','','','',0,NULL,'2018-03-08','2018-03-08',0,67,4,67,179,5220.00,2610.00,1),(140,33500.00,39530.00,3015.00,'','2018-03-09','','2018-04-09','','',NULL,0,'2018-03-17',NULL,1,'','','','',0,NULL,'2018-03-09','2018-03-09',0,67,4,67,155,6030.00,3015.00,1),(141,29000.00,34220.00,2610.00,'','2018-03-09','','2018-04-09','','',NULL,0,'2018-03-16',NULL,1,'','','','',0,NULL,'2018-03-09','2018-03-09',0,67,4,67,156,5220.00,2610.00,1),(142,42500.00,50150.00,3825.00,'','2018-03-10','','2018-04-09','','',NULL,0,'2018-03-13',NULL,1,'','','','',0,NULL,'2018-03-10','2018-03-10',0,57,4,57,76,7650.00,3825.00,1),(143,45000.00,53100.00,4050.00,'','2018-03-10','','2018-03-17','','',NULL,0,'2018-03-17',NULL,1,'','','','',0,NULL,'2018-03-10','2018-03-10',0,68,4,68,82,8100.00,4050.00,1),(144,35000.00,41300.00,3150.00,'','2018-03-12','','2018-03-15','','',NULL,0,'2018-03-12',NULL,2,'','','Suhas Srivatsa','9741822229',0,NULL,'2018-03-12','2018-03-12',0,36,4,36,73,6300.00,3150.00,0),(145,35000.00,41300.00,3150.00,'','2018-03-12','','2018-03-15','','',NULL,0,'2018-03-12',NULL,2,'','','Suhas Srivatsa','9741822229',1,'Same invoice generated twice.','2018-03-12','2018-03-13',0,36,4,57,73,6300.00,3150.00,0),(146,40500.00,47790.00,3645.00,'','2018-03-13','','2018-03-25','','',NULL,0,'2018-03-17',NULL,1,'','','','',0,NULL,'2018-03-13','2018-03-13',0,36,4,36,164,7290.00,3645.00,1),(147,40500.00,47790.00,3645.00,'','2018-03-13','','2018-03-25','','',NULL,0,'2018-03-17',NULL,1,'','','','',0,NULL,'2018-03-13','2018-03-13',0,36,4,36,163,7290.00,3645.00,1),(148,110000.00,129800.00,9900.00,'','2018-03-14','','2018-04-13','','',NULL,0,'2018-03-17',NULL,1,'','','','',0,NULL,'2018-03-14','2018-03-14',0,62,4,62,96,19800.00,9900.00,1),(149,39250.00,46315.00,3532.50,'','2018-03-14','','2018-03-14','','',NULL,0,'2018-03-21',NULL,1,'','','','',0,NULL,'2018-03-14','2018-03-14',0,66,3,66,195,7065.00,3532.50,1),(150,39250.00,46315.00,3532.50,'','2018-03-14','','2018-03-14','','',NULL,0,'2018-03-21',NULL,1,'','','','',0,NULL,'2018-03-14','2018-03-14',0,66,3,66,194,7065.00,3532.50,1),(151,39250.00,46315.00,3532.50,'','2018-03-14','','2018-03-14','','',NULL,0,'2018-03-21',NULL,1,'','','','',0,NULL,'2018-03-14','2018-03-14',0,66,3,66,193,7065.00,3532.50,1),(152,39250.00,46315.00,3532.50,'','2018-03-14','','2018-03-14','','',NULL,0,'2018-03-21',NULL,1,'','','','',0,NULL,'2018-03-14','2018-03-14',0,66,3,66,151,7065.00,3532.50,1),(154,22500.00,26550.00,2025.00,'','2018-03-16','','2018-03-31','','',NULL,0,'2018-03-20',NULL,1,'','','','',0,NULL,'2018-03-16','2018-03-16',0,59,4,59,114,4050.00,2025.00,1),(155,22500.00,26550.00,2025.00,'','2018-03-16','','2018-03-31','','',NULL,0,'2018-03-21',NULL,1,'','','','',0,NULL,'2018-03-16','2018-03-16',0,59,4,59,121,4050.00,2025.00,1),(156,90000.00,106200.00,8100.00,'','2018-03-16','','2018-03-23','','',NULL,0,'2018-03-25',NULL,1,'','','','',0,NULL,'2018-03-16','2018-03-16',0,68,4,68,91,16200.00,8100.00,1),(157,60500.00,71390.00,5445.00,'','2018-03-16','','2018-04-16','','',NULL,0,'2018-03-19',NULL,1,'','','','',0,NULL,'2018-03-16','2018-03-16',0,57,4,57,197,10890.00,5445.00,1),(158,60500.00,71390.00,5445.00,'','2018-03-16','','2018-04-16','','',NULL,0,'2018-03-20',NULL,1,'','','','',0,NULL,'2018-03-16','2018-03-16',0,57,4,57,92,10890.00,5445.00,1),(159,63000.00,74340.00,5670.00,'','2018-03-16','','2018-03-16','','',NULL,0,'2018-03-23',NULL,1,'','','','',0,NULL,'2018-03-16','2018-03-16',0,65,4,65,196,11340.00,5670.00,1),(160,22500.00,26550.00,2025.00,'','2018-03-17','','2018-04-05','','',NULL,0,'2018-03-28',NULL,1,'','','','',0,NULL,'2018-03-17','2018-03-17',0,59,4,59,112,4050.00,2025.00,1),(161,22500.00,26550.00,2025.00,'','2018-03-17','','2018-04-05','','',NULL,0,'2018-03-28',NULL,1,'','','','',0,NULL,'2018-03-17','2018-03-17',0,59,4,59,116,4050.00,2025.00,1),(162,22500.00,26550.00,2025.00,'','2018-03-17','','2018-04-04','','',NULL,0,'2018-03-28',NULL,1,'','','','',0,NULL,'2018-03-17','2018-03-17',0,59,4,59,97,4050.00,2025.00,1),(163,22500.00,26550.00,2025.00,'','2018-03-17','','2018-04-04','','',NULL,0,'2018-03-24',NULL,1,'','','','',0,NULL,'2018-03-17','2018-03-17',0,59,4,59,123,4050.00,2025.00,1),(164,45000.00,53100.00,4050.00,'','2018-03-17','','2018-04-04','','',NULL,0,'2018-03-23',NULL,1,'','','','',0,NULL,'2018-03-17','2018-03-17',0,59,4,59,98,8100.00,4050.00,1),(165,110000.00,129800.00,9900.00,'','2018-03-19','','2018-03-22','','',NULL,0,'2018-03-20',NULL,1,'','','','',0,NULL,'2018-03-19','2018-03-19',0,57,4,57,110,19800.00,9900.00,1);
/*!40000 ALTER TABLE `services_booking` ENABLE KEYS */;
UNLOCK TABLES;

--
-- Table structure for table `services_bookingservice`
--

DROP TABLE IF EXISTS `services_bookingservice`;
/*!40101 SET @saved_cs_client     = @@character_set_client */;
/*!40101 SET character_set_client = utf8 */;
CREATE TABLE `services_bookingservice` (
  `service_type` varchar(256) NOT NULL,
  `firstname` varchar(256) NOT NULL,
  `booking_service_id` varchar(50) NOT NULL,
  `email` varchar(254) NOT NULL,
  `city` varchar(256) NOT NULL,
  `dealer` varchar(50) NOT NULL,
  `dealer_phone` varchar(256) NOT NULL,
  `phone` varchar(10) NOT NULL,
  `area` decimal(10,4) NOT NULL,
  `total_amount` decimal(10,4) NOT NULL,
  `address` longtext NOT NULL,
  `landmark` varchar(256) NOT NULL,
  `dealer_address` longtext NOT NULL,
  `payment_option` varchar(256) NOT NULL,
  `booking_date` datetime(6) NOT NULL,
  PRIMARY KEY (`booking_service_id`)
) ENGINE=MyISAM DEFAULT CHARSET=latin1;
/*!40101 SET character_set_client = @saved_cs_client */;

--
-- Dumping data for table `services_bookingservice`
--

LOCK TABLES `services_bookingservice` WRITE;
/*!40000 ALTER TABLE `services_bookingservice` DISABLE KEYS */;
/*!40000 ALTER TABLE `services_bookingservice` ENABLE KEYS */;
UNLOCK TABLES;

--
-- Table structure for table `services_channelpartner`
--

DROP TABLE IF EXISTS `services_channelpartner`;
/*!40101 SET @saved_cs_client     = @@character_set_client */;
/*!40101 SET character_set_client = utf8 */;
CREATE TABLE `services_channelpartner` (
  `baseuser_ptr_id` int(11) NOT NULL,
  `company_name` varchar(255) NOT NULL,
  `hire_date` date NOT NULL,
  `company_address` varchar(255) NOT NULL,
  `number_of_staff` int(11) NOT NULL,
  `number_of_branches` int(11) NOT NULL,
  `number_of_products` int(11) NOT NULL,
  `year_of_establishment` int(11) NOT NULL,
  `pin_code` varchar(6) NOT NULL,
  `landline` varchar(11) NOT NULL,
  `GSTIN` varchar(255) DEFAULT NULL,
  `company_pan_number` varchar(10) NOT NULL,
  `is_sub_dealer` tinyint(1) NOT NULL,
  `city_id` int(11) NOT NULL,
  `createdBy_id` int(11) NOT NULL,
  `manager_id` int(11) NOT NULL,
  `company_name_invoice` varchar(255) NOT NULL,
  `state_id` int(11) NOT NULL,
  `dealership_category_id` int(11) NOT NULL,
  `dealer_code` varchar(255) NOT NULL,
  PRIMARY KEY (`baseuser_ptr_id`),
  KEY `services_channelpartner_c7141997` (`city_id`),
  KEY `services_channelpartner_c35609d3` (`createdBy_id`),
  KEY `services_channelpartner_8784215c` (`manager_id`),
  KEY `services_channelpartner_d5582625` (`state_id`),
  KEY `services_channelpartner_b1220305` (`dealership_category_id`)
) ENGINE=MyISAM DEFAULT CHARSET=latin1;
/*!40101 SET character_set_client = @saved_cs_client */;

--
-- Dumping data for table `services_channelpartner`
--

LOCK TABLES `services_channelpartner` WRITE;
/*!40000 ALTER TABLE `services_channelpartner` DISABLE KEYS */;
INSERT INTO `services_channelpartner` VALUES (39,'Tyre park Rnr','2016-10-04','#115 lal bagh fort road near minerva circle next to to nandhini hotel Bangalore',4,38,2,1990,'560004','08033054843','29070326427','AABCC4619F',0,1,4,4,'wellnet',1,4,'wellnet123'),(38,'Cherry agencies pvt ltd','2016-10-01','#115, lalbagh fort road, next to nandhini hotel, near minerva circle, bangalore.',4,1,2,1990,'560004','08041270702','29070326427','AABCC4619F',0,1,4,4,'wellnet',1,4,'wellnet123'),(35,'Konark\'s The House of Car Accessories','2016-09-08','# 473, East End Main road, Jayanagar, 9th block, Bangalore 560069',8,3,30,2005,'560069','08041504556','29870453445','AAHFK6364Q',0,1,4,4,'wellnet',1,4,'wellnet123'),(37,'Tyre Park KH Road','2016-09-19','#115 lal bagh fort road next to nandini hotel near Minerva circle Bangalore',5,28,5,1990,'560004','08041656035','29070326427','AABCC4619F',0,1,4,4,'wellnet',1,4,'wellnet123'),(34,'Tyre Park Indiranagar','2016-08-22','#115 lal bagh fort road,next to nandhini hotel,near minerva circle,Bangalore',4,38,2,1990,'560004','08033054843','29070326427','AABCC4619F',0,1,4,4,'wellnet',1,4,'wellnet123'),(72,'Nandi Toyota, K R Road','2018-01-02','No. 4117, K R Road, Banashankari 2nd Stage',10,1,1,2010,'560070','08040431111','29AACCM6574A1ZH','AACCM6574A',0,1,36,36,'Motor World Pvt Ltd',1,1,'BL03G'),(33,'Tyre Park Electronic city','2016-08-20','#115 lal bagh fort road,next to nandhini hotel,near minerva circle Bangalore',4,28,2,1990,'560004','08033054843','29070326427','AABCC4619F',0,1,4,4,'wellnet',1,4,'wellnet123'),(71,'Nandi Toyota, Kanakapura Road','2018-01-02','No. 6/1, Kanakapura Road, Paramount Gardens, Jyotipuram',10,1,1,2010,'560062','08040431111','29AACCM6574A1ZH','AACCM6574A',0,1,36,36,'Motor World Pvt Ltd',1,1,'BL03A'),(31,'Best serve pest management pvt ltd','2016-08-17','#372/2, ground floor, lokesh building\r\nHogebandi garden, near DLF new town,\r\nBegur road, bangalore',20,1,10,2012,'560068','08060500605','U24100KA2012PTC064496','AAFCB0465J',0,1,4,4,'wellnet',1,4,'wellnet123'),(40,'Dreamers and Doers','2016-10-05','No. 52, CMH Road, indira Nagar 2nd stage, bangalore',5,1,10,2010,'560038','8722912345','29541101635','ATQPR5541Q',0,1,36,36,'wellnet',1,4,'wellnet123'),(41,'Cherry agencies pvt ltd','2016-10-08','No.115, lalbagh fort road, next to nandini hotel, near minerva circle, bangalore',4,1,2,1990,'560004','08042180028','29070326427','AABCC4619F',0,1,36,36,'wellnet',1,4,'wellnet123'),(70,'Nandi Toyota, Bannerghatta Road','2018-01-02','No. 43/1B, DRC Post, Bannerghatta Main Road',10,1,1,2010,'560029','08040431111','29AACCM6574A1ZH','AACCM6574A',0,1,36,36,'Motor World Pvt Ltd',1,1,'BL03F'),(45,'Cherry agencies pvt ltd','2016-10-27','No.115, lalbagh fort road, near nandini hotel minerva circle',5,1,1,1990,'560027','08041656035','29070326427','AABCC4619F',0,1,36,36,'wellnet',1,4,'wellnet123'),(46,'Express Car Care','2016-11-15','#1780, 80 feet road, HSR Layout,\r\nSector-1, 19th Main Road,\r\nBangalore 560102',4,1,3,2016,'560102','08068006800','AXNPG7316DSD001','AXNPG7316D',0,1,42,42,'wellnet',1,4,'wellnet123'),(69,'Nandi Toyota, Kudlu Gate','2018-01-02','No. 46/3A, Kudlu Gate, 7th Main, Hosur Road',10,1,1,2010,'560068','08040431111','29AACCM6574A1ZH','AACCM6574A',0,1,36,36,'Motor World Pvt Ltd',1,1,'BL02A'),(48,'Shupra Shine N Ride','2016-12-08','#12, 23rd A Main, 7th A Cross, J P Nagar 2nd Phase, opp to R V Dental College,  Bangalore - 560078',4,1,4,2014,'560078','8197079999','290202108101','AMWPP0479L',0,1,42,42,'wellnet',1,4,'wellnet123'),(49,'Sudarshan Express Car Care','2016-12-24','No 107, Doddathogur, Bettadasapura Circle, Behind SNN Raj Neeladri Apartments, Begur Hobli, Bangalore',6,1,10,2016,'560100','8123443888','29231100496','AGTPR6176R',0,1,42,36,'wellnet',1,4,'wellnet123'),(50,'Auto Fusion','2017-01-07','#12, Patel Narayan Reddy Layout, 80 feet Road, 6th Block, Koramangala, Bengaluru',1,1,1,2017,'560095','08041505576','29370457018','Auto Fusio',0,1,36,2,'wellnet',1,4,'Wellnet123'),(58,'FORK TECHNOLOGIES PVT LTD','2017-12-06','Forktechnologies Pvt Ltd\r\n#156 ,2ND STAGE WEST OF CHORD ROAD',1,1,1,2017,'560086','23232323232','xyxyxyxxy','AN589dmmdd',0,1,1,2,'wellnet',1,4,'wellnet123'),(52,'Refresh Car Spa','2017-01-09','Market Square, No. 12/5, Kaikondrahalli, Varthur Hobli, Sarjapura Road, Bangalore',4,1,1,2014,'560037','08040906883','1111112222233333','mkjih65894',0,1,36,36,'wellnet',1,4,'wellnet123'),(53,'Imagine Pest Services','2017-02-28','No.39, 515 Colony, HAL 3rd Stage, New Thippasandra, Bangalore',10,1,15,2006,'560075','08025286634','BJOPP2029JSD00J','BJOPP2029J',0,1,36,42,'wellnet',1,4,'wellnet123'),(54,'Rapid Car Care','2017-03-01','#1163, Pandit Jawaharlal Nehru Road, BEML Layout, Beside Kaapikatte, Rajarajeshwari Nagar, Bangalore 560098',5,1,20,2016,'560098','08028605757','00000000','ADFPA8881A',0,1,42,42,'wellnet',1,4,'wellnet123'),(55,'Car Wash N Wipe','2017-03-08','#785, MES Road, Muthyalanagar, Gokula Extension, Bangalore',8,1,6,2014,'560013','08023450544','29421205200','AAJFC5493N',0,1,36,36,'wellnet',1,4,'Wellnet123'),(56,'Manu PitStop','2017-03-25','No.4, K R Garden, 8th Block, Koramangala, Bangalore',3,1,5,2015,'560095','08040905773','29831258470','ABAFM2988E',0,1,36,2,'wellnet',1,4,'wellnet123'),(73,'Nandi Toyota, Banaswadi','2018-01-02','No. 88/364/51, Banaswadi Ward No.88, Service Road, Banaswadi RIng Road, Banaswadi',10,1,1,2010,'560043','08040431111','29AACCM6574A1ZH','AACCM6574A',0,1,36,36,'Motor World Pvt Ltd',1,1,'BL03D'),(74,'Nandi Toyota, Bommanahalli','2018-01-02','No. 372/344/269, Sy No. 69/5, Bommanahalli',10,1,1,2010,'560068','08040431111','29AACCM6574A1ZH','AACCM6574A',0,1,36,36,'Motor World Pvt Ltd',1,1,'BL03C'),(75,'Nandi Toyota, Whitefield','2018-01-02','No. 7I&7J, KIADB Industrial Area, Phase 1, Whitefield',10,1,1,2010,'560048','08040431111','29AACCM6574A1ZH','AACCM6574A',0,1,36,36,'Motor World Pvt Ltd',1,1,'BL03H'),(76,'Lanson Toyota, Koyambedu','2018-01-02','No. 34, Ponnamalle High Road, Koyambedu',10,1,1,2010,'600107','04430005000','33AAACL7642G1ZQ','AAACL7642G',0,50,36,63,'Lanson Motors Pvt Ltd',2,1,'CN01A'),(77,'Viva Toyota, Airport Road','2018-01-03','No. 171/1, International Airport Road, Hunasemaranahalli, Jala Hobli, Yelahanka',10,1,1,2012,'562157','08067031000','29AADCV2343K1Z3','AADCV2343K',0,1,36,36,'Viva Magna Wheelers Pvt Ltd',1,1,'BL06B'),(78,'Viva Toyota, Kogilu','2018-01-03','No. 552/512, Maruthi Nagar, Kogilu Main Road, Yelahanka',10,1,1,2010,'560064','08067031000','29AADCV2343K1Z3','AADCV2343K',0,1,36,36,'Viva Magna Wheelers Pvt Ltd',1,1,'BL06A'),(79,'Viva Toyota, Mysore Road','2018-01-03','No. 234, Panthara Palya, Opp. BHEL, Mysore Road',10,1,1,2018,'560039','08067031000','29AADCV2343K1Z3','AADCV2343K',0,1,36,36,'Viva Magna Wheelers Pvt Ltd',1,1,'BL06D'),(84,'Silvermoon Toyota','2018-01-25','NH-20.HATWAS (NAGROTA BAGWAN) TEHSIL NAGROTA BAGWAN DISTRICT                                                                                                                     ',1,1,1,2010,'176047','0189249303','02AARCS2849D1ZC','AARCS2849D',0,111,57,67,'Silvermoon Motors Pvt Ltd',17,1,'KG01A'),(80,'Madhuban Toyota, Kurla West','2018-01-03','16, LBS Marg, Kurla West, Mumbai',1,1,1,2010,'400070','02242431999','27AADCM9124H1ZE','AADCM9124H',0,180,57,61,'Madhuban Motors Pvt Ltd',4,1,'MU03A'),(81,'MGF Toyota, Gurgaon','2018-01-04','MGF TOYOTA, CAPITAL VEHICLES SALES LTD. 10, IDC MEHRAULI ROAD',1,1,1,2008,'122006','01244730904','06AABCC4459P1Z9','AABCC4459P',0,98,68,68,'CAPITAL VEHICLES SALES LTD.',28,1,'GU01A'),(82,'MGF Toyota, Peeragadhi','2018-01-08','MGF TOYOTA, CAPITAL VEHICLES SALES LTD. C-1,UDYOG NAGAR INDUSTRIAL AREA, PEERAGARHI\r\n',10,1,1,2010,'110041','01244730999','07AABCC4459P1Z7','AABCC4459P',0,86,57,68,'Capital Vechicle Sales Ltd',3,1,'DL08A'),(83,'MGF Toyota, Daulatabad','2018-01-08','MGF TOYOTA, CAPITAL VEHICLES SALES LTD. PLOT NO.10, DAULTABAD INDUSTRIAL AREA, SEC-105, DWARKA EXPRESSWAY\r\n',1,1,1,2010,'122006','08527165858','06AABCC4459P1Z9','AABCC4459P',0,98,57,68,'CAPITAL VEHICLES SALES LTD',28,1,'GU01C'),(85,'Anand Toyota, Solan','2018-01-27','Anand Autocare Pvt.Ltd. Village Shamlaich  P.O. Barog, N.H.22 Barog bypass, Tehsil, District - Solan\r\n',1,1,1,2010,'173211','01792645000','02AAICA4744N1ZK','AAICA4744N',0,77,57,67,'Anand Autocare Pvt. Ltd. ',17,1,'SO01A'),(86,'Anand Toyota, Mandi','2018-01-27','Anand Autocare Pvt.Ltd. Village Lunapani (Near Nagchala), P.O.Bhangrotu, Tehsil Balh, District - Mandi\r\n',1,1,1,2010,'175021','01905645000','02AAICA4744N1ZK','AAICA4744N',0,76,57,67,'Anand Autocare Pvt. Ltd.',17,1,'MN01A'),(87,'Ravindu Toyota, Rajajinagar','2018-01-29','No. 25, Chord Road, Opp. ISKON Temple, Rajajinagar Industrial Suburb',1,1,1,2010,'560022','08030111600','29AAHCA1256C1ZZ','AAHCA1256C',0,1,36,36,'Ravindu Motors Pvt. Ltd.',1,1,'BL01A'),(88,'Ravindu Toyota, Avalahalli','2018-01-29','3/1 Avalahalli Village, Bidarahalli Hobli, Virgonaga, Hoskote Road\r\n',1,1,1,2010,'560049','08030111600','29AAHCA1256C1ZZ','AAHCA1256C',0,1,36,36,'Ravindu Motors Pvt. Ltd.',1,1,'BL05C'),(89,'Galaxy Toyota, Moti Nagar','2018-01-29','GALAXY AUTOMOBILES PRIVATE LIMITED \r\n69/1A, NAJAFGARH ROAD, \r\nMOTI NAGAR CROSSING, DELHI.',1,1,1,1999,'110015','01141466666','07AABCG3118R1ZD','AABCG3118R',0,86,68,68,'GALAXY AUTOMOBILES PRIVATE LIMITED',3,4,'DL01A'),(90,'Galaxy Toyota, Okhla','2018-01-29','B-23, Okhla Industrial Area\r\nPhase-1, New Delhi\r\n110 020',1,1,1,1999,'110020','01141466666','07AABCG3118R1ZD','AABCG3118R',0,86,68,68,'GALAXY AUTOMOBILES PRIVATE LIMITED',3,4,'DL03A'),(91,'Galaxy Toyota, Azadpur','2018-01-29','PLOT NO.-5, RAJASTHAN UDYOG NAGAR,GT KARNAL ROAD\r\n',1,1,1,1999,'110015','01141466666','07AABCG3118R1ZD','AABCG3118R',0,86,68,68,'GALAXY AUTOMOBILES PRIVATE LIMITED',3,4,'DL04A'),(92,'Lakozy Toyota, Malad West','2018-01-29','504, Link Road, Malad (West) Chinchila\r\n',1,1,1,2010,'400064','02261227777','27AAACT8979N1ZC','AAACT8979N',0,180,57,61,'Toyota Lakozy Auto Pvt. Ltd.',4,4,'MU02A'),(93,'GALAXY TOYOTA, DELHI','2018-01-30','GALAXY AUTOMOBILES PRIVATE LIMITED \r\nB-243,OKHLA INDUSTRIAL AREA PHASE -1, \r\nNEW DELHI-110020\r\n',1,1,1,1999,'110020','01141466666','07AABCG3118R1ZD','AABCG3118R',0,86,68,68,'GALAXY AUTOMOBILES PRIVATE LIMITED',3,4,'DL06A'),(94,'Rajpal Toyota, Bhopal','2018-01-30','Opp. Hotel The Mark, Hoshangabad Road\r\n',1,1,1,2010,'462015','07556440002','23AACCR9459H1Z4','AACCR9459H',0,136,57,66,'Rajpal Abhikaran Bhopal Pvt. Ltd.',24,1,'BO01A'),(95,'Galaxy Toyota, Sonepat','2018-01-30','Khasra no 31/16, GT Karnal Road, Near Parnami Ortho Hospital, Dist. Sonepat',1,1,1,2018,'131028','01141466666','06AABCG3118R1ZF','AABCG3118R',0,89,57,68,'GALAXY AUTOMOBILES PRIVATE LIMITED',28,4,'SN01A'),(96,'Shaw Toyota, Wagholi','2018-01-30','Gat No. 1342, 11th Milestone Village, Wagholi, Taluka Haveli\r\n',1,1,1,2010,'412207','02067499555','27AALCM2639R1ZN','AALCM2639R',0,152,57,62,'Maks Automotive Pvt Ltd ',4,4,'PU04A'),(97,'Infinium Toyota, Rajkot','2018-01-30','64, Opposite Vikram Steel, Gondal Highway, Kangasiyali\r\n',1,1,1,2010,'360004','02816196000','24AAACI9058D1ZQ','AAACI9058D',0,169,57,59,'Infinium Motors (GUJ.) Pvt. Ltd.',26,1,'RJ01A'),(98,'Infinium Toyota, Naroda','2018-01-30','Opp. Ruby Rushi Coach Body Builder, NH-8, Nana Cheloda, Naroda Road\r\n',1,1,1,2010,'382330','07966669500','24AAACI4684B1ZW','AAACI4684B',0,170,57,59,'Infinium Motors Pvt. Ltd.',26,1,'AH02A'),(99,'Nippon Toyota, Cochin(Kalamassery)','2018-01-31','XIX/9C, Nippon Towers, NH 47, HMT Junction, Kalamassery P O',10,1,1,2008,'683104','04842930000','32AACCM4485G1ZK','AACCM4485G',0,58,36,36,'Nippon Motor Corporation Pvt. Ltd.',14,1,'CO01B'),(100,'Radiant Toyota, Ludhiana','2018-01-31','NH-95, Village Bhanohar, Ferozepur Road\r\n',1,1,1,2010,'141102','01615211111','03AABCC6944R1Z9','AABCC6944R',0,96,57,67,'M/s. CHADHA SUPER CARS PVT. LTD.',19,1,'LU01B'),(101,'Radiant Toyota, Moga','2018-02-01','Village Bhugipura, Ferozpur Road, Near Oxford Public School\r\n',1,1,1,2010,'142001','01636503222','03AABCC6944R1Z9','AABCC6944R',0,107,57,67,'M/s. CHADHA SUPER CARS PVT. LTD.',19,1,'MO01A'),(102,'Jai Ganesh Toyota, Bhavnagar','2018-02-01','Plot No. 3-8, Opp. Akhlol Octroi Naka, Nr. Nari Chowkdi, Rajkot Highway\r\n',1,1,1,2010,'364004','02782444444','24AACCJ8629F1ZK','AACCJ8629F',0,178,57,59,'Jai Ganesh Auto Corp Pvt. Ltd.',26,1,'BV01A'),(104,'Chaudhari Toyota, Jalgaon','2018-02-02','Gat No. 16 & 18, NH-06 A/P, Manyarkheda, Tal District',1,1,1,2010,'425001','02573027777','27AADCC7960R1ZV','AADCC7960R',0,165,57,62,'Chaudhari Cars Pvt. Ltd.',4,1,'JG01A'),(105,'Ravindu Toyota, Magadi Road','2018-02-02','No. 30, Magadi Main Road, Adjacent To Saraswathi Convention Hall, Toll Gate',10,1,1,2010,'560040','08030111600','29AAHCA1256C1ZZ','AAHCA1256C',0,1,36,36,'Ravindu Motors Pvt. Ltd.',1,1,'BL05F'),(106,'Ravindu Toyota, Peenya','2018-02-02','No. 120, 6th Main Road, Peenya Industrial Suburb, Peenya 2nd Stage',10,1,1,2010,'560022','08030111600','29AAHCA1256C1ZZ','AAHCA1256C',0,1,36,36,'Ravindu Motors Pvt. Ltd.',1,1,'BL05D'),(107,'Ravindu Toyota, Tumkur','2018-02-02','No. 14/3, Melekote Outer Ring Road, Sadashivnagar',10,1,1,2010,'572105','08030111600','29AAHCA1256C1ZZ','AAHCA1256C',0,66,36,36,'Ravindu Motors Pvt. Ltd.',1,1,'TM01A'),(108,'Rajyog Toyota, Latur','2018-02-02','Maharana Pratap, Nanded Road\r\n',1,1,1,2010,'413512','02382263707','27AAGCR3477F1Z6','AAGRA3477F',0,168,57,62,'RAJYOG AUTO PVT. LTD.',4,1,'LA01A'),(109,'Harsha Toyota, Kondapur','2018-02-02','D No. 2-40/5, Kothaguda, Kondapur',10,1,1,2010,'500084','04024114122','36AABCH2077A1Z2','AABCH2077A',0,67,64,64,'Harsha Automotive Pvt. Ltd.',15,1,'HY02A'),(110,'Espirit Toyota, Delhi','2018-02-02','A-47, MOHAN CO-OPERATIVE INDUSTRIAL ESTATE \r\nMATHURA ROAD-110044',1,1,1,2018,'110044','01204884019','07AANCS0651B1ZM','AANCS0651B',0,86,68,68,'SPIRITED AUTO CARS (I) LIMITED',3,1,'DL05A'),(111,'Harsha Toyota, LB Nagar','2018-02-02','Sy No. 12, Sahebnagar Kurdu, Hayathnagar, RR District Balanagar(MNDL)',10,1,1,2010,'500090','04024114122','36AACCH4975L1Z3','AACCH4975L',0,67,64,64,'Harsha Cars Pvt. Ltd.',15,1,'HY02B'),(112,'Infinium Toyota, Gandhidham','2018-02-02','S 12, Near PSL Industries, NH-8, Varsana, Anjar\r\n',1,1,1,2010,'370240','07966041400','24AAACI4684B1ZW','AAACI4684B',0,174,57,59,'INFINIUM MOTORS PRIVATE LIMITED',26,1,'GD01A'),(113,'Harsha Toyota, Nizampet','2018-02-02','Sy No. 125, Hydernagar(Vill), R R District Balanagar(MNDL)',10,1,1,2010,'500090','04024114122','36AABCH2077A1Z2','AABCH2077A',0,67,64,64,'Harsha Automotive Pvt. Ltd.',15,1,'HY02C'),(114,'Infinium Toyota, Vadodara','2018-02-02','Opp G.S.F.C., N.H. No 8, PO Dashrath\r\n',1,1,1,2010,'391740','07966041400','24AAACI4684B1ZW','AAACI4684B',0,171,57,59,'INFINIUM MOTORS PRIVATE LIMITED',26,1,'VA03A'),(115,'Espirit Toyota, Noida','2018-02-02','SPIRITED AUTO CARS (I) LIMITED\r\nD-11, SEC-8, NOIDA,\r\nGAUTAM BUDH NAGAR (U.P.)-201301',1,1,1,2018,'201301','01204973005','09AANCS0651B1ZI','AANCS0651B',0,86,68,68,'SPIRITED AUTO CARS (I) LIMITED',3,1,'NO02A'),(116,'Infinium Toyota, Mehsana','2018-02-02','INFINIUM MOTORS PVT LTD , OLD HIMALAYA MALL,OPP. WIDEANGLE, MEHSANA AHMEDABAD ROAD\r\n',1,1,1,2010,'384001','07966041400','24AAACI4684B1ZW','AAACI4684B',0,172,57,59,'INFINIUM MOTORS PRIVATE LIMITED',26,1,'MX01A'),(117,'Harsha Toyota, Kurnool','2018-02-02','Sy No. 233/1C, Beside Jubilee Petrol Pump, NH-7, Mamidalapadu',10,1,1,2010,'518003','04039997999','37AACCH2561E1ZU','AACCH2561E',0,181,64,64,'Harsha Auto Enterprises',16,1,'KU01A'),(118,'Infinium Toyota, Bopal','2018-02-02','Infinium Motors pvt ltd, Near Abadnagar bus stand, behind IOC Petrol Pump',1,1,1,2010,'380058','07966041400','24AAACI4684B1ZW','AAACI4684B',0,182,57,59,'INFINIUM MOTORS PRIVATE LIMITED',26,1,'AH02B'),(119,'HarshaToyota, Nellore','2018-02-02','Sy No.83,NH-5, Kakaturu(VILL), Venkatachalam(MD) ',10,1,1,2010,'524320','04039997999','37AABCH2077A1Z0','AABCH2077A',0,183,64,64,'Harsha Automotive Pvt. Ltd.',16,1,'NE01A'),(120,'Harsha Toyota, Tirupati','2018-02-02','Sy No. 717/A/2A, Renigunta Chittoor Bypass Road, Tukivakam Post',10,1,1,2010,'517520','04039997999','37AACCH2563G1Z0','AACCH2563G',0,184,64,64,'Harsha Auto Agencies',16,1,'TU01A'),(121,'Infinium Toyota, Himatnagar','2018-02-02','3, Near Sabar Dairy, Himatnagar Ahmedabad Highway\r\n',1,1,1,2010,'383001','8347001036','24AAACI4684B1ZW','AAACI4684B',0,173,57,59,'INFINIUM MOTORS PRIVATE LIMITED',26,1,'HI01A'),(122,'Harsha Toyota, Anantapur','2018-02-02','Sy No. 112-10 B1, Beside Bhaskara Fertilizer, NH-44, Loluru Cross, Jambuladinne',10,1,1,2010,'515731','04039997999','37AACCH2561E1ZU','AACCH2561E',0,185,64,64,'Harsha Auto Enterprises',16,1,'AP01A'),(123,'Infinium Toyota, Sarkhej','2018-02-02','Infinium Motors Pvt Ltd , 842,Nr.,YMCA Club, Sarkhej Gandhinagar Highway, Jivraj Park',1,1,1,2010,'380051','7698005949','24AAACI4684B1ZW','AAACI4684B',0,186,57,59,'INFINIUM MOTORS PRIVATE LIMITED',26,1,'AH01A'),(124,'Espirit Toyota, Greater Noida','2018-02-03',' D-37 & 38, Industrial Area, Site-IV, Surajpur, Kasna, Gautam Budh Nagar, Greater Noida',1,1,1,2010,'201301','1204884019','09AANCS0651B1ZI','AANCS0651B',0,88,57,68,'Spirited Auto Cars (I) Limited',22,1,'GE01A'),(125,'Gargya Toyota, Guwahati','2018-02-03','NH-37, Guwahati By-pass, Opp. DTO, Betkuchi\r\n',1,1,1,2010,'781034','03612236621','18AACCG4552E1ZS','AACCG4552E',0,16,57,65,'Gargya Autocity Pvt. Ltd.',7,1,'GW01A'),(126,'Rathod Toyota, Vapi','2018-02-03','Sr NO. 315/1,N.H. No 8, Balitha\r\n',1,1,1,2010,'396191','8511180511','24AAFCR6815A1ZR','AAFCR6815A',0,179,57,59,'RATHOD CARS PVT LTD.',26,1,'VP01A'),(127,'Globe Toyota, Ludhiana','2018-02-05','GT Road, Jugiana\r\n',1,1,1,2010,'141120','9115604009','03AAACJ9786D1Z1','AAACJ9786D',0,96,57,67,'Globe Automobiles Pvt. Ltd.',19,1,'LU02A'),(128,'Globe Toyota, Mohali','2018-02-05','B-51, Phase - VI, Industrial Area, Chandigarh\r\n',1,1,1,2010,'160009','9646049155','03AAACJ9786D1Z1','AAACJ9786D',0,91,57,67,'Globe Automobiles Pvt. Ltd.',19,1,'CH02A'),(129,'Globe Toyota, Sangrur','2018-02-05','Village Bhindra, Patiala - Sangrur Road, Tehsil\r\n',1,1,1,2010,'148001','8950580713','03AAACJ9786D1Z1','AAACJ9786D',0,97,57,67,'Globe Automobiles Pvt. Ltd.',19,1,'SX02A'),(130,'Globe Toyota, Karnal','2018-02-05','GT Road, Opp P.T.C Madhuban',1,1,1,2010,'132001','9467030778','06AAACJ9786D1ZC','AAACJ9786D',0,92,57,67,'Globe Automobiles Pvt. Ltd.',28,1,'KR01A'),(131,'Globe Toyota, Ambala','2018-02-05','Opp. Springfield School, NH-22, Ambala Chandigarh Highway\r\n',1,1,1,2010,'134007','9729549102','06AAACJ9786D1ZC','AAACJ9786D',0,90,57,67,'Globe Automobiles Pvt. Ltd.',28,1,'AB01A'),(132,'Globe Toyota, Panipat','2018-02-05','Village Karhans Tehsil, District - Samalkha',1,1,1,2010,'132101','8398000399','06AAACJ9786D1ZC','AAACJ9786D',0,93,57,67,'Globe Automobiles Pvt. Ltd.',28,1,'PP01A'),(133,'Globe Toyota, Yamunanagar','2018-02-05','NH - 73 (New NH 07), Village Mauja Kail, Tehsil Jagadhari\r\n',1,1,1,2010,'135003','9034111209','06AAACJ9786D1ZC','AAACJ9786D',0,94,57,67,'Globe Automobiles Pvt. Ltd.',28,1,'YA01A'),(134,'Pioneer Toyota, Chandigarh CH01A','2018-02-06','177 H&I, Industrial Area, Phase - 1',1,1,1,2010,'160022','01725288888','04AAACE6728J1Z0','AAACE6728J',0,187,57,67,'EM PEE MOTORS LTD',19,1,'CH01A'),(135,'Satyam Toyota, Rohtak','2018-02-06','SATYAM AUTOSERVE PRIVATE LIMITED\r\nHISAR ROAD, NEAR OLD BANGER FLYOVER, ROHTAK  124001',1,1,1,2012,'124001','01262300400','06AAOCS2979M1ZH','AAOCS2979M',0,108,68,68,'SATYAM AUTOSERVE PRIVATE LIMITED',28,1,'RH01A'),(136,'Satyam Toyota, Bahadurgarh','2018-02-06','SATYAM AUTOSERVE PRIVATE LIMITED\r\nA-54, KHASRA NO. 58/3, MIE, PART-B, MOZA HASAN PUR,\r\nTEHSIL BAHADURGARH, DELHI-ROHTAK ROAD, BAHADURGARH\r\nJHAJJAR, HARYANA-124507',1,1,1,2017,'124507','01276224100','06AAOCS2979M1ZH','AAOCS2979M',0,188,68,68,'SATYAM AUTOSERVE PRIVATE LIMITED',28,1,'BD01A'),(137,'Leela Krishna Toyota, Vishakapatnam','2018-02-07','No.164/1, Paradesipalem, Marikavalasa, Madhuravada, NH-5',10,1,1,2010,'530041','0891278266','37AABCL0857CIZS','AABCL0857C',0,189,64,64,'Leela Automobiles Pvt. Ltd.',16,1,'VI01A'),(138,'Anaamalais Toyota, Coimbatore','2018-02-07','5/86-87, Vellakinar Main Road, Near Railway Gate, Thudiyalur\r\n',1,1,1,2010,'641034','8883099000','33AABCC2462L1ZT','AABCC2462L',0,40,57,63,'Coimbatore Anamallais Agencies Pvt. Ltd.',2,1,'CM01A'),(139,'Anaamalais Toyota, Erode','2018-02-07','S.F.No: 11/1b, Kanthampalayam Village,Near Nasiyanur Road Pirivu, Coimbatore To Salem (Nh47),Nasiyanur\r\n',1,1,1,2010,'638107','9842324700','33AABCC2462L1ZT','AABCC2462L',0,41,57,63,'Coimbatore Anamallais Agencies Pvt. Ltd.',2,1,'ER01A'),(140,'Anaamalais Toyota, Salem','2018-02-07','67/1B2, Rasipuram Mainroad, Nh7, Mallur Via,P.Mettur Post\r\n',1,1,1,2010,'636203','9976139700','33AABCC2462L1ZT','AABCC2462L',0,42,57,63,'Coimbatore Anamallais Agencies Pvt. Ltd.',2,1,'SE01A'),(141,'Anaamalais Toyota, Tirupur','2018-02-07','Sf.No.:296/1C & 2A,Palladam -Tirupur Main Road,Kungumapalayam Pirivu, Naranapuram Post\r\n',1,1,1,2010,'641664','9842927800','33AABCC2462L1ZT','AABCC2462L',0,48,57,63,'Coimbatore Anamallais Agencies Pvt. Ltd.',2,1,'TP01A'),(142,'Anaamalais Toyota, Nagercoil','2018-02-07','2-86, Tirunelveli Main Road, Ozhuginasery, Nagercovil, Kanyakumari \r\n',1,1,1,2010,'629001','9750927600','33AAFCA2964H1ZT','AAFCA2964H',0,190,57,63,'Anamallais Agencies Madurai Pvt. Ltd.',2,1,'NC01A'),(143,'Anaamalais Toyota, Trichy','2018-02-07','100, ByPass Road, Thimmaraya Samuthiram, Thiruvanaikovil',1,1,1,2010,'620005','9842269300','33AABCC2462L1ZT','AABCC2462L',0,46,57,63,'Coimbatore Anamallais Agencies Pvt. Ltd.',2,1,'TC01A'),(144,'Anaamalais Toyota, Kumbakonam','2018-02-07','166/5, Chennai Main Road, Koranattu Karuppur\r\n',1,1,1,2010,'612501','9842914800','33AABCC2462L1ZT','AABCC2462L',0,44,57,63,'Coimbatore Anamallais Agencies Pvt. Ltd.',2,1,'KM01A'),(145,'Anaamalais Toyota, Madurai','2018-02-07','H / 18 - 20 , Sidco Industrial Estate, Kappalur\r\n',1,1,1,2010,'625008','9865896400','33AAFCA2964H1ZT','AAFCA2964H',0,45,57,63,'Anamallais Agencies Madurai Pvt. Ltd.',2,1,'MD01A'),(146,'Anaamalais Toyota, Tirunelveli','2018-02-07','227/2, Takkarammalpuram, NH-7 , Trivandrum High Road\r\n',1,1,1,2010,'627007','9865263500','33AAFCA2964H1ZT','AAFCA2964H',0,47,57,63,'Anamallais Agencies Madurai Pvt. Ltd.',2,1,'TN01A'),(147,'Anaamalais Toyota, Virudhunagar','2018-02-07','SF No.285/B,286/B & 287/1, Opp.AAA College Of Engineering, Amathur Village, Virudhunagar- Sivakasi Road\r\n',1,1,1,2010,'626005','9842775700','33AAFCA2964H1ZT','AAFCA2964H',0,43,57,63,'Anamallais Agencies Madurai Pvt. Ltd.',2,1,'VR01A'),(148,'GRACE TOYOTA','2018-02-07','39TH MILE STONE N.H.-8, NEAR SHANI MANDIR,SECTOR-35 ,GURGAON-122004',1,1,1,2008,'122004','01244687809','06AACCC8277GIZJ','AACCC8277G',0,98,68,68,'COSMIC MOTORS INDIA PVT LTD',28,1,'GU02A'),(149,'Lanson Toyota, Pallikarnai','2018-02-07','10, Radial Road, Pallikarnai, Chennai\r\n',1,1,1,2010,'600100','04430005000','33AAACL7624G1ZQ','AAACL7624G',0,191,57,63,'Lanson Motors Pvt. Ltd.',2,1,'CN02A'),(150,'JMK Toyota, Jhansi','2018-02-08','P-20, Industrial Estate, Gwalior Road\r\n',1,1,1,2010,'284003','8573030655','09AACCJ8061D1ZM','AACCJ8061D',0,127,57,66,'JMK MOTOWHEELS PVT LTD',22,1,'JH01A'),(151,'Sunny Toyota, Kanpur','2018-02-08','7 Km from Rama Devi Square, NH-2, Rooma Industrial Area\r\n',1,1,1,2010,'208001','05123017616','09AAECS9247G1ZZ','AAECS9247G',0,144,57,66,'SUNNY MOTORS PVT LTD.',22,1,'KP01A'),(152,'Thirty Six Toyota, Faridabad','2018-02-08','14/7, MAIN MATHURA ROAD FARIDABAD-121003',1,1,1,2018,'121003','01294293636','06AADCT1023C1Z3','AADCT1023C',0,112,68,68,'THIRTY SIX AUTOMOBILES PVT. LTD.',28,1,'FA01A'),(153,'Lanson Toyota, Puducherry','2018-02-09','No. 18, Ellapillai Chavadi Main Road, Ellapillai Chavadi, Near Rajiv Gandhi Statue, Landmark - Near Rajiv Gandhi Statue,\r\nPuducherry-605009',1,1,1,2010,'607402','9094022019','34AAACL7624G1ZO','AAACL7624G',0,49,57,63,'LANSON MOTORS PRIVATE LIMITED',39,1,'PD01B'),(154,'Castle Toyota, Hoshiarpur','2018-02-09','Village Chakgujra, Niara, Opp. Reliance Petrol Pump, Jalandhar Road\r\n',1,1,1,2010,'146022','88239122324','03AACCA9957F1ZO','AACCA9957F',0,82,57,67,'M/s ANR Motors Pvt Ltd',19,1,'HO01A'),(155,'Castle Toyota, Jalandhar Paragpur','2018-02-09','Paragpur, G.T.Road, Jalandhar Cantt\r\n',1,1,1,2010,'144001','9976002112','03AACCA9957F1ZO','AACCA9957F',0,83,57,67,'M/s ANR Motors Pvt Ltd',19,1,'JA01A'),(156,'Castle Toyota, Nawanshahr','2018-02-09','Village Langorya, Chandigarh Road\r\n',1,1,1,2010,'144516','1823306006','03AACCA9957F1ZO','AACCA9957F',0,192,57,67,'M/s ANR Motors Pvt Ltd',19,1,'NW01A'),(157,'Castle Toyota, Jalandhar','2018-02-09','ANR Motors Pvt. Ltd., Khasra No. 8/3/2 ETC, Village Nurpur\r\n',1,1,1,2010,'144012','9976002111','03AACCA9957F1ZO','AACCA9957F',0,83,57,67,'M/s ANR Motors Pvt Ltd',19,1,'JA01C'),(158,'Nanavati Toyota, Surat','2018-02-10','Plot No. 220+328, Opp.ONGC, Paiki GIDC, Bhutpore, Hazira road\r\n',1,1,1,2010,'394510','7698888880','24AACCN5905E1ZT','AACCN5905E',0,176,57,59,'Nanavati Motors Private Limited',26,1,'SU01A'),(159,'Grand Toyota, Meerut','2018-02-12','698, Partapur Baral, Delhi By Pass Road\r\n',1,1,1,2010,'250103','9690017774','09AAACU7273N1ZO','AAACU7273N',0,126,57,66,'Uttaranchal Automobiles Pvt. Ltd.',22,1,'ME01A'),(160,'Thirty Six Toyota, Mayapuri','2018-02-14','C  108/109, Mayapuri Industrial Area, Phase II',1,1,1,2016,'110064','01141363636','07AADCT1023C1Z1','AADCT1023C',0,86,68,68,'THIRTY SIX AUTOMOBILES PVT. LTD.',3,1,'DL09A'),(192,'Radha Madhav Toyota, Vijayawada','2018-03-14','Besides A.P.Seeds corporation, Prasadampadu, NH-5\r\n',1,1,1,2010,'521108','08662844008','37AADCR0141D1ZX','AADCR0141D',0,201,57,64,'Radha Madhav Automobiles Pvt. Ltd. ',16,1,'VJ01A'),(161,'Kakatiya Toyota, Warangal','2018-02-15','Sy No. 356/1, 356/3, 356/3/1, 356/4, Urus, Kareemabad',10,1,1,2010,'506002','7032200007','36AAFCK1151J1ZN','AAFCK1151J',0,193,64,64,'Kakatiya Automotive Pvt. Ltd.',15,1,'WL01A'),(162,'Uttam Toyota , Sahibabad','2018-02-16','\r\nB-35, Site  IV, Industrial Area Sahibabad, Ghaziabad, \r\n\r\n',1,1,1,2010,'201010','01204000900','09AABCT4091N1ZU','AABCT4091N',0,194,66,66,'UTTAM TOYOTA A DIV OF THE STANDARD TYPE FOUNDRY PVT LTD',22,1,'GZ02B'),(163,'Madhuban Toyota, Cotton Green','2018-02-16','C/o Tulsi Enterprises, Plot No.1/150, Jakaria Bunder Road, Kalachowki Road, Opp.Cotton Green Railway Station, Cotton Green (West)\r\n',1,1,1,2010,'400033','9819670751','27AADCM9124H1ZE','AADCM9124H',0,180,57,61,'Madhuban Motors Pvt. Ltd.',4,1,'MU03E'),(164,'Madhuban Toyota, Raey Road','2018-02-16','C/O Raey Road Iron & Metal Warehousing Pvt. Ltd., Magzine Street, Near Raey Road Station, Darukhana\r\n',1,1,1,2010,'400010','8652178181','27AADCM9124H1ZE','AADCM9124H',0,180,57,61,'Madhuban Motors Pvt. Ltd.',4,1,'MU03D'),(165,'Castle Toyota, Amristar','2018-02-16','218/219, G T Road, Near Bye Pass, Daburji\r\n',1,1,1,2010,'143001','01833010421','03AACCA9957F1ZO','AACCA9957F',0,81,57,67,'ANR Motors Pvt. Ltd.',19,1,'AM01A'),(166,'Uttam Toyota , Ghaziabad ','2018-02-16','A-11, Meerut Road, Industrial Area,\r\nGhaziabad ',1,1,1,2018,'201003','01204000900','09AABCT4091N1ZU','AABCT4091N',0,114,66,66,'UTTAM TOYOTA A DIV OF THE STANDARD TYPE FOUNDRY PVT LTD',22,1,'GZ01A'),(167,'Uttam Toyota , Noida ','2018-02-16','H-3, Sector 63 Noida',1,1,1,2018,'201304','01204000900','09AABCT4091N1ZU','AABCT4091N',0,87,66,66,'UTTAM TOYOTA A DIV OF THE STANDARD TYPE FOUNDRY PVT LTD',20,1,'NO01A'),(168,'Rathod Toyota, Navsari','2018-02-19','Block No.1064, Opp Sai Mandir, N.H.NO.08, Sisodra, Ganesh',1,1,1,2018,'306463','8511180511','24AAFCR6815A1ZR','AAFCR6815A',0,195,59,59,'Rathod Cars Pvt. Ltd.',26,1,'VP01A'),(169,'Grace Toyota, Nagpur','2018-02-20','National Highway No. 7 Opp. All India Radio, Kamptee Road, Nagpur City\r\n',1,1,1,2010,'441002','07126450157','27AADCC6502B1Z8','AADCC6502B',0,163,62,62,'Cosmic Grace Auto India Pvt. Ltd',4,1,'NG01A'),(170,'Grace Toyota, Akola','2018-02-20','NH.NO.06, Murtizapur Road, Shivni Village\r\n',1,1,1,2010,'444101','9881155113','27AADCC6502B1Z8','AADCC6502B',0,164,62,62,'Cosmic Grace Auto India Pvt. Ltd',4,1,'AK01A'),(171,'Grace Toyota, Amravati','2018-02-20','S. No. 59/1, Mauja Rahatgaon ',1,1,1,2010,'444601','9881155113','27AADCC6502B1Z8','AADCC6502B',0,196,62,62,'Cosmic Grace Auto India Pvt. Ltd',4,1,'AR01A'),(172,'Narmada Toyota, Vadodara','2018-02-22','987/10, Opp. Makarpura Bus depot, G.I.D.C',1,1,1,2016,'390010','2656132000','24AADCN3811A1Z7','AADCN3811A',0,171,59,59,'Narmada Cars Pvt. Ltd',26,1,'VA02A'),(173,'Narmada Toyota, Anand','2018-02-22','SURVEY NO. 272 & 275, BETWEEN SAMARKHA & N.H.8',1,1,1,2018,'388360','2656132000','24AADCN3811A1Z7','AADCN3811A',0,175,59,59,'Narmada Cars Pvt. Ltd',26,1,'AN01A'),(174,'Lanson Toyota, Vellore','2018-02-26','51/D, Katpadi Thiruvalam Road, Opp. VIT Staff Quarters, Katpadi',1,1,1,2010,'632014','04430005000','33AAACL7642G1ZQ','AAACL7642G',0,51,57,63,'Lanson Motors Pvt. Ltd.',2,1,'VE01A'),(175,'Lanson Toyota, Nandanam','2018-02-26','No 638, Near Rain Tree hotel, Anna Salai',1,1,1,2010,'600065','04430005000','33AAACL7642G1ZQ','AAACL7642G',0,197,57,63,'Lanson Motors Pvt. Ltd.',2,1,'CN02F'),(176,'Lanson Toyota, ECR','2018-02-27','611, East Coast Road, Neelankarai\r\n',1,1,1,2010,'600041','04430005000','33AAACL7642G1ZQ','AAACL7642G',0,50,57,63,'Lanson Motors Pvt. Ltd.',2,1,'CN02C'),(177,'Radha Madhav Toyota, Guntur','2018-02-28','NH-5, Survey no: 647/A/B, Ankireddypalem, Lalpuram\r\n',1,1,1,2010,'522002','08632512217','37AADCR0141D1ZX','AADCR0141D',0,199,64,64,'Radha Madhav Automobiles Pvt. Ltd.',16,1,'GN01A'),(178,'Rajendra Toyota, Allahabad','2018-02-28','ANDHWA,VARANASI ALLAHABAD ROAD, JHUNSI\r\n\r\n',1,1,1,2011,'211019','0532256732','09AACCG0100G1ZB','AACCG0100G',0,131,66,66,'RAJENDRA TOYOTA(A UNIT OF GOENKA MOTORS PVT LTD)',22,1,'AL01A'),(179,'Castle Toyota, Tarn Taran','2018-02-28','Village Piddi, Harike Road\r\n',1,1,1,2010,'143401','9876702012','03AACCA9957F1ZO','AACCA9957F',0,200,57,67,'ANR Motors Pvt. Ltd.',19,1,'TT01A'),(180,'Castle Toyota, Jalandhar Kapurtala Road','2018-02-28','Near Jalandhar Kunj, Kapurthala Road\r\n',1,1,1,2010,'144002','01833010421','03AACCA9957F1ZO','AACCA9957F',0,83,57,67,'ANR Motors Pvt. Ltd.',19,1,'JA01B'),(182,'Harsha Toyota  Kurnool','2018-03-03','D.no.4-34,Mamidalapadu,Near Santosh nager ,KU Beside IOC petrol pump,KURNOOL',1,1,1,2018,'518006','04039997999','37AACCH2561E1E1ZU','AACCH2561E',0,181,64,64,'HarshaAutoEnterprises Pvt.Ltd ',16,1,'KU01A'),(183,'United Toyota, Mangalore','2018-03-03','N.H.75, Near Padil Junction, Padil',10,1,1,2010,'575007','08242276639','29AAACU4250F1ZG','AAACU4250F',0,3,36,36,'United Cars Pvt Ltd.',1,1,'MA01B'),(184,'United Toyota, Udupi','2018-03-03','NO 2-18D, NH - 66, Udyavara, Udyavara Post',10,1,1,2010,'574118','9900075115','29AAACU4250F1ZG','AAACU4250F',0,69,36,36,'United Cars Pvt Ltd.',1,1,'UU01A'),(185,'Harsha Auto Agencies Pvt.Ltd ','2018-03-06','8-103,Tukivakam village Renigunta( M) ,Tirupati',1,1,1,2018,'517520','08773029900','37AACCH2563G1ZO ','AACCH2563G',0,184,64,64,'wellnet',16,1,'TU01A'),(186,'Rajendra Toyota, Varanasi','2018-03-07','Varanasi Allahabad Road, Hardatpur\r\n',1,1,1,2010,'221002','9628477999','09AACCG0100G1ZB','AACCG0100G',0,133,57,66,'Rajendra Toyota (A Unit of Goenka Motors Pvt. Ltd.)',22,1,'VN01A'),(187,'Rajendra Toyota, Gorakhpur','2018-03-07','C 3 Sector 11, GIDA\r\n',1,1,1,2010,'271010','9389923121','09AACCG0100G1ZB','AACCG0100G',0,132,57,66,'Rajendra Toyota (A Unit of Goenka Motors Pvt. Ltd.)',22,1,'GR01A'),(188,'Rajendra Toyota, Udaipur','2018-03-07','A-83, RIICO Industrial Area, Madri',1,1,1,2010,'313003','7311148525','09AACCG0100G1ZB','AACCG0100G',0,120,57,66,'Rajendra Toyota (A Unit of Goenka Motors Pvt. Ltd.)',23,1,'UD02A'),(189,'Palace Toyota, Mysore','2018-03-09','No. 33-A, Sy No. 70/1, 70/2 & 170, Hootagally Industrial Area, Koorgalli Village & Post, Yelawala Hobli',10,1,1,2010,'570018','08214248222','29AADCB9614M1Z7','AADCB9614M',0,2,36,36,'Balaji Auto Enterprises, Mysore Pvt Ltd.',1,1,'MY01A'),(190,'Saini Toyota, Howrah','2018-03-12','NH-6,BOMBAY ROAD,MOHIARY CHADNI BAGAN,\r\nNEAR SARASWATI BRIDGE\r\n',10,1,1,2015,'711302','0336501933','19AAFCG0938B1ZV','AAFCG0938B',0,23,65,65,'M/S. GURMAAN AUTOMOBILES PVT. LTD.',11,1,'HW01A'),(191,'Wasan Toyota, Nashik','2018-03-13','Kundanlal Wasan Nagar, Late Kundanlal Wasan Marg, Mumbai Agra Road',1,1,1,2001,'422009','02536649999','27AAACW1963F1ZC','AAACW1963F',0,151,62,62,'Wasan Brothers Pvt. Ltd.',4,1,'NA01A'),(193,'Sunny Toyota, Chinhat','2018-03-14','Faizabad Road, Chinhat',10,1,1,2010,'227105','05223301300','09AAECS9247G1ZZ','AAECS9247G',0,145,57,66,'Sunny Motors Pvt Ltd.',22,1,'LK02A'),(194,'Sunny Toyota, Amausi','2018-03-14','Near Amousi Airport, Kanpur Road \r\n',10,1,1,2012,'226001','9839120007','09AAECS9247G1ZZ','AAECS9247G',0,145,57,66,'Sunny Motors Pvt Ltd.',22,1,'LK01A'),(195,'Sunny Toyota, Agra','2018-03-14','632, Artoni, Agra Mathura Road\r\n',10,1,1,2012,'282007','9918101409','09AAECS9247G1ZZ','AAECS9247G',0,143,57,66,'Sunny Motors Pvt Ltd.',22,1,'AG02A'),(196,'Rudra Toyota, Muzaffarpur','2018-03-15','RAMDAYALU NAGAR OPPT-IOCL (KISHORE) PETROL PUMP, PLOT.NO-269,BHIKHANPURA DIH',10,1,1,2017,'842001','7633995809','10AAHCR2824D1ZZ','AAHCR2824D',0,30,65,65,'RUDRA AUTOMOTIVES Pvt .Ltd.',8,1,'MZ01A'),(197,'Lakozy Toyota, Andheri','2018-03-16','1, Mahal Industrial Estate, Mahakali Caves Road, Andheri (East)\r\n',1,1,1,2010,'400093','02261227702','27AAACT8979N1ZC','AAACT8979N',0,180,57,61,'Toyota Lakozy Auto Pvt. Ltd.',4,1,'MU02C'),(198,'Sri Vari Tyres, Yelahanka','2018-03-17','No. 17/B-16, C Sector, Doddaballapur Road, Opp To Rail Wheel Factory, Yelahanka New Town',3,1,1,2014,'560064','8884444476','29ACWFS6423M1Z4','ACWFS6423M',0,1,36,36,'Sri Vari Tyres',1,2,'Wellnet123');
/*!40000 ALTER TABLE `services_channelpartner` ENABLE KEYS */;
UNLOCK TABLES;

--
-- Table structure for table `services_channelpartner_segments`
--

DROP TABLE IF EXISTS `services_channelpartner_segments`;
/*!40101 SET @saved_cs_client     = @@character_set_client */;
/*!40101 SET character_set_client = utf8 */;
CREATE TABLE `services_channelpartner_segments` (
  `id` int(11) NOT NULL AUTO_INCREMENT,
  `channelpartner_id` int(11) NOT NULL,
  `channelpartnersegment_id` int(11) NOT NULL,
  PRIMARY KEY (`id`),
  UNIQUE KEY `channelpartner_id` (`channelpartner_id`,`channelpartnersegment_id`),
  KEY `services_channelpartner_segments_8078d0b9` (`channelpartner_id`),
  KEY `services_channelpartner_segments_78584483` (`channelpartnersegment_id`)
) ENGINE=MyISAM AUTO_INCREMENT=365 DEFAULT CHARSET=latin1;
/*!40101 SET character_set_client = @saved_cs_client */;

--
-- Dumping data for table `services_channelpartner_segments`
--

LOCK TABLES `services_channelpartner_segments` WRITE;
/*!40000 ALTER TABLE `services_channelpartner_segments` DISABLE KEYS */;
INSERT INTO `services_channelpartner_segments` VALUES (50,39,8),(47,38,8),(46,37,8),(361,55,6),(78,48,6),(76,35,7),(77,54,6),(42,34,8),(146,72,7),(43,33,8),(75,46,6),(360,53,1),(358,52,6),(80,45,8),(145,71,7),(52,41,8),(51,40,6),(143,70,7),(147,69,7),(362,50,7),(79,49,6),(35,31,1),(86,58,2),(359,56,8),(142,73,7),(144,74,7),(148,75,7),(271,76,7),(154,77,7),(157,78,7),(158,79,7),(287,80,7),(342,81,7),(341,82,7),(340,83,7),(159,84,7),(164,85,7),(165,86,7),(166,87,7),(167,88,7),(295,89,7),(296,90,7),(354,91,7),(351,92,7),(224,93,7),(176,94,7),(181,95,7),(184,96,7),(191,97,7),(197,98,7),(193,99,7),(194,100,7),(195,101,7),(196,102,7),(198,104,7),(199,105,7),(200,106,7),(201,107,7),(308,108,7),(203,109,7),(363,110,7),(205,111,7),(208,112,7),(209,113,7),(350,114,7),(260,115,7),(212,116,7),(331,117,7),(214,118,7),(330,119,7),(216,120,7),(217,121,7),(218,122,7),(219,123,7),(229,124,7),(221,125,7),(222,126,7),(230,127,7),(231,128,7),(232,129,7),(233,130,7),(234,131,7),(235,132,7),(236,133,7),(237,134,7),(291,135,7),(292,136,7),(243,137,7),(244,138,7),(245,139,7),(246,140,7),(247,141,7),(274,142,7),(249,143,7),(250,144,7),(251,145,7),(252,146,7),(253,147,7),(256,148,7),(257,149,7),(258,150,7),(261,151,7),(343,152,7),(265,153,7),(268,154,7),(276,155,7),(278,156,7),(277,157,7),(272,158,7),(273,159,7),(344,160,7),(281,161,7),(283,162,7),(285,163,7),(286,164,7),(288,165,7),(289,166,7),(290,167,7),(300,168,7),(302,169,7),(304,170,7),(307,171,7),(319,172,7),(318,173,7),(311,174,7),(312,175,7),(313,176,7),(316,177,7),(332,178,7),(322,179,7),(323,180,7),(328,182,7),(325,183,7),(326,184,7),(329,185,7),(333,186,7),(334,187,7),(335,188,7),(364,189,7),(337,190,7),(339,191,7),(345,192,7),(346,193,7),(347,194,7),(348,195,7),(355,196,7),(356,197,7),(357,198,8);
/*!40000 ALTER TABLE `services_channelpartner_segments` ENABLE KEYS */;
UNLOCK TABLES;

--
-- Table structure for table `services_channelpartnersegment`
--

DROP TABLE IF EXISTS `services_channelpartnersegment`;
/*!40101 SET @saved_cs_client     = @@character_set_client */;
/*!40101 SET character_set_client = utf8 */;
CREATE TABLE `services_channelpartnersegment` (
  `id` int(11) NOT NULL AUTO_INCREMENT,
  `description` varchar(255) NOT NULL,
  PRIMARY KEY (`id`)
) ENGINE=MyISAM AUTO_INCREMENT=11 DEFAULT CHARSET=latin1;
/*!40101 SET character_set_client = @saved_cs_client */;

--
-- Dumping data for table `services_channelpartnersegment`
--

LOCK TABLES `services_channelpartnersegment` WRITE;
/*!40000 ALTER TABLE `services_channelpartnersegment` DISABLE KEYS */;
INSERT INTO `services_channelpartnersegment` VALUES (1,'Pest Control'),(2,'House Keeping'),(3,'Security Services'),(4,'AC maintenance'),(5,'Office supply'),(6,'Car Wash centre'),(7,'Car Dealers'),(8,'Wheel alignment centre'),(9,'Petrol pumps'),(10,'Emission test centre');
/*!40000 ALTER TABLE `services_channelpartnersegment` ENABLE KEYS */;
UNLOCK TABLES;

--
-- Table structure for table `services_city`
--

DROP TABLE IF EXISTS `services_city`;
/*!40101 SET @saved_cs_client     = @@character_set_client */;
/*!40101 SET character_set_client = utf8 */;
CREATE TABLE `services_city` (
  `id` int(11) NOT NULL AUTO_INCREMENT,
  `name` varchar(255) NOT NULL,
  `state_id` int(11) NOT NULL,
  PRIMARY KEY (`id`),
  UNIQUE KEY `services_city_name_6623fc3fa517d01f_uniq` (`name`),
  KEY `services_city_d5582625` (`state_id`)
) ENGINE=MyISAM AUTO_INCREMENT=202 DEFAULT CHARSET=latin1;
/*!40101 SET character_set_client = @saved_cs_client */;

--
-- Dumping data for table `services_city`
--

LOCK TABLES `services_city` WRITE;
/*!40000 ALTER TABLE `services_city` DISABLE KEYS */;
INSERT INTO `services_city` VALUES (1,'Bangalore',1),(2,'Mysore',1),(3,'Mangalore',1),(4,'Hubli',1),(5,'Shimoga',1),(6,'Davangere',1),(7,'Koyambedu',2),(8,'Bilaspur',5),(9,'Jamshedpur',6),(10,'Dibrugrah',7),(11,'Patna',8),(12,'Gaya',8),(13,'Cuttack',9),(14,'Rourkela',9),(15,'Sambalpur',9),(16,'Guwahati',7),(17,'Nagaon',7),(18,'Shillong',30),(19,'Durgapur',11),(20,'Asansol',11),(21,'Nagaland',12),(22,'Silchar',7),(23,'Howrah',11),(24,'Dhanbad',6),(25,'Ranchi',6),(26,'Gangtok',13),(27,'Kolkata',11),(28,'Siliguri',11),(29,'Bhilai Dhamda',5),(30,'Muzaffarpur',8),(31,'Raipur',5),(32,'Calicut',14),(33,'Kannur',14),(34,'Kasaragode',14),(35,'Malappuram',14),(36,'Palakkad',14),(37,'Tirur',14),(38,'Kalpetta',14),(39,'Vegalam',14),(40,'Coimbatore',2),(41,'Erode',2),(42,'Salem',2),(43,'Virudhunagar',2),(44,'Kumbakonam',2),(45,'Madurai',2),(46,'Trichy',2),(47,'Tirunelveli',2),(48,'Tirupur',2),(49,'Puducherry',39),(50,'Chennai',2),(51,'Vellore',2),(52,'Kanchipuram',2),(53,'Thiruvannamalai',2),(54,'Villupuram',2),(55,'Karaikal',2),(56,'Kollam',14),(57,'Thrissur',14),(58,'Kochi',14),(59,'Kottayam',14),(60,'Alappuzha',14),(61,'Muvattupuzha',14),(62,'Pathanamthitta',14),(63,'Thiruvananthapuram',14),(64,'Enchakkal',14),(65,'Thiruvalla',14),(66,'Tumkur',1),(67,'Hyderabad',15),(68,'Durga',16),(69,'Udupi',1),(70,'Bijapur',1),(71,'Belgaum',1),(72,'Gulbarga',1),(73,'Hospet',1),(74,'Balakrishna',15),(75,'Shivamogga',1),(76,'Mandi',17),(77,'Solan',17),(78,'Hamirpur',17),(79,'Shimla',17),(80,'Srinagar',18),(81,'Amritsar',19),(82,'Hoshiarpur',19),(83,'Jalandhar',19),(84,'Nawan shahar',19),(85,'Tarantaran',19),(86,'Delhi',3),(87,'Noida',20),(88,'Greater Noida',22),(89,'Kundli',28),(90,'Ambala',28),(91,'Mohali',19),(92,'Karnal',28),(93,'Panipat',28),(94,'Yamunanagar',28),(95,'Kaithal',28),(96,'Ludhiana',19),(97,'Sangrur',19),(98,'Gurgaon',28),(99,'Rewari',28),(100,'Hissar',28),(101,'Sirsa',28),(102,'Fatehgarh Sahib',19),(103,'Bathinda',19),(104,'Patiala',19),(105,'Panchkula',28),(106,'Ferozpur',19),(107,'Moga',19),(108,'Rohtak',28),(109,'Leh',18),(110,'Jammu',18),(111,'Kangra',17),(112,'Faridabad',28),(113,'Palwal',28),(114,'Ghaziabad',22),(115,'Gwalior',24),(116,'Alwar',23),(117,'Bhilwara',23),(118,'Jaipur',23),(119,'Kota',23),(120,'Udaipur',23),(121,'Bareilly',22),(122,'Haldwani',22),(123,'Jabalpur',24),(124,'Moradabad',22),(125,'Dehradun',33),(126,'Meerut',22),(127,'Jhansi',22),(128,'Aligarh',22),(129,'Ajmer',23),(130,'Sikar',23),(131,'Allahabad',22),(132,'Gorakhpur',22),(133,'Varanasi',22),(134,'Azamgargh',22),(135,'Sonebhadra',22),(136,'Bhopal',24),(137,'Indore',24),(138,'Ratlam',24),(139,'Bikaner',23),(140,'Jodhpur',23),(141,'Chindwara',24),(142,'Sri Ganganagar',23),(143,'Agra',22),(144,'Kanpur',22),(145,'Lucknow',22),(146,'Satna',24),(147,'Thane',4),(148,'Thane West',4),(149,'Kalyan',4),(150,'Panvel',4),(151,'Nasik',4),(152,'Pune',4),(153,'Satara',4),(154,'Ahmednagar',4),(155,'Solapur',4),(156,'Kolhapur',4),(157,'Ratnagiri',4),(158,'Sangli',4),(159,'Dharwad',1),(160,'Goa',25),(161,'Aurangabad',4),(162,'Baramati',4),(163,'Nagpur',4),(164,'Akola',4),(165,'Jalgaon',4),(166,'Dhule',4),(167,'Nandurbar',4),(168,'Latur',4),(169,'Rajkot',26),(170,'Ahmedabad',26),(171,'Vadodara',26),(172,'Mehsana',26),(173,'Himatnagar',26),(174,'Gandhidham',26),(175,'Anand',26),(176,'Surat',26),(177,'Bharuch',26),(178,'Bhavnagar',26),(179,'Vapi',26),(180,'Mumbai',4),(181,'Kurnool',16),(182,'Bopal',26),(183,'Nellore',16),(184,'Tirupathi',16),(185,'Ananthapur',16),(186,'Sarkhej',26),(187,'Chandigarh ',19),(188,'Bahadurgarh',28),(189,'Visakhapatnam',16),(190,'Nagercoil',2),(191,'Velachery',2),(192,'Nawanshahr',19),(193,'Warangal',15),(194,'Sahibabad',22),(195,'Navsari',26),(196,'Amravati',4),(197,'Nandanam',2),(198,'Neelankarai',2),(199,'Guntur',16),(200,'Tarn Taran',19),(201,'Vijayawada',16);
/*!40000 ALTER TABLE `services_city` ENABLE KEYS */;
UNLOCK TABLES;

--
-- Table structure for table `services_customer`
--

DROP TABLE IF EXISTS `services_customer`;
/*!40101 SET @saved_cs_client     = @@character_set_client */;
/*!40101 SET character_set_client = utf8 */;
CREATE TABLE `services_customer` (
  `id` int(11) NOT NULL AUTO_INCREMENT,
  `first_name` varchar(100) NOT NULL,
  `last_name` varchar(100) NOT NULL,
  `gender` varchar(1) NOT NULL,
  `mobile_number` varchar(10) NOT NULL,
  `landline` varchar(11) DEFAULT NULL,
  `email` varchar(254) NOT NULL,
  `address` longtext NOT NULL,
  `pin_code` varchar(6) NOT NULL,
  `createdBy_id` int(11) NOT NULL,
  PRIMARY KEY (`id`),
  KEY `services_customer_c35609d3` (`createdBy_id`)
) ENGINE=MyISAM AUTO_INCREMENT=181 DEFAULT CHARSET=latin1;
/*!40101 SET character_set_client = @saved_cs_client */;

--
-- Dumping data for table `services_customer`
--

LOCK TABLES `services_customer` WRITE;
/*!40000 ALTER TABLE `services_customer` DISABLE KEYS */;
INSERT INTO `services_customer` VALUES (65,'Vijay','N R','M','9986017025','','vijainr1976@gmail.com','','560010',1),(64,'Sathya','Murthy','M','9448322163','','sunilbpet.kumar27@gmail.com','','560100',1),(63,'Satish','Das','M','9886172028','','satishdas@gmx.com','','560100',1),(62,'Libish','Balachandran','M','8971152683','','libish@gmail.com','','560100',1),(60,'Madhusoodhan','Rao','M','9845276181','','madhusoodhanrao@gmail.com','','560100',1),(61,'Venkat','Sanapala','M','8971488999','','sanapala@yahoo.com','','560100',1),(58,'Manish','Manish','M','8861977001','08033054843','manishmailme@gmail.com','Indira nagar','560004',1),(59,'Arun','Rajagopal','M','9845500015','','arunrajagopalan@hotmail.com','','560100',1),(57,'Navin','Navin','M','9886124320','08033054843','kemalani.navin@gmail.com','Indira nagar','560004',1),(56,'Venkatesh','Venki','M','9845236008','08033054843','shailendra.wellnet@gmail.com','Indira nagar','560004',1),(55,'Vinay','Vinay','M','9480000588','08033054843','vinay.jc@gmail.com','Indira nagar','560004',1),(54,'David','David','M','9663396614','08033054843','davidpushpanadea@gmail.com','Indira nagar','560068',1),(53,'Varsha','V','F','9741400288','','varsha2889@yahoo.com','','560010',1),(51,'Raghu','Raghu','M','9443893453','08033054843','parameshwararudu.thota@gmail.com','Electronic city','560004',1),(52,'Jayram','Jayram','M','8970695559','08060500605','shailendra.wellnet@gmail.com','Electronic city','560004',1),(50,'Satish','Reddy','M','9844819491','','satish_reddy@yahoo.com','','560100',1),(49,'Vivek','R','M','9663033611','','sankkarshan@zoho.com','','560100',1),(46,'Sunil ','Karunakaran','M','9986031708','','skmenon1in@gmail.com','','560100',1),(47,'Shiva ','Prakash','M','9900400761','','pshivaprakash@gmail.com','','560100',1),(48,'Basil','Isaac','M','9886068175','','basilisaac@yahoo.com','','560100',1),(45,'Shiva','Kumar','M','9448043333','','shivakumara99@gmail.com','','560100',1),(43,'Surjith','.','M','9159917000','','nsridharprasad@gmail.com','','560010',1),(44,'Vikash','Goutham','M','9886000093','','vikash4goutham@gmail.com','','560010',1),(41,'Kishur ','Chinnu','M','8884622966','','kishur25chinnu@gmail.com','Bangalore','560010',1),(42,'Jobish ','Thomson','M','9886637624','','jobishthomson@yahoo.com','','560010',1),(39,'Girish','Reddy','M','9902833555','','girishreddy2004@gmail.com','Jfjgh','560010',1),(40,'Sridhar','Prasad','M','9900544331','','sridhar@wellnetservices.com','Sndncnc','560010',1),(38,'Praveen ','Reddy','M','9945091299','','praveenbn.reddy@gmail.com','Dkdmdd','560010',1),(66,'Mohan','Raj','M','9980156047','','mohanagoldline@yahoo.com','','560100',1),(67,'Arun ','A','M','9880676901','','arunsavi_ram@yahoo.com','','560100',1),(68,'Navern','N','M','9886380739','','kumarynn@gmail.com','','560100',1),(69,'Venu','Reddy','M','9901066266','','venureddyvs@gmail.com','','560100',1),(70,'Naveen','P','M','9945569588','','naveen.polynex@hotmail.com','','560100',1),(71,'Sudeer','P G','M','9980989556','','pg.sudheer@gmail.com','','560100',1),(72,'Javeed','Ahemad','M','9844031325','08033054843','automobilesjj@gmail.com','Khroad shanthi nagar','560027',1),(73,'Jaya','Murali','M','9845203785','','sjayamurali@gmail.com','','560100',1),(74,'Jaya','Murali','M','9845203785','','sjayamurali@gmail.com','','560100',1),(75,'Jaya','Murali','M','9845203785','8888888888','sjayamurali@gmail.com','','560100',1),(76,'Jaya','Murali','M','9845203785','88888888887','sjayamurali@gmail.com','','560100',1),(77,'Kishore','K','M','9880013994','','nsridharprasad@gmail.com','','560069',1),(78,'Arun','A','M','9845019068','','1968arun@gmail.com','','560010',1),(79,'Manjunath','Mural','M','9945691302',NULL,'manjunathmural.bosch@gmail.com','','560010',1),(80,'Sudhakar','Reddy','M','9886336360',NULL,'sudhakarreddy_m@yahoo.com','','560001',1),(81,'Ramana','C V','M','8197364789',NULL,'cvramana12@rediffmail.com','','560010',1),(82,'Guru','Prasad','M','9341724544',NULL,'guru@gemindia.com','','560010',1),(83,'Anoop','Jacob ','M','9845985959',NULL,'anoop.jacob.a@gmail.com','','560094',1),(84,'Kunnal','K','M','9900048994',NULL,'kunnal1982@gmail.com','','560094',1),(85,'Nachsppa','K U','M','9845364084',NULL,'kunachappa@yahoo.com','','560076',1),(86,'Nachsppa','K U','M','9845364084',NULL,'kunachappa@yahoo.com','','560076',1),(87,'Santhosh','S','M','9003113373',NULL,'v.satish.ca@gmail.com','','560076',1),(88,'Manoj','M','M','9880668016',NULL,'nsridharprasad@gmail.com','','560001',1),(89,'Dr','Veena','F','9986890050',NULL,'msveenaa@rediffmail.com','','560004',1),(90,'Nagendra','.','M','9731819166',NULL,'sridhar@wellnetservices.com','','560004',1),(91,'Nagendra','.','M','9731819166',NULL,'sridhar@wellnetservices.com','','560004',1),(92,'Nagendra','.','M','9731819166',NULL,'sridhar@wellnetservices.com','','560004',1),(93,'Nagendra','.','M','9731819166',NULL,'sridhar@wellnetservices.com','','560004',1),(94,'vishwas','k n','M','9900567829',NULL,'vishwaskn@gmail.com','aabbccdd','560102',1),(95,'Anoop','Mukundam','M','9449258711',NULL,'anoopmukundan2000@gmail.com','','560010',1),(96,'Savyasachi','Raghu','M','9900399544',NULL,'savyasachiraghu@gmail.com','','560010',1),(97,'Ravisha','.','M','9740037659',NULL,'sridhar@wellnetservices.com','Kh double road','560004',1),(98,'Ganesh','.','M','9959959099',NULL,'sridhar@wellnetservices.com','Kh double road','560004',1),(99,'Prakash','.','M','9980914150',NULL,'sridhar@wellnetservices.com','Kh double road','560004',1),(100,'Dinesh','.','M','9632223172',NULL,'sridhar@wellnetservices.com','Kh double road','560004',1),(101,'Ravi','Kumar','M','9900544331',NULL,'sridhar@wellnetservices.com','Kh double road','560004',1),(102,'Akhil','Moorthy','M','9900600003',NULL,'akhil124@gmail.com','Jayanagar','560041',1),(103,'Gopal','Reddy','M','9448670956',NULL,'sridhar@wellnetservices.com','Jayanagar','560041',1),(104,'Ramesh','Kumar','M','9663369349',NULL,'ram_trrk@yahoo.com','Rajajinagar','560010',1),(105,'Pavan','Kalyan','M','9440704189',NULL,'sridhar@wellnetservices.com','rajajinagar','560041',1),(106,'PHANIRAJ','.','M','9972556741',NULL,'sridhar@wellnetservices.com','Rajajinagar','560041',1),(107,'S M Trading Company','.','M','9819809111',NULL,'sridhar@wellnetservices.com','Rajajinagar','560041',1),(108,'Ganesh','.','M','9844035609',NULL,'dr_ganeshsingh@yahoo.com','Rajajinagar','560041',1),(109,'Ganesh','.','M','9844035609',NULL,'dr_ganeshsingh@yahoo.com','Rajajinagar','560041',1),(110,'Prabhakar','Prabhakar','M','9945197039',NULL,'shailendra.wellnet@gmail.com','Rajajinagar','560004',1),(111,'Vinay','Narayanswamy','M','9886724862',NULL,'vinayn@live.com','Khroad','560027',1),(112,'P k','Chakravarthy','M','9449809975',NULL,'pkc4161@gmail.com','Jaynagar','560004',1),(113,'Sridhar','Prasad','M','9900544331',NULL,'nsridharprasad@gmail.com','','560010',1),(114,'Bharath ','Kumar','M','9008766448',NULL,'sridhar@wellnetservices.com','','560041',1),(115,'Vinay','Narayanaswamy','M','9886724862',NULL,'vinayn@live.com','','560004',1),(116,'Nagesh ','P','M','9743195300',NULL,'suhas@wellnetservices.com','','560041',1),(117,'Bhaskar','S','M','9945333972',NULL,'suhas@wellnetservices.com','','560041',1),(119,'Rahul ','Ghosh','M','9711788811',NULL,'sridhar@wellnetservices.com','','560026',1),(120,'David','.','M','9663396614',NULL,'sridhar@wellnetservices.com','','560026',1),(121,'Jayakumar','.','M','9663372739',NULL,'suhas@wellnetservices.com','','560041',1),(122,'Praveen','Kumar','M','9886620689',NULL,'suhas@wellnetservices.com','','560041',1),(123,'Kavitha','.','F','9844367797',NULL,'suhas@wellnetservices.com','','560041',1),(124,'Beena','Welson','F','9483885522',NULL,'suhas@wellnetservices.com','','560041',1),(125,'Sivaiah','.','M','9845568989',NULL,'satyam.siva@gmail.com','','560041',1),(126,'Prashanth','.','M','9886610810',NULL,'sridhar@wellnetservices.com','','560041',1),(127,'Prashanth','.','M','9886610810',NULL,'suhas@wellnetservices.com','','560041',1),(128,'david','d','M','9663396614',NULL,'inr@cherryagencies.com','','560038',1),(129,'Hamsaraj','.','M','9972156093',NULL,'suhas@wellnetservices.com','','560038',1),(130,'Nived','Prasanna','M','9611000001',NULL,'nivedprasanna@yahoo.co.in','','560038',1),(131,'Ragupathi','M','M','8050766177',NULL,'usharaghupathi6045@gmail.com','','560100',1),(132,'Ragupathi','M','M','8050766177',NULL,'usharaghupathi6045@gmail.com','','560100',1),(133,'Mridul','R ','M','9845592541',NULL,'mridulsarkar@yahoo.com','','560100',1),(134,'Mridul','R ','M','9845592541',NULL,'mridulsarkar@yahoo.com','','560100',1),(135,'Sisir','T','M','9916591163',NULL,'sisir.kmr@gmail.com','','560100',1),(136,'Sisir',' R ','M','9916591163',NULL,'sisir.kmr@gmail.com','','560100',1),(137,'B.m','Reddy','M','9341104545',NULL,'reddy_primeforce@redifmail.com','','560100',1),(138,'Mr. ROHITH ','S P L ','M','9986538652',NULL,'rohith.spl@gmail.com','','560100',1),(139,'Rohit','Spl','M','9986538652',NULL,'rohithspl@gmail.com','','560100',1),(140,'Koteshwar','Rao','M','9482574399',NULL,'mkrao@live.in','','560100',1),(141,'Tiken','.','M','9901971890',NULL,'sridhar@wellnetservices.com','','560027',1),(142,'Nanjappa','.','M','9945470073',NULL,'sridhar@wellnetservices.com','','560027',1),(143,'Tyag','Ganapathi','M','8197206060',NULL,'tyag.ganapathi@gmail.com','','560027',1),(144,'michael','martin','M','9845902721',NULL,'michael@gmail.com','','560027',1),(145,'Michael','Martin','M','9845902721',NULL,'michael@gmail.com','','560027',1),(146,'Michael','Martin','M','9845902721',NULL,'michael@gmail.com','','560027',1),(147,'MR.SARAVANA','KUMAR','M','9741009955',NULL,'dharshanranjith@yahoo.co.in','','560027',1),(148,'Nagaraj ','M','M','9741228539',NULL,'ypr@cherryagencies.com','','560004',1),(149,'Shivu','Kumar','M','9843355985',NULL,'sarc.tech@gmail.com','','560004',1),(150,'Anoop','.','M','9986026654',NULL,'anoop.karicheri@gmail.com','','560004',1),(151,'sushant','R','M','9980029559',NULL,'sushant@gmail.com','','560027',1),(152,'harsh','har','M','9738101479',NULL,'harsha@gmail.com','','560001',1),(153,'PRAVEEN','KUMAR','M','9886249116',NULL,'praveenjan1986@gmail.com','','560001',1),(154,'SREE MUGAMBIGAI GLAZING (P) LTD','SREE','M','9663508833',NULL,'sreemugambigai@yahoo.co.in','','560025',1),(155,'BADAMI','BADAMI','M','9900022485',NULL,'badami81@gmail.com','','560001',1),(156,'ms.veena','veena','F','9986890050',NULL,'veena@123gmail.com','','560038',1),(157,'MR.SRINIVASA','RAO','M','9590959087',NULL,'srinivasarao@gmail.com','','560039',1),(158,'mr.srinivasa rao','rao','M','9590959087',NULL,'srinivasarao@gmail.com','','560039',1),(159,'shrinivas','RAO','M','9590959087',NULL,'srinivasarao@gmail.com','','560039',1),(160,'shrinivas','rao','M','9590959087',NULL,'srinivasarao@gmail.com','','560039',1),(161,'mr francis','m','M','9008488811',NULL,'pfrancis@gmail.com','','560076',1),(162,'mr francis','m','M','9008488811',NULL,'pfrancis@gmail.com','','560076',1),(163,'mr francis','hn','M','9008488811',NULL,'francis@gmail.com','','560076',1),(164,'sdjsdd','dsaxz','M','7795586131',NULL,'bahubali@gmail.com','','500657',1),(165,'sdjsdd','dsaxz','M','7795586131',NULL,'bahubali@gmail.com','','500657',1),(166,'sdjsdd','dsaxz','M','7795586131',NULL,'bahubali@gmail.com','','500657',1),(167,'francis','mn','M','9008488811',NULL,'francis@gmail.com','','560076',1),(168,'Mithun','Reddy','M','8861619999',NULL,'mithun.reddy8880@gmail.com','','560043',1),(169,'Abhishek','B','M','7899111799',NULL,'abhi.bp87@gmail.com','','560026',1),(170,'PRASHANTH',' ','M','9986800177',NULL,'PKEEMSSP@GMAIL.COM','','560098',1),(171,'MANJU',' ','M','9980199802',NULL,'rapidcarcare12@gmail.com','','560098',1),(172,'RAVEENDRA',' ','M','9902177116',NULL,'CHATHRA16@GMAIL.COM','','560098',1),(173,'YATHEESH',' ','M','9980222095',NULL,'rapidcarcare12@gmail.com','','560098',1),(174,'KRISHNA',' ','M','9620151657',NULL,'KRISHNA.HALAGERI@GMAIL.COM','','560098',1),(175,'VIJAY',' ','M','7259400112',NULL,'VIJAYRV@GMAIL.COM','','560098',1),(176,'SRIKANT',' ','M','7019726649',NULL,'rapidcarcare12@gmail.com','','560098',1),(177,'raju','t','M','9901445422',NULL,'raju@gmai.com','','560022',1),(178,'r','anand','M','8123363334',NULL,'anand@gmail.com','','560022',1),(179,'bahubali','r','M','7795586131',NULL,'bahubali15071992@gmail.com','','560004',1),(180,'Srikanth','K','M','9008329932',NULL,'kummathisrikanth@gmail.com','yelahanka new town','560064',198);
/*!40000 ALTER TABLE `services_customer` ENABLE KEYS */;
UNLOCK TABLES;

--
-- Table structure for table `services_customercategory`
--

DROP TABLE IF EXISTS `services_customercategory`;
/*!40101 SET @saved_cs_client     = @@character_set_client */;
/*!40101 SET character_set_client = utf8 */;
CREATE TABLE `services_customercategory` (
  `id` int(11) NOT NULL AUTO_INCREMENT,
  `description` varchar(255) NOT NULL,
  PRIMARY KEY (`id`)
) ENGINE=MyISAM AUTO_INCREMENT=6 DEFAULT CHARSET=latin1;
/*!40101 SET character_set_client = @saved_cs_client */;

--
-- Dumping data for table `services_customercategory`
--

LOCK TABLES `services_customercategory` WRITE;
/*!40000 ALTER TABLE `services_customercategory` DISABLE KEYS */;
INSERT INTO `services_customercategory` VALUES (1,'Appartment'),(2,'Corporates'),(3,'Retail outlets'),(4,'Hotel/Restaurant'),(5,'Vehicles');
/*!40000 ALTER TABLE `services_customercategory` ENABLE KEYS */;
UNLOCK TABLES;

--
-- Table structure for table `services_customerinvoice`
--

DROP TABLE IF EXISTS `services_customerinvoice`;
/*!40101 SET @saved_cs_client     = @@character_set_client */;
/*!40101 SET character_set_client = utf8 */;
CREATE TABLE `services_customerinvoice` (
  `id` int(11) NOT NULL AUTO_INCREMENT,
  `company_name` varchar(100) DEFAULT NULL,
  `building_name` varchar(50) DEFAULT NULL,
  `pin_code` varchar(6) DEFAULT NULL,
  `vehicle_category` int(11) DEFAULT NULL,
  `vehicle_name` varchar(30) DEFAULT NULL,
  `vehicle_registration_no` varchar(15) DEFAULT NULL,
  `year_of_manufacture` int(11) DEFAULT NULL,
  `same_address_as_user` tinyint(1) NOT NULL,
  `address` varchar(255) DEFAULT NULL,
  `gross_amount` decimal(30,2) NOT NULL,
  `amount` decimal(30,2) NOT NULL,
  `service_tax` decimal(30,2) NOT NULL,
  `vat` decimal(30,2) NOT NULL,
  `cheque_dd_number` varchar(15) DEFAULT NULL,
  `cheque_dd_date` date DEFAULT NULL,
  `utr_number` varchar(30) DEFAULT NULL,
  `transfer_date` date DEFAULT NULL,
  `bank_name` varchar(255) DEFAULT NULL,
  `bank_branch` varchar(255) DEFAULT NULL,
  `realisation_date` date DEFAULT NULL,
  `payment_date` date NOT NULL,
  `updated` date NOT NULL,
  `created_date` date NOT NULL,
  `send_receipt` tinyint(1) NOT NULL,
  `createdBy_id` int(11) NOT NULL,
  `partner_segment_id` int(11) NOT NULL,
  `payment_type_id` int(11) NOT NULL,
  `segment_id` int(11) DEFAULT NULL,
  `updatedBy_id` int(11) NOT NULL,
  `user_id` int(11) NOT NULL,
  PRIMARY KEY (`id`),
  KEY `services_customerinvoice_c35609d3` (`createdBy_id`),
  KEY `services_customerinvoice_bd399736` (`partner_segment_id`),
  KEY `services_customerinvoice_1e6d9cc6` (`payment_type_id`),
  KEY `services_customerinvoice_3e8e3332` (`segment_id`),
  KEY `services_customerinvoice_10d4336a` (`updatedBy_id`),
  KEY `services_customerinvoice_e8701ad4` (`user_id`)
) ENGINE=MyISAM AUTO_INCREMENT=181 DEFAULT CHARSET=latin1;
/*!40101 SET character_set_client = @saved_cs_client */;

--
-- Dumping data for table `services_customerinvoice`
--

LOCK TABLES `services_customerinvoice` WRITE;
/*!40000 ALTER TABLE `services_customerinvoice` DISABLE KEYS */;
INSERT INTO `services_customerinvoice` VALUES (68,'','','',3,'Maruthi ertiga','Ka 08 m 3171',2014,1,'',800.00,948.00,116.00,32.00,'','2016-09-06','','2016-09-06','','',NULL,'2016-09-06','2016-09-06','2016-09-06',0,34,8,4,5,34,64),(67,'','','',3,'Xuv 500','Ka 03 mr 8739',2014,1,'',800.00,948.00,116.00,32.00,'','2016-09-06','','2016-09-06','','',NULL,'2016-09-06','2016-09-06','2016-09-06',0,34,8,4,5,34,63),(65,'','','',3,'Xuv 500','Ka 51 mc 1682',2014,1,'',800.00,948.00,116.00,32.00,'','2016-09-03','','2016-09-03','','',NULL,'2016-09-03','2016-09-03','2016-09-03',0,33,8,4,5,33,61),(66,'','','',2,'Volkswagen','Ka 53 z 2231',2014,1,'',800.00,948.00,116.00,32.00,'','2016-09-06','','2016-09-06','','',NULL,'2016-09-06','2016-09-06','2016-09-06',0,34,8,4,5,34,62),(63,'','','',3,'Range Rover','Ka 01 mk 6435',2014,1,'',800.00,948.00,116.00,32.00,'','2016-09-02','','2016-09-02','','',NULL,'2016-09-02','2016-09-02','2016-09-02',0,34,8,4,5,34,59),(64,'','','',1,'Hyudai santro','Ka 01 mb 6338',2014,1,'',800.00,948.00,116.00,32.00,'','2016-09-03','','2016-09-03','','',NULL,'2016-09-03','2016-09-03','2016-09-03',0,33,8,4,5,33,60),(62,'','','',2,'I20','Ka02mk6463',2014,1,'Indira nagar',800.00,948.00,116.00,32.00,'','2016-09-01','','2016-08-31','','',NULL,'2016-09-01','2016-09-01','2016-09-01',0,34,8,4,5,34,58),(60,'','','',2,'Waganor','Ka03mm7202',2014,1,'Indira nagar',800.00,948.00,116.00,32.00,'','2016-09-01','','2016-08-26','','',NULL,'2016-09-01','2016-09-01','2016-09-01',0,34,8,4,5,34,56),(61,'','','',2,'Swift','Ka03ml7363',2014,1,'Indira nagar',800.00,948.00,116.00,32.00,'','2016-09-01','','2016-08-31','','',NULL,'2016-09-01','2016-09-01','2016-09-01',0,34,8,4,5,34,57),(59,'','','',2,'Polo','Ka03mt2697',2014,1,'Indira nagar',800.00,948.00,116.00,32.00,'','2016-09-01','','2016-08-26','','',NULL,'2016-09-01','2016-09-01','2016-09-01',0,34,8,4,5,34,55),(58,'','','',2,'Polo','Ka03mt2697',2014,1,'Indira nagar',800.00,948.00,116.00,32.00,'','2016-09-01','','2016-08-26','','',NULL,'2016-09-01','2016-09-01','2016-09-01',0,34,8,4,5,34,55),(44,'','','',2,'Sx 4','Ka 51 p 3401',2014,1,'',800.00,948.00,116.00,32.00,'','2016-08-25','','2016-08-25','','',NULL,'2016-08-25','2016-08-25','2016-08-25',0,33,8,4,5,33,42),(45,'','','',3,'Ford eco sport','Tn 24 aa 4162',2014,1,'',800.00,948.00,116.00,32.00,'','2016-08-25','','2016-08-25','','',NULL,'2016-08-25','2016-08-25','2016-08-25',0,33,8,4,5,33,43),(46,'','','',3,'K','Ka 51 ma 0026',2014,1,'',800.00,948.00,116.00,32.00,'','2016-08-25','','2016-08-25','','',NULL,'2016-08-25','2016-08-25','2016-08-25',0,33,8,4,5,33,44),(47,'','','',3,'Toyota innova','Ka 41 p 6179',2014,1,'',800.00,948.00,116.00,32.00,'','2016-08-26','','2016-08-26','','',NULL,'2016-08-26','2016-08-26','2016-08-26',0,33,8,4,5,33,45),(48,'','','',3,'Toyota innova','Ka 41 p 6179',2014,1,'',800.00,948.00,116.00,32.00,'','2016-08-26','','2016-08-26','','',NULL,'2016-08-26','2016-08-26','2016-08-26',0,33,8,4,5,33,45),(49,'','','',3,'Mahindra xylo','Ka 53 z 7851',2014,1,'',800.00,948.00,116.00,32.00,'','2016-08-26','','2016-08-26','','',NULL,'2016-08-26','2016-08-26','2016-08-26',0,33,8,4,5,33,46),(50,'','','',2,'Ford fiesta','Ka 05 mh 3667',2014,1,'',800.00,948.00,116.00,32.00,'','2016-08-29','','2016-08-29','','',NULL,'2016-08-29','2016-08-29','2016-08-29',0,33,8,4,5,33,47),(51,'','','',2,'Honda city','Ka 51 ma 2474',2014,1,'',800.00,948.00,116.00,32.00,'','2016-08-29','','2016-08-29','','',NULL,'2016-08-29','2016-08-29','2016-08-29',0,33,8,4,5,33,48),(52,'','','',1,'Zen estilo','Ka 41 n 6598',2014,1,'',800.00,948.00,116.00,32.00,'','2016-08-29','','2016-08-29','','',NULL,'2016-08-29','2016-08-29','2016-08-29',0,33,8,4,5,33,49),(53,'','','',2,'Swift','Ka 51 mc 2502',2014,1,'',800.00,948.00,116.00,32.00,'','2016-08-29','','2016-08-29','','',NULL,'2016-08-29','2016-08-29','2016-08-29',0,33,8,4,5,33,50),(54,'Cherry agencies pvt ltd','Cherry','560004',NULL,'','',2014,1,'Electronic city',1200.00,1422.00,174.00,48.00,'','2016-09-01','','2016-07-31','','',NULL,'2016-09-01','2016-09-01','2016-09-01',0,33,8,4,2,33,51),(55,'','','',2,'Ford vigo','Ap24aj1712',2014,1,'Electronic city',800.00,948.00,116.00,32.00,'','2016-09-01','','2016-08-31','','',NULL,'2016-09-01','2016-09-01','2016-09-01',0,33,8,4,5,33,52),(56,'','','',1,'Tata bolt','Ka 03 mw 3450',2014,1,'',800.00,948.00,116.00,32.00,'','2016-09-01','','2016-09-01','','',NULL,'2016-09-01','2016-09-01','2016-09-01',0,34,8,4,5,34,53),(57,'','','',2,'Ford','Ka03ma1970',2014,1,'Indira nagar',800.00,948.00,116.00,32.00,'','2016-09-01','','2016-08-22','','',NULL,'2016-09-01','2016-09-01','2016-09-01',0,34,8,4,5,34,54),(42,'','','',2,'Honda city','Ka 01 ew 7777',2014,1,'Sndncnc',800.00,948.00,116.00,32.00,'','2016-08-22','','2016-08-22','','',NULL,'2016-08-22','2016-08-22','2016-08-22',0,33,8,4,5,33,40),(43,'','','',2,'Toyoto etios','Ka 51 c 8744',2014,1,'Bangalore',800.00,948.00,116.00,32.00,'','2016-08-25','','2016-08-25','','',NULL,'2016-08-25','2016-08-25','2016-08-25',0,33,8,4,5,33,41),(40,'','','',1,'I20','Ka ov ',2014,1,'Dkdmdd',800.00,948.00,116.00,32.00,'','2016-08-22','','2016-08-22','','',NULL,'2016-08-22','2016-08-22','2016-08-22',0,33,8,4,5,33,38),(41,'','','',3,'Innova','Ka 01 ',2014,1,'Jfjgh',800.00,948.00,116.00,32.00,'','2016-08-22','','2016-08-22','','',NULL,'2016-08-22','2016-08-22','2016-08-22',0,33,8,4,5,33,39),(69,'','','',2,'Skoda Fabia','KA 00 000',2014,1,'',800.00,832.00,0.00,32.00,'','2016-09-08','','2016-09-08','','',NULL,'2016-09-08','2016-09-08','2016-09-08',0,34,8,4,5,34,65),(70,'','','',1,'I20','Ka 03 ms 9527',2014,1,'',800.00,832.00,0.00,32.00,'','2016-09-10','','2016-09-10','','',NULL,'2016-09-10','2016-09-10','2016-09-10',0,34,8,4,5,34,66),(71,'','','',1,'Maruthi ritz','Ka 51 ma 9162',2014,1,'',800.00,832.00,0.00,32.00,'','2016-09-16','','2016-09-16','','',NULL,'2016-09-16','2016-09-16','2016-09-16',0,33,8,4,5,33,67),(72,'','','',3,'Ford endeavour','Ap 09 bk 5764',2014,1,'',800.00,832.00,0.00,32.00,'','2016-09-16','','2016-09-16','','',NULL,'2016-09-16','2016-09-16','2016-09-16',0,33,8,4,5,33,68),(73,'','','',2,'Skoda rapid','Ka 03 mm 8482',2014,1,'',800.00,832.00,0.00,32.00,'','2016-09-16','','2016-09-16','','',NULL,'2016-09-16','2016-09-16','2016-09-16',0,33,8,4,5,33,69),(74,'','','',2,'Skoda superb','Ka 04 ml 4056',2014,1,'',800.00,832.00,0.00,32.00,'','2016-09-17','','2016-09-17','','',NULL,'2016-09-17','2016-09-17','2016-09-17',0,34,8,4,5,34,70),(75,'','','',2,'Skoda rapid','Ka 51 md 4778',2014,1,'',800.00,832.00,0.00,32.00,'','2016-09-17','','2016-09-17','','',NULL,'2016-09-17','2016-09-17','2016-09-17',0,33,8,4,5,33,71),(76,'','','',3,'Xuv','Ka03mr2160',2014,1,'Khroad shanthi nagar',800.00,832.00,0.00,32.00,'','2016-09-19','','2016-09-19','','',NULL,'2016-09-19','2016-09-19','2016-09-19',0,37,8,4,5,37,72),(77,'','','',3,'Innova','Ka 03 me 6665',2014,1,'',800.00,832.00,0.00,32.00,'','2016-09-21','','2016-09-21','','',NULL,'2016-09-21','2016-09-21','2016-09-21',0,34,8,4,5,34,74),(78,'','','',2,'toyota Etios','KA  51 MB 5415',2014,1,'',800.00,832.00,0.00,32.00,'','2016-09-22','','2016-09-22','','',NULL,'2016-09-22','2016-09-22','2016-09-22',0,33,8,4,5,33,77),(79,'','','',3,'Toyota Innova','KA 03 mk 8824',2014,1,'',800.00,832.00,0.00,32.00,'','2016-09-22','','2016-09-22','','',NULL,'2016-09-22','2016-09-22','2016-09-22',0,34,8,4,5,34,78),(80,'','','',2,'Verna Fluidic','KA 28 N 4464',2014,1,NULL,800.00,832.00,0.00,32.00,'','2016-09-28','','2016-09-28','','',NULL,'2016-09-28','2016-09-28','2016-09-28',0,34,8,4,5,34,79),(81,'','','',2,'Verna Fluidic','KA 28 N 4464',2014,1,NULL,800.00,832.00,0.00,32.00,'','2016-09-28','','2016-09-28','','',NULL,'2016-09-28','2016-09-28','2016-09-28',0,34,8,4,5,34,79),(82,'','','',2,'Verna Fluidic','KA 28 N 4464',2014,1,NULL,800.00,832.00,0.00,32.00,'','2016-09-28','','2016-09-28','','',NULL,'2016-09-28','2016-09-28','2016-09-28',0,34,8,4,5,34,79),(83,'','','',2,'Verna Fluidic','KA 28 N 4464',2014,1,NULL,800.00,832.00,0.00,32.00,'','2016-09-28','','2016-09-28','','',NULL,'2016-09-28','2016-09-28','2016-09-28',0,34,8,4,5,34,79),(84,'','','',2,'Vento','KA 53 MB 1208',2014,1,NULL,800.00,832.00,0.00,32.00,'','2016-09-29','','2016-09-29','','',NULL,'2016-09-29','2016-09-29','2016-09-29',0,34,8,4,5,34,80),(85,'','','',2,'Nissan Sunny','KA 03 MX 9129',2014,1,NULL,800.00,832.00,0.00,32.00,'','2016-09-29','','2016-09-29','','',NULL,'2016-09-29','2016-09-29','2016-09-29',0,34,8,4,5,34,81),(86,'','','',1,'Skoda fabia','Ka 01 mg 6167',2014,1,NULL,800.00,832.00,0.00,32.00,'','2016-09-29','','2016-09-29','','',NULL,'2016-09-29','2016-09-29','2016-09-29',0,37,8,4,5,37,82),(87,'','','',1,'Skoda fabia','Ka 01 mg 6167',2014,1,NULL,800.00,832.00,0.00,32.00,'','2016-09-29','','2016-09-29','','',NULL,'2016-09-29','2016-09-29','2016-09-29',0,37,8,4,5,37,82),(88,'','','',3,'Hyundai santafe','Kl 05 ak 8200',2014,1,NULL,800.00,832.00,0.00,32.00,'','2016-10-01','','2016-10-01','','',NULL,'2016-10-01','2016-10-01','2016-10-01',0,38,8,4,5,38,83),(89,'','','',1,'Hyundai i 10','Ka 01 mf 882',2014,1,NULL,800.00,832.00,0.00,32.00,'','2016-10-01','','2016-10-01','','',NULL,'2016-10-01','2016-10-01','2016-10-01',0,38,8,4,5,38,84),(90,'','','',1,'Hyudai santro','Ka 04 mc 1337',2014,1,NULL,800.00,832.00,0.00,32.00,'','2016-10-01','','2016-10-01','','',NULL,'2016-10-01','2016-10-01','2016-10-01',0,38,8,4,5,38,86),(91,'','','',1,'Hyudai santro','Ka 53 n 3840',2014,1,NULL,800.00,832.00,0.00,32.00,'','2016-10-01','','2016-10-01','','',NULL,'2016-10-01','2016-10-01','2016-10-01',0,38,8,4,5,38,87),(92,'','','',2,'Skoda Rapid','KA 51 P 3672',2014,1,NULL,800.00,832.00,0.00,32.00,'','2016-10-03','','2016-10-03','','',NULL,'2016-10-03','2016-10-03','2016-10-03',0,33,8,4,5,33,88),(93,'','','',1,'Astar','KA 03 MP 5750',2014,1,NULL,800.00,832.00,0.00,32.00,'','2016-10-05','','2016-10-05','','',NULL,'2016-10-05','2016-10-05','2016-10-05',0,34,8,4,5,34,89),(94,'','','',3,'Innova','KA 01 MA 0000',2014,1,NULL,800.00,832.00,0.00,32.00,'','2016-10-05','','2016-10-05','','',NULL,'2016-10-05','2016-10-05','2016-10-05',0,34,8,4,5,34,93),(95,'','','',1,'Hyundai Getz','KA 04 MK 5020',2014,1,NULL,800.00,832.00,0.00,32.00,'','2016-10-07','','2016-10-07','','',NULL,'2016-10-07','2016-10-07','2016-10-07',0,39,8,4,5,39,95),(96,'','','',1,'Maruti Ritz','KA 02 MH 4066',2014,1,NULL,800.00,832.00,0.00,32.00,'','2016-10-07','','2016-10-07','','',NULL,'2016-10-07','2016-10-07','2016-10-07',0,39,8,4,5,39,96),(97,'','','',1,'Maruti Ritz','KA 02 MH 4066',2014,1,NULL,800.00,832.00,0.00,32.00,'','2016-10-07','','2016-10-07','','',NULL,'2016-10-07','2016-10-07','2016-10-07',0,39,8,4,5,39,96),(98,'','','',1,'I20','Ka 01 ew 7777',2014,1,NULL,800.00,832.00,0.00,32.00,'','2016-10-08','','2016-10-08','','',NULL,'2016-10-08','2016-10-08','2016-10-08',0,37,8,4,5,37,97),(99,'','','',1,'I20','Ka 01 ew 7777',2014,1,NULL,800.00,832.00,0.00,32.00,'','2016-10-08','','2016-10-08','','',NULL,'2016-10-08','2016-10-08','2016-10-08',0,37,8,4,5,37,98),(100,'','','',1,'Innova','Ka 51 ma 2474',2014,1,NULL,800.00,832.00,0.00,32.00,'','2016-10-08','','2016-10-08','','',NULL,'2016-10-08','2016-10-08','2016-10-08',0,37,8,4,5,37,99),(101,'','','',1,'Innova','KA 03 MR 3527',2014,1,NULL,800.00,832.00,0.00,32.00,'','2016-10-08','','2016-10-08','','',NULL,'2016-10-08','2016-10-08','2016-10-08',0,37,8,4,5,37,100),(102,'','','',3,'Innova','KA 03 MR 3527',2014,1,NULL,800.00,832.00,0.00,32.00,'','2016-10-08','','2016-10-08','','',NULL,'2016-10-08','2016-10-08','2016-10-08',0,37,8,4,5,37,101),(103,'','','',3,'Tata storms','KA 05MN 1701',2014,1,NULL,800.00,832.00,0.00,32.00,'','2016-10-08','','2016-10-08','','',NULL,'2016-10-08','2016-10-08','2016-10-08',0,41,8,4,5,41,102),(104,'','','',3,'Toyota Fortuner','KA 51 B 103',2014,1,NULL,800.00,832.00,0.00,32.00,'','2016-10-08','','2016-10-08','','',NULL,'2016-10-08','2016-10-08','2016-10-08',0,41,8,4,5,41,103),(105,'','','',2,'Honda amaze','KA 04MT 5631',2014,1,NULL,800.00,832.00,0.00,32.00,'','2016-10-08','','2016-10-08','','',NULL,'2016-10-08','2016-10-08','2016-10-08',0,39,8,4,5,39,104),(106,'','','',2,'Verna',' KA 02 MJ 4184',2014,1,NULL,800.00,832.00,0.00,32.00,'','2016-10-13','','2016-10-13','','',NULL,'2016-10-13','2016-10-13','2016-10-13',0,39,8,4,5,39,105),(107,'','','',2,'Indigo','KA 02 MG 7104',2014,1,NULL,800.00,832.00,0.00,32.00,'','2016-10-13','','2016-10-13','','',NULL,'2016-10-13','2016-10-13','2016-10-13',0,39,8,4,5,39,106),(108,'','','',3,'Innova','MH 15 EX 2246',2014,1,NULL,800.00,832.00,0.00,32.00,'','2016-10-13','','2016-10-13','','',NULL,'2016-10-13','2016-10-13','2016-10-13',0,39,8,4,5,39,107),(109,'','','',2,'Dzire','KA 02 MD 1133',2014,1,NULL,800.00,832.00,0.00,32.00,'','2016-10-13','','2016-10-13','','',NULL,'2016-10-13','2016-10-13','2016-10-13',0,39,8,4,5,39,109),(110,'','','',2,'Ford fiesta','Ka05ml895',2014,1,NULL,800.00,832.00,0.00,32.00,'','2016-10-16','','2016-10-16','','',NULL,'2016-10-16','2016-10-16','2016-10-16',0,39,8,4,5,39,110),(111,'','','',2,'Maruthi sx4','Ka02mf3631',2014,1,NULL,800.00,832.00,0.00,32.00,'','2016-10-16','','2016-10-16','','',NULL,'2016-10-16','2016-10-16','2016-10-16',0,37,8,4,5,37,111),(112,'','test','560078',NULL,'','',2014,1,NULL,24000.00,3120.00,0.00,120.00,'','2016-10-16','','2016-10-16','','',NULL,'2016-10-17','2016-10-17','2016-10-17',0,33,8,4,1,33,94),(113,'','','',2,'Hyundai i10','Ka05mh8275',2014,1,NULL,800.00,832.00,0.00,32.00,'','2016-10-17','','2016-10-17','','',NULL,'2016-10-17','2016-10-17','2016-10-17',0,41,8,4,5,41,112),(114,'','','',3,'Toyota Innova','KA 02 MH 0408',2014,1,NULL,800.00,832.00,0.00,32.00,'','2016-10-18','','2016-10-18','','',NULL,'2016-10-18','2016-10-18','2016-10-18',0,34,8,4,5,34,113),(115,'','','',1,'Polo','KA 05 ML 895',2014,1,NULL,800.00,832.00,0.00,32.00,'','2016-10-18','','2016-10-18','','',NULL,'2016-10-18','2016-10-18','2016-10-18',0,39,8,4,5,39,114),(116,'','','',2,'SX4','KA 02 MF 3631',2014,1,NULL,800.00,832.00,0.00,32.00,'','2016-10-18','','2016-10-18','','',NULL,'2016-10-18','2016-10-18','2016-10-18',0,37,8,4,5,37,115),(117,'','','',1,'Tata Zest','KA 01 MN 2250',2014,1,NULL,800.00,800.00,0.00,32.00,'','2016-10-21','','2016-10-21','','',NULL,'2016-10-21','2016-10-21','2016-10-21',0,41,8,4,5,41,116),(118,'','','',2,'Verna','KA 05 ME 2482',2014,1,NULL,800.00,800.00,0.00,32.00,'','2016-10-25','','2016-10-25','','',NULL,'2016-10-25','2016-10-25','2016-10-25',0,41,8,4,5,41,117),(119,'','','',1,'Hyundai I10','KA 03 MJ 8396',2014,1,NULL,800.00,800.00,0.00,32.00,'','2016-11-10','','2016-11-10','','',NULL,'2016-11-10','2016-11-10','2016-11-10',0,34,8,4,5,34,119),(120,'','','',1,'Punto','KA 03 MA 1970',2014,1,NULL,800.00,800.00,0.00,32.00,'','2016-11-10','','2016-11-10','','',NULL,'2016-11-10','2016-11-10','2016-11-10',0,34,8,4,5,34,120),(121,'','','',1,'Punto','KA 02 MF 7270',2014,1,NULL,800.00,800.00,0.00,32.00,'','2016-11-10','','2016-11-10','','',NULL,'2016-11-10','2016-11-10','2016-11-10',0,39,8,4,5,39,121),(122,'','','',1,'I20','KA 04 MQ 6166',2014,1,NULL,800.00,800.00,0.00,32.00,'','2016-11-10','','2016-11-10','','',NULL,'2016-11-10','2016-11-10','2016-11-10',0,39,8,4,5,39,122),(123,'','','',1,'Ritz','KA 02 MF 3881',2014,1,NULL,800.00,800.00,0.00,32.00,'','2016-11-10','','2016-11-10','','',NULL,'2016-11-10','2016-11-10','2016-11-10',0,39,8,4,5,39,123),(124,'','','',3,'Scorpio','KA 04 MK 2989',2014,1,NULL,800.00,800.00,0.00,32.00,'','2016-11-10','','2016-11-10','','',NULL,'2016-11-10','2016-11-10','2016-11-10',0,39,8,4,5,39,124),(125,'','','',3,'Scorpio','KA 04 MK 2989',2014,1,NULL,800.00,800.00,0.00,32.00,'','2016-11-10','','2016-11-10','','',NULL,'2016-11-10','2016-11-10','2016-11-10',0,39,8,4,5,39,124),(126,'','','',1,'Santro','KA 05 MH 1890',2014,1,NULL,800.00,800.00,0.00,32.00,'','2016-11-11','','2016-11-11','','',NULL,'2016-11-11','2016-11-11','2016-11-11',0,33,8,4,5,33,125),(127,'','','',2,'Chevrolet Optra','KA 03 MN 2016',2014,1,NULL,800.00,800.00,0.00,32.00,'','2016-11-24','','2016-11-24','','',NULL,'2016-11-24','2016-11-24','2016-11-24',0,34,8,4,5,34,129),(128,'','','',3,'Tata Safari','KA 18 Z 0801',2014,1,NULL,800.00,800.00,0.00,32.00,'','2016-11-24','','2016-11-24','','',NULL,'2016-11-24','2016-11-24','2016-11-24',0,34,8,4,5,34,130),(129,'','','',3,'Hyundai creta','Ka 51 mj 6367',2014,1,NULL,800.00,700.00,0.00,28.00,'','2016-11-26','','2016-11-26','','',NULL,'2016-11-26','2016-11-26','2016-11-26',0,33,8,4,5,33,131),(130,'','','',3,'Xylo','Ka51z7916',2014,1,NULL,1300.00,1500.00,0.00,60.00,'','2016-11-26','','2016-11-26','','',NULL,'2016-11-26','2016-11-26','2016-11-26',0,33,8,4,5,33,134),(131,'','','',3,'Scoda','Ka51mj6367',2014,1,NULL,1300.00,700.00,0.00,28.00,'','2016-11-26','','2016-11-26','','',NULL,'2016-11-26','2016-11-26','2016-11-26',0,33,8,4,5,33,135),(132,'','','',2,'Scoda','Ka51mj6367',2014,1,NULL,800.00,700.00,0.00,28.00,'','2016-11-26','',NULL,'','',NULL,'2016-11-26','2016-11-26','2016-11-26',0,33,8,4,5,33,136),(133,'','','',3,'Swiftcri','Ka04mj9988',2014,1,NULL,500.00,700.00,0.00,28.00,'','2016-11-26','','2016-11-26','','',NULL,'2016-11-26','2016-11-26','2016-11-26',0,33,8,4,5,33,137),(134,'','','',1,'Swift','KA09MA2668',2014,1,NULL,800.00,700.00,0.00,28.00,'','2016-11-28','','2016-11-28','','',NULL,'2016-11-28','2016-11-28','2016-11-28',0,33,8,4,5,33,139),(135,'','','',NULL,'','',2014,1,NULL,500.00,700.00,0.00,28.00,'','2016-11-28','','2016-11-28','','',NULL,'2016-11-28','2016-11-28','2016-11-28',0,33,8,4,NULL,33,140),(136,'','','',1,'Honda jazz','Ka 03 mw 7092',2014,1,NULL,800.00,800.00,0.00,32.00,'','2016-12-03','','2016-12-03','','',NULL,'2016-12-03','2016-12-03','2016-12-03',0,34,8,4,5,34,141),(137,'','','',1,'Grand i 10','Ka 51 mg 1048',2014,1,NULL,800.00,800.00,0.00,32.00,'','2016-12-03','','2016-12-03','','',NULL,'2016-12-03','2016-12-03','2016-12-03',0,34,8,4,5,34,142),(138,'','','',2,'Skoda rapid','Ka 51 md 9989',2014,1,NULL,800.00,800.00,0.00,32.00,'','2016-12-03','','2016-12-03','','',NULL,'2016-12-03','2016-12-03','2016-12-03',0,34,8,4,5,34,143),(139,'','','',1,'Innova','Ka01mc1204',2014,1,NULL,800.00,700.00,0.00,28.00,'','2016-12-09','','2016-12-09','','',NULL,'2016-12-09','2016-12-09','2016-12-09',0,37,8,4,5,37,146),(179,'','','',1,'pulse','KA 50 N 3470',2014,1,NULL,0.00,0.00,0.00,0.00,'','2018-03-17','','2018-03-17','','',NULL,'2018-03-17','2018-03-17','2018-03-17',0,198,8,4,5,198,180),(178,'','','',1,'pulse','KA 50 N 3470',2014,1,NULL,0.00,0.00,0.00,0.00,'','2018-03-17','','2018-03-17','','',NULL,'2018-03-17','2018-03-17','2018-03-17',0,198,8,4,5,198,180),(142,'','','',1,'Alto','KA 51 MB 4127',2014,1,NULL,800.00,800.00,0.00,32.00,'','2016-12-24','','2016-12-24','','',NULL,'2016-12-24','2016-12-24','2016-12-24',0,41,8,4,5,41,150),(143,'','','',2,'hundai verna','ka02jk2255',2014,1,NULL,800.00,800.00,0.00,32.00,'','2017-03-06','','2017-03-06','','',NULL,'2017-03-06','2017-03-06','2017-03-06',0,37,8,4,5,37,151),(144,'','','',2,'hundai verna','ka02jk2255',2014,1,NULL,800.00,600.00,0.00,24.00,'','2017-03-06','','2017-03-06','','',NULL,'2017-03-06','2017-03-06','2017-03-06',0,37,8,4,5,37,151),(145,'','','',2,'i20','ka03mh1657',2014,1,NULL,800.00,600.00,0.00,24.00,'','2017-03-06','','2017-03-06','','',NULL,'2017-03-06','2017-03-06','2017-03-06',0,37,8,4,5,37,152),(146,'','','',1,'alto','ka03 mj 629',2014,1,NULL,800.00,800.00,0.00,32.00,'','2017-03-14','','2017-03-14','','',NULL,'2017-03-14','2017-03-14','2017-03-14',0,37,8,4,5,37,154),(147,'','','',2,'skoda','ka03ml8245',2014,1,NULL,800.00,800.00,0.00,32.00,'','2017-03-14','','2017-03-14','','',NULL,'2017-03-14','2017-03-14','2017-03-14',0,37,8,4,5,37,155),(148,'','','',2,'ASTAR','KA03MP5650',2014,1,NULL,800.00,800.00,0.00,32.00,'','2017-03-24','','2017-03-24','','',NULL,'2017-03-24','2017-03-24','2017-03-24',0,34,8,4,5,34,156),(149,'','','',2,'vento','ka03mp13254',2014,1,NULL,800.00,800.00,0.00,32.00,'','2017-03-24','','2017-03-24','','',NULL,'2017-03-24','2017-03-24','2017-03-24',0,34,8,4,5,34,157),(150,'','','',2,'vento','ka03mp13254',2014,1,NULL,800.00,800.00,0.00,32.00,'','2017-03-24','','2017-03-24','','',NULL,'2017-03-24','2017-03-24','2017-03-24',0,34,8,4,5,34,158),(151,'','','',2,'vento','ka03mv5166',2014,1,NULL,800.00,800.00,0.00,32.00,'','2017-03-24','','2017-03-24','','',NULL,'2017-03-24','2017-03-24','2017-03-24',0,34,8,4,5,34,159),(152,'','','',2,'vento','ka03mv5166',2014,1,NULL,800.00,800.00,0.00,32.00,'','2017-03-24','','2017-03-24','','',NULL,'2017-03-24','2017-03-24','2017-03-24',0,34,8,4,5,34,159),(153,'','','',2,'vento','ka03mv5166',2014,1,NULL,800.00,800.00,0.00,32.00,'','2017-03-24','','2017-03-24','','',NULL,'2017-03-24','2017-03-24','2017-03-24',0,34,8,4,5,34,159),(154,'','','',2,'vento','ka03mv5166',2014,1,NULL,800.00,800.00,0.00,32.00,'','2017-03-24','','2017-03-24','','',NULL,'2017-03-24','2017-03-24','2017-03-24',0,34,8,4,5,34,159),(155,'','','',2,'vento','ka03mv5166',2014,1,NULL,800.00,800.00,0.00,32.00,'','2017-03-24','','2017-03-24','','',NULL,'2017-03-24','2017-03-24','2017-03-24',0,34,8,4,5,34,159),(156,'','','',2,'vento','ka03mv5166',2014,1,NULL,800.00,800.00,0.00,32.00,'','2017-03-24','','2017-03-24','','',NULL,'2017-03-24','2017-03-24','2017-03-24',0,34,8,4,5,34,159),(157,'','','',2,'vento','ka03mv5166',2014,1,NULL,800.00,800.00,0.00,32.00,'','2017-03-24','','2017-03-24','','',NULL,'2017-03-24','2017-03-24','2017-03-24',0,34,8,4,5,34,159),(158,'','','',2,'vento','ka03mv5166',2014,1,NULL,800.00,800.00,0.00,32.00,'','2017-03-24','','2017-03-24','','',NULL,'2017-03-24','2017-03-24','2017-03-24',0,34,8,4,5,34,159),(159,'','','',2,'vento','ka03mv5166',2014,1,NULL,800.00,800.00,0.00,32.00,'','2017-03-24','','2017-03-24','','',NULL,'2017-03-24','2017-03-24','2017-03-24',0,34,8,4,5,34,159),(160,'','','',2,'vento','ka03mv5166',2014,1,NULL,800.00,800.00,0.00,32.00,'','2017-03-24','','2017-03-24','','',NULL,'2017-03-24','2017-03-24','2017-03-24',0,34,8,4,5,34,159),(161,'','','',2,'vento','ka03mv5166',2014,1,NULL,800.00,700.00,0.00,28.00,'','2017-03-24','','2017-03-24','','',NULL,'2017-03-24','2017-03-24','2017-03-24',0,34,8,4,5,34,160),(162,'','','',2,'santa','ka0ak8200',2014,1,NULL,800.00,800.00,0.00,32.00,'','2017-03-24','','2017-03-24','','',NULL,'2017-03-24','2017-03-24','2017-03-24',0,38,8,4,5,38,167),(163,'','','',2,'jaguar','KA 01 ML 8880',2014,1,NULL,800.00,700.00,0.00,28.00,'','2017-03-25','','2017-03-25','','',NULL,'2017-03-25','2017-03-25','2017-03-25',0,56,8,4,5,56,168),(164,'','','',2,'jaguar','KA 01 ML 8880',2014,1,NULL,800.00,700.00,0.00,28.00,'','2017-03-25','','2017-03-25','','',NULL,'2017-03-25','2017-03-25','2017-03-25',0,56,8,4,5,56,168),(165,'','','',2,'JAGUAR','KA 01 ML 8880',2014,1,NULL,800.00,700.00,0.00,28.00,'','2017-03-25','','2017-03-25','','',NULL,'2017-03-25','2017-03-25','2017-03-25',0,56,8,4,5,56,168),(166,'','','',2,'Skoda Laura','KA01-MC-9969',2014,1,NULL,800.00,1000.00,0.00,40.00,'','2017-03-27','','2017-03-27','','',NULL,'2017-03-27','2017-03-27','2017-03-27',0,54,6,4,5,54,169),(167,'','','',2,'Skoda Laura','KA01-MC-9969',2014,1,NULL,800.00,1000.00,0.00,40.00,'','2017-03-27','','2017-03-27','','',NULL,'2017-03-27','2017-03-27','2017-03-27',0,54,6,4,5,54,169),(168,'','','',3,'Ertiga','KA-02-MK-1390',2014,1,NULL,800.00,1000.00,0.00,40.00,'','2017-03-28','','2017-03-28','','',NULL,'2017-03-28','2017-03-28','2017-03-28',0,54,6,4,5,54,170),(169,'','','',1,'I 20','KA-05-N-2041',2014,1,NULL,800.00,1200.00,0.00,48.00,'','2017-03-28','','2017-03-28','','',NULL,'2017-03-28','2017-03-28','2017-03-28',0,54,6,4,5,54,171),(170,'','','',1,'SWIFT','KA-01-MM-1602',2014,1,NULL,800.00,800.00,0.00,32.00,'','2017-03-28','','2017-03-28','','',NULL,'2017-03-28','2017-03-28','2017-03-28',0,54,6,4,5,54,172),(171,'','','',1,'RITZ','KA-41-P-7423',2014,1,NULL,800.00,800.00,0.00,32.00,'','2017-03-28','','2017-03-28','','',NULL,'2017-03-28','2017-03-28','2017-03-28',0,54,6,4,5,54,173),(172,'','','',1,'POLO','KA-05-MQ-6125',2014,1,NULL,800.00,1200.00,0.00,48.00,'','2017-03-28','','2017-03-28','','',NULL,'2017-03-28','2017-03-28','2017-03-28',0,54,6,4,5,54,174),(173,'','','',1,'FIGO','KA-53-Z-1185',2014,1,NULL,800.00,1200.00,0.00,48.00,'','2017-03-28','','2017-03-28','','',NULL,'2017-03-28','2017-03-28','2017-03-28',0,54,6,4,5,54,175),(174,'','','',1,'PUNTO','KA-51-MQ-9356',2014,1,NULL,800.00,1200.00,0.00,48.00,'','2017-03-28','','2017-03-28','','',NULL,'2017-03-28','2017-03-28','2017-03-28',0,54,6,4,5,54,176),(175,'','','',2,'i10','ka05mg4686',2014,1,NULL,800.00,800.00,0.00,32.00,'','2017-03-31','','2017-03-31','','',NULL,'2017-03-31','2017-03-31','2017-03-31',0,45,8,4,5,45,177),(176,'','','',2,'i10','kahfdiudfhkjchs',2014,1,NULL,800.00,800.00,0.00,32.00,'','2017-03-31','','2017-03-31','','',NULL,'2017-03-31','2017-03-31','2017-03-31',0,45,8,4,5,45,178),(177,'','','',2,'sent','ka05jbh5528',2014,1,NULL,800.00,800.00,0.00,32.00,'','2017-04-01','','2017-04-01','','',NULL,'2017-04-01','2017-04-01','2017-04-01',0,41,8,4,5,41,179),(180,'','','',1,'pulse','KA 50 N 3470',2014,1,NULL,0.00,0.00,0.00,0.00,'','2018-03-17','','2018-03-17','','',NULL,'2018-03-17','2018-03-17','2018-03-17',0,198,8,4,5,198,180);
/*!40000 ALTER TABLE `services_customerinvoice` ENABLE KEYS */;
UNLOCK TABLES;

--
-- Table structure for table `services_customerproductquantity`
--

DROP TABLE IF EXISTS `services_customerproductquantity`;
/*!40101 SET @saved_cs_client     = @@character_set_client */;
/*!40101 SET character_set_client = utf8 */;
CREATE TABLE `services_customerproductquantity` (
  `id` int(11) NOT NULL AUTO_INCREMENT,
  `quantity` int(11) NOT NULL,
  `gross_amount` decimal(30,2) NOT NULL,
  `amount` decimal(10,2) NOT NULL,
  `service_tax` decimal(30,2) NOT NULL,
  `vat` decimal(30,2) NOT NULL,
  `invoice_id` int(11) NOT NULL,
  `product_id` int(11) NOT NULL,
  PRIMARY KEY (`id`),
  KEY `services_customerproductquantity_f1f5d967` (`invoice_id`),
  KEY `services_customerproductquantity_9bea82de` (`product_id`)
) ENGINE=MyISAM AUTO_INCREMENT=157 DEFAULT CHARSET=latin1;
/*!40101 SET character_set_client = @saved_cs_client */;

--
-- Dumping data for table `services_customerproductquantity`
--

LOCK TABLES `services_customerproductquantity` WRITE;
/*!40000 ALTER TABLE `services_customerproductquantity` DISABLE KEYS */;
INSERT INTO `services_customerproductquantity` VALUES (57,1,1200.00,1422.00,174.00,48.00,54,1),(56,1,800.00,948.00,116.00,32.00,53,1),(55,1,800.00,948.00,116.00,32.00,52,1),(54,1,800.00,948.00,116.00,32.00,51,1),(62,1,800.00,948.00,116.00,32.00,59,1),(53,1,800.00,948.00,116.00,32.00,50,1),(52,1,800.00,948.00,116.00,32.00,49,1),(61,1,800.00,948.00,116.00,32.00,58,1),(51,1,800.00,948.00,116.00,32.00,48,1),(50,1,800.00,948.00,116.00,32.00,47,1),(49,1,800.00,948.00,116.00,32.00,46,1),(70,1,800.00,948.00,116.00,32.00,67,1),(60,1,800.00,948.00,116.00,32.00,57,1),(59,1,800.00,948.00,116.00,32.00,56,1),(58,1,800.00,948.00,116.00,32.00,55,1),(69,1,800.00,948.00,116.00,32.00,66,1),(68,1,800.00,948.00,116.00,32.00,65,1),(67,1,800.00,948.00,116.00,32.00,64,1),(66,1,800.00,948.00,116.00,32.00,63,1),(65,1,800.00,948.00,116.00,32.00,62,1),(64,1,800.00,948.00,116.00,32.00,61,1),(63,1,800.00,948.00,116.00,32.00,60,1),(48,1,800.00,948.00,116.00,32.00,45,1),(47,1,800.00,948.00,116.00,32.00,44,1),(46,1,800.00,948.00,116.00,32.00,43,1),(45,1,800.00,948.00,116.00,32.00,42,1),(44,1,800.00,948.00,116.00,32.00,41,1),(43,1,800.00,948.00,116.00,32.00,40,1),(71,1,800.00,948.00,116.00,32.00,68,1),(72,1,800.00,832.00,0.00,32.00,69,1),(73,1,800.00,832.00,0.00,32.00,70,1),(74,1,800.00,832.00,0.00,32.00,71,1),(75,1,800.00,832.00,0.00,32.00,72,1),(76,1,800.00,832.00,0.00,32.00,73,1),(77,1,800.00,832.00,0.00,32.00,74,1),(78,1,800.00,832.00,0.00,32.00,75,1),(79,1,800.00,832.00,0.00,32.00,76,1),(80,1,800.00,832.00,0.00,32.00,77,1),(81,1,800.00,832.00,0.00,32.00,78,1),(82,1,800.00,832.00,0.00,32.00,79,1),(83,1,800.00,832.00,0.00,32.00,106,1),(84,1,800.00,832.00,0.00,32.00,107,1),(85,1,800.00,832.00,0.00,32.00,108,1),(86,1,800.00,832.00,0.00,32.00,109,1),(87,1,800.00,832.00,0.00,32.00,110,1),(88,1,800.00,832.00,0.00,32.00,111,1),(89,20,24000.00,24960.00,0.00,960.00,112,1),(90,1,800.00,832.00,0.00,32.00,113,1),(91,1,800.00,832.00,0.00,32.00,114,1),(92,1,800.00,832.00,0.00,32.00,115,1),(93,1,800.00,832.00,0.00,32.00,116,1),(94,1,800.00,832.00,0.00,32.00,117,1),(95,1,800.00,832.00,0.00,32.00,118,1),(96,1,800.00,832.00,0.00,32.00,119,1),(97,1,800.00,832.00,0.00,32.00,120,1),(98,1,800.00,832.00,0.00,32.00,121,1),(99,1,800.00,832.00,0.00,32.00,122,1),(100,1,800.00,832.00,0.00,32.00,123,1),(101,1,800.00,832.00,0.00,32.00,124,1),(102,1,800.00,832.00,0.00,32.00,125,1),(103,1,800.00,832.00,0.00,32.00,126,1),(104,1,800.00,832.00,0.00,32.00,127,1),(105,1,800.00,832.00,0.00,32.00,128,1),(106,1,800.00,832.00,0.00,32.00,129,1),(107,1,800.00,832.00,0.00,32.00,130,1),(108,1,500.00,520.00,0.00,20.00,130,2),(109,1,800.00,832.00,0.00,32.00,131,1),(110,1,500.00,520.00,0.00,20.00,131,2),(111,1,800.00,832.00,0.00,32.00,132,1),(112,1,500.00,520.00,0.00,20.00,133,2),(113,1,800.00,832.00,0.00,32.00,134,1),(114,1,500.00,520.00,0.00,20.00,135,2),(115,1,800.00,832.00,0.00,32.00,136,1),(116,1,800.00,832.00,0.00,32.00,137,1),(117,1,800.00,832.00,0.00,32.00,138,1),(118,1,800.00,832.00,0.00,32.00,139,1),(121,1,800.00,832.00,0.00,32.00,142,1),(122,1,800.00,832.00,0.00,32.00,143,1),(123,1,800.00,832.00,0.00,32.00,144,1),(124,1,800.00,832.00,0.00,32.00,145,1),(125,1,800.00,832.00,0.00,32.00,146,1),(126,1,800.00,832.00,0.00,32.00,147,1),(127,1,800.00,832.00,0.00,32.00,148,1),(128,1,800.00,832.00,0.00,32.00,149,1),(129,1,800.00,832.00,0.00,32.00,150,1),(130,1,800.00,832.00,0.00,32.00,151,1),(131,1,800.00,832.00,0.00,32.00,152,1),(132,1,800.00,832.00,0.00,32.00,153,1),(133,1,800.00,832.00,0.00,32.00,154,1),(134,1,800.00,832.00,0.00,32.00,155,1),(135,1,800.00,832.00,0.00,32.00,156,1),(136,1,800.00,832.00,0.00,32.00,157,1),(137,1,800.00,832.00,0.00,32.00,158,1),(138,1,800.00,832.00,0.00,32.00,159,1),(139,1,800.00,832.00,0.00,32.00,160,1),(140,1,800.00,832.00,0.00,32.00,161,1),(141,1,800.00,832.00,0.00,32.00,162,1),(142,1,800.00,832.00,0.00,32.00,163,1),(143,1,800.00,832.00,0.00,32.00,164,1),(144,1,800.00,832.00,0.00,32.00,165,1),(145,1,800.00,832.00,0.00,32.00,166,1),(146,1,800.00,832.00,0.00,32.00,167,1),(147,1,800.00,832.00,0.00,32.00,168,1),(148,1,800.00,832.00,0.00,32.00,169,1),(149,1,800.00,832.00,0.00,32.00,170,1),(150,1,800.00,832.00,0.00,32.00,171,1),(151,1,800.00,832.00,0.00,32.00,172,1),(152,1,800.00,832.00,0.00,32.00,173,1),(153,1,800.00,832.00,0.00,32.00,174,1),(154,1,800.00,832.00,0.00,32.00,175,1),(155,1,800.00,832.00,0.00,32.00,176,1),(156,1,800.00,832.00,0.00,32.00,177,1);
/*!40000 ALTER TABLE `services_customerproductquantity` ENABLE KEYS */;
UNLOCK TABLES;

--
-- Table structure for table `services_dealers`
--

DROP TABLE IF EXISTS `services_dealers`;
/*!40101 SET @saved_cs_client     = @@character_set_client */;
/*!40101 SET character_set_client = utf8 */;
CREATE TABLE `services_dealers` (
  `id` int(11) NOT NULL AUTO_INCREMENT,
  `company` varchar(20) NOT NULL,
  `authorised_person` varchar(20) NOT NULL,
  `category` varchar(256) NOT NULL,
  `service_area` varchar(20) NOT NULL,
  `email` varchar(254) NOT NULL,
  `phone` varchar(256) NOT NULL,
  `city` varchar(256) NOT NULL,
  `area` varchar(256) NOT NULL,
  `address` longtext NOT NULL,
  `map_link` varchar(256) NOT NULL,
  `is_active` tinyint(1) NOT NULL,
  PRIMARY KEY (`id`)
) ENGINE=MyISAM AUTO_INCREMENT=27 DEFAULT CHARSET=latin1;
/*!40101 SET character_set_client = @saved_cs_client */;

--
-- Dumping data for table `services_dealers`
--

LOCK TABLES `services_dealers` WRITE;
/*!40000 ALTER TABLE `services_dealers` DISABLE KEYS */;
INSERT INTO `services_dealers` VALUES (1,'Tyre Park Electronic','Shivshankar','Car','Dealer Network','elc@cherryagencies.com','9972295683','Bangalore','Electronic City','# 9&10, surya complex, next to airtel office, konappana agrahara, Electronic city Bangalore 100\r\n','https://goo.gl/maps/oH5jazKNCdF2',1),(2,'Tyre Park Indiranaga','Bhaskar Rao','Car','Dealer Network','inr@cherryagencies.com','9591003322','Bangalore','Double Road','# 218, double road, next to adigas hotel, Indiranagar, Bangalore 560038\r\n','https://goo.gl/maps/wBgg7bk67z52',1),(3,'Tyre Park BTM','Shivakumar','Car','Dealer Network','btm@cherryagencies.com','9972439010','Bangalore','BTM Layout, 2nd stage','# 435, 7th Main, BTM 2nd stage, near SBT, Bangalore 560076\r\n','https://goo.gl/maps/M1RK29PRT382',1),(4,'Tyre Park KH Road','Gopi','Car','Dealer Network','khr@cherryagencies.com','9741009955','Bangalore','KH Road, Shantinagar','# 1 KH Road, opp to Petrol bunk, Shantinagar, Bangalore 560027\r\n','https://goo.gl/maps/dC1HgHGqH5N2',1),(5,'Tyre Park Rajajinaga','Nataraj','Car','Dealer Network','rnr@cherryagencies.com','9900023782','Bangalore','Rajajinagar 4th Block','#1047/48, 4th Block, Dr Rajkumar Road Entrance, Rajajinagar, Inside Bharat petrol Bunk, Bangalore 560002\r\n','https://goo.gl/maps/Se3NbYXPh512',1),(6,'Tyre Park Jayanagar','Islamuddin','Car','Dealer Network','jnr@cherryagencies.com','9900012483','Bangalore','Jayanagar 4th Block','#1579, Arobindo marg, 11th main road, 4th T block, East, Patabhiramnagar Jayanagar Bangalore 560041\r\n','https://goo.gl/maps/kcq8JG5A1fE2',1),(7,'Tyre Park BFH JC roa','Basavaraj','Car','Dealer Network','bfh@cherryagencies.com','9591003322','Bangalore','JC Road','Journalist colony, JC road, Bangalore 560002\r\n','https://goo.gl/maps/ctemNSg83Dm',1),(8,'Tyre Park Yeshwanthp','Madhu','Car','Dealer Network','ypr@cherryagencies.com','9900037081','Bangalore','Yeshwanthpur, Tumkur Road','# 6, Mookambika Avenue, Near RNS motors, Tumkur road, Yeshwanthpura, Bangalore 560022\r\n','https://goo.gl/maps/UMfkPSqUhk12',1),(9,'Manu PitStop','Kishan','Car','Dealer Network','kishan_ind@yahoo.com','9008008009','Bangalore','Kormangala, 8th Block','# 4, Ground Floor, 5th Main Road, Koramangala 8th Block, Bangalore - 560095\r\n','https://goo.gl/maps/ou3ivn5h2f82',1),(10,'Shine N Ride','Prakhyat','Car','Dealer Network','director@thebosscarz.com','8431919999/8197079999','Bangalore','JP Nagar, 2nd Phase','# 12,23rdh A Main, 7th A cross, JP nagar, 2nd phase, opp to RV Dental college Bangalore 560078\r\n','https://goo.gl/maps/T8wTJZY96Em',1),(11,'Auto Fusion','Thouqeer Khan','Car','Dealer Network','thouqeer@yahoo.com','9845004858','Bangalore','Kormangala, 80ft Road','#12, patel Narayan Reddy Layout, 80 ft road, 6th block Koramangala, Bangalore 560095\r\n','https://goo.gl/maps/UANfDmnLrbu',1),(12,'Sudarshan Express Ca','Purushottam','Car','Dealer Network','sudarshanexpresscarcare.in@gmail.com','9844824229/9844784229','Bangalore','Begur, Near SNN raj Neeladri Appartment','# 107, Doddathogur, Bettadasapura Circle, behind SNN Raj Neeladri Apartments, Begur, Hobli, Bangalore 560100\r\n','https://goo.gl/maps/iMjSVhunBSA2',1),(13,'Express Car Care HSR','Ravi Kiran','Car','Dealer Network','info@expresscarcare.in','9986666647/9945098452','Bangalore','HSR layout, Sector 1','#1780,80 ft road, HSR layout, Sector 1, 19th main road, Bangalore 560102\r\n','https://goo.gl/maps/pwLXdJnCLVL2',1),(14,'Rapid Car Care','Abhishek','Car','Dealer Network','rapidcarcare12@gmail.com','8497858687/7760550055','Bangalore','BEML Layout, RR Nagar','# 1163, Pandit Jawaharlal Nehru Road, BEML Layout, RR Nagar, Bangalore 560098\r\n','https://goo.gl/maps/Mfz6KAen2xT2',1),(15,'Refresh Car Spa','Narendra','Car','Dealer Network','refreshcarspa@gmail.com','9945225696','Bangalore','Sarjapur Road','# 12/5, Koikondana halli, Varthur Hobli, Sarjapur Road, Bangalore 560037 Market Square\r\n','https://goo.gl/maps/3sRiRmJeF9s',1),(16,'Konark Jayanagar','Rajendra','Car','Dealer Network','konarks.rajendra@gmail.com','9448517921','Bangalore','Jayanagar 9th Block','# 473, East End Road, Jayanagar 9th Block, Bangalore 560069, opp to reddy hospital\r\n','https://goo.gl/maps/6LZnrCboKUv',1),(17,'Car Wash N Wipe','Jijo','Car','Door step service','carwashnwipe@gmail.com','9008474444/9663602575','Bangalore','Mathikere, Gokula Extension','#785, MES Ring Road, Gokula Extension, Gokula Extension, Bangalore - 560054\r\n','https://goo.gl/maps/HNE1wsbjmX32',1),(18,'Ultimate Cars BOSCH','Arun','Car','Dealer Network','sridhar@wellnetservices.com','8867771666','Bangalore','Vidyaranyapura Main Road','# 74, Vidyaranyapura Main Road, Vidyaranyapura, Bangalore - 560097, Opposite Goverment School (Map)\r\n','https://goo.gl/maps/5Cq3oHKnhWq',1),(19,'SR Motors BOSCH','Bharath','Car','Dealer Network','srmotors97@yahoo.co.in','9632181888','Bangalore','Whitefield, Graphite Road','# 13/2, 13/3, Hoodi Graphite Road, Mahadevapura, Bangalore - 560048, Opposite Tyco Electronics (Map)\r\n','https://goo.gl/maps/qk3smtbAkbK2',1),(20,'Aarya Car Wash & Spa','Naveen Kumar','Car','Dealer Network','aaryacarspa@gmail.com','8553449595','Bangalore','Sahakaranagar, Rajeev Gandhi Nagar','AMCO layout main road Rajeev Gandhi Nagar, Sahakara Nagar, Bangalore - 560092, Near Narayana Olympiad school (Map)\r\n','https://goo.gl/maps/VQtJ1yccL212',1),(21,'Moto Adda','Avinash Rao','Car','Dealer Network','avinash@motoadda.com','8722912345','Bangalore','Frazer town','# 52, CMH Road, Indiranagar 2nd Stage, Bangalore 560038\r\n','https://goo.gl/maps/SucDtKSZ92y',1),(22,'Imagine Pest Control','Prabhakar','Pest Control-Homes/office','Dealer Network','imaginepestservices@gmail.com','9686190097/9448676634','Bangalore','HAL 3rd stage, Indiranagar','# 39, 515 Colony, HAL 3rd Stage, New Thippasandra, Bangalore 560075\r\n','https://goo.gl/maps/dFUHm4JFGRy',1),(23,'Bestserve Pest Contr','Prashanth Shetty','Pest Control-Homes/office','Dealer Network','info@bestserve.in','9036666601','Bangalore','Hulimavu, Near DLF new town','#372/2, G floor, Lokesh Building, Hogebandi Gargen, Next to DLF new town, Hulimavu road, Begur, Akshaya nagara, Bangalore 560068\r\n','https://goo.gl/maps/nivfo8u3XMm',1),(24,'Minerva Motors','Gurudas Shetty','Car','Dealer Network','minervamotorsone@gmail.com','9341234360/9900008800','Bangalore','Thyagaraja Nagar','#16, 13th A Cross, 2nd Block, Opp to Bharath Petrol Bunk, Thyagarajanagar, Bangalore 560028\r\n','https://goo.gl/maps/zVhsEYbTdZ12',1),(25,'Rotech Motors','Dinesh','Car','Dealer Network','rotechmotorsblr@gmail.com','9448059451','Bangalore','Nagarbhavi','#2, 2nd Cross, Papareddy palya, Opp to SBI Bank, Nagarbhavi 2nd Stage, Bangalore 560072\r\n','https://goo.gl/maps/hApmdwRNR232',1),(26,'Car Zippi','Suman Howlader','Car','Door step service','info@carzippi.com','9741376000','Bangalore','JP Nagar, 2nd Phase','#950, 24th main, JP Nagar phase 2, Bengaluru 560078\r\n','https://goo.gl/maps/VwAmoPKWByr',1);
/*!40000 ALTER TABLE `services_dealers` ENABLE KEYS */;
UNLOCK TABLES;

--
-- Table structure for table `services_dealerstype`
--

DROP TABLE IF EXISTS `services_dealerstype`;
/*!40101 SET @saved_cs_client     = @@character_set_client */;
/*!40101 SET character_set_client = utf8 */;
CREATE TABLE `services_dealerstype` (
  `id` int(11) NOT NULL AUTO_INCREMENT,
  `description` varchar(255) NOT NULL,
  PRIMARY KEY (`id`)
) ENGINE=MyISAM AUTO_INCREMENT=5 DEFAULT CHARSET=latin1;
/*!40101 SET character_set_client = @saved_cs_client */;

--
-- Dumping data for table `services_dealerstype`
--

LOCK TABLES `services_dealerstype` WRITE;
/*!40000 ALTER TABLE `services_dealerstype` DISABLE KEYS */;
INSERT INTO `services_dealerstype` VALUES (1,'Authorized Delaer'),(2,'Retail Network'),(3,'Branch Office'),(4,'Service Provider');
/*!40000 ALTER TABLE `services_dealerstype` ENABLE KEYS */;
UNLOCK TABLES;

--
-- Table structure for table `services_employee`
--

DROP TABLE IF EXISTS `services_employee`;
/*!40101 SET @saved_cs_client     = @@character_set_client */;
/*!40101 SET character_set_client = utf8 */;
CREATE TABLE `services_employee` (
  `baseuser_ptr_id` int(11) NOT NULL,
  `name` varchar(255) NOT NULL,
  `current_address` varchar(255) NOT NULL,
  `permanent_address` varchar(255) NOT NULL,
  `pan_number` varchar(10) NOT NULL,
  `date_of_birth` date NOT NULL,
  `hire_date` date NOT NULL,
  `emergency_contact_name` varchar(255) NOT NULL,
  `emergency_contact_phone` varchar(10) NOT NULL,
  `emergency_contact_relation` varchar(30) NOT NULL,
  `is_admin` tinyint(1) NOT NULL,
  `createdBy_id` int(11) NOT NULL,
  PRIMARY KEY (`baseuser_ptr_id`),
  KEY `services_employee_c35609d3` (`createdBy_id`)
) ENGINE=MyISAM DEFAULT CHARSET=latin1;
/*!40101 SET character_set_client = @saved_cs_client */;

--
-- Dumping data for table `services_employee`
--

LOCK TABLES `services_employee` WRITE;
/*!40000 ALTER TABLE `services_employee` DISABLE KEYS */;
INSERT INTO `services_employee` VALUES (2,'Sridhar Prasad','G 76, 4th N Block, 59th B Cross, Rajajinagar, Bangalore','G 76, 4th N Block, 59th B Cross, Rajajinagar, Bangalore','AJFPP2358E','1976-08-04','2016-04-15','Swetha Prasad','9986362311','Wife',1,1),(3,'Hitesh ','#48, 1st main 3rd cross AMCO layout, Sahakarnagar Post, Bangalore 560092','#48, 1st main 3rd cross AMCO layout, Sahakarnagar Post, Bangalore 560092','AFDPH8200D','1992-02-10','2016-04-18','Aruna B P','9845511978','Mother',0,2),(4,'Shailendra A M','Hanuman Nilaya, Bhatarahalli, Near Garden City Collage','# 3/138, Sri Shaila Nivasa, Opp to Water Tank, Tarabalu Extension, Chitradurga ','ABCDE1234G','1992-05-19','2016-04-04','Malikarjun','9844500409','Father',0,2),(6,'Suresh T N','Wellnet services Pvt ltd','Wellnet services pvt ltd','ABCDE1234G','1976-01-01','2016-04-18','Shilpa','9945617240','Wife',0,2),(25,'Darshan M','No 524, 2nd cross, basweshwarnagar, near Pavithra paradise, Bangalore','#1867/141, 3rd cross, chickamani layout, Davangere, Bangalore','AEFP1234G','1992-07-19','2016-05-11','Rakesh','8970856373','Brother',0,2),(36,'Suhas Srivastsa','#37,2nd main, AHB Society, RMV 2nd stage, Sanjaynagar Bangalore: 560094','#37,2nd main, AHB Society, RMV 2nd stage, Sanjaynagar Bangalore: 560094','CFMPS8431N','1989-04-27','2016-09-12','H Srinivasa Murthy','9449440778','Father',0,2),(42,'Arjun Vasista','# 45, 2nd main 2nd cross, Chandrashekar layout, Srigandhadha kavalu, Vishwanedam post\r\nBangalore:-91','Hindumane Service station, JOG road, Sagar, Shivamogga district','ALNPN8651N','1989-05-17','2016-10-17','Narahari K S','9481672585','Father',0,2),(43,'Bahubali Yamakanmarde','174, AGB layout, chicksandra, near union bank, Ashraya PG, Bangalore','S/o Ravasaheb Yamakanmarde, Gavani, Gavan, Belgaum, \r\ntavandi, Karnataka, 591237','AOBPY9652F','1992-07-15','2016-10-17','Ravasaheb Yamakanmarde','8884399852','Father',0,2),(57,'Rohith Goutham','wellnet services','wellnet services','xyzzzzzzz','1988-12-21','2017-11-02','sridhar','9900544331','Colleague',1,1),(59,'Keyur A Sadadhara','C-403 Om Shanti Residency, Opp Sevenday School, Nicol, Ahmedabad - 382350','C-403 Om Shanti Residency, Opp Sevenday School, Nicol, Ahmedabad - 382350','FDDPS4844D','1995-08-18','2017-12-07','Atul Bhai ','9904723766','Father',0,57),(60,'LalMon PP','Pulickal House, Manjapra PO, Nadamurry, Ernakulam - 683581','Pulickal House, Manjapra PO, Nadamurry, Ernakulam - 683581','BHBPP7879P','1986-05-06','2017-12-07','Mrs Lalmon','9645803309','Wife',0,57),(61,'Anup Devidas Borkhade','Umiya Complex, \"F\" Wing, 4th Floor, No. 402, Manjari, Badlapur West, Mumbai - 421503','Umiya Complex, \"F\" Wing, 4th Floor, No. 402, Manjari, Badlapur West, Mumbai - 421503','BHQPB8636R','1976-05-28','2017-12-08','Mrs Anup','9284551478','Wife',0,57),(62,'Girish Uday Sanas','202, 2nd Floor, Govind Appt, Madhali Ali Pali, Tal - Sudhagad, Dist - Raigad - 410205','202, 2nd Floor, Govind Appt, Madhali Ali Pali, Tal - Sudhagad, Dist - Raigad - 410205','CPUPS6772Q','1987-05-20','2017-12-07','Uday D Sanas','9273253614','Father',0,57),(63,'Alex V Gervin','13/111/1, Kulathuparaivillai, Oliziporai, Poollel PO, KK Dist - 627159','13/111/1, Kulathuparaivillai, Oliziporai, Poollel PO, KK Dist - 627159','xyz','1992-03-21','2017-10-18','Paul Einstein','9789715426','Brother',0,57),(64,'Kamal Kumar','20-05/11, Ambedkar Nagar, Gavarapallem, Anakapalli, Visakhapatnam Dist, Andra Pradesh','20-05/11, Ambedkar Nagar, Gavarapallem, Anakapalli, Visakhapatnam Dist, Andra Pradesh','AWFPD1498N','1987-10-27','2017-12-07','Satish','7899818403','Brother',0,57),(65,'Uttam Kumar Ghosh','275/1(26), Vivekananda Road, Vivekpalli, Sheoraphully, Hooghly - 712223','275/1(26), Vivekananda Road, Vivekpalli, Sheoraphully, Hooghly - 712223','BGTPGO555L','1993-11-13','2017-12-07','Mrs Sushanta','8100838212','Mother',0,57),(66,'Akhil Kaushik','E-9, Madanpura Oil Mill Gate Modinagar, Ghaziabad','E-9, Madanpura Oil Mill Gate Modinagar, Ghaziabad','EGSPK3247P','1994-05-01','2017-12-07','Umesh Kumar Kaushik','8958119014','Father',0,57),(67,'Amit Kumar','#1, PO Rajguru Nagar, Barewal Fatehpur, Awana, Ludhiana, Punjab - 141012','#1, PO Rajguru Nagar, Barewal Fatehpur, Awana, Ludhiana, Punjab - 141012','FVVPK9475A','1994-04-02','2017-12-07','Arvinder','9872067888','Brother',0,57),(68,'Deepak Mishra','No - 39, Raghubir Nagar, Rajori Garden Metro, Delhi','No - 39, Raghubir Nagar, Rajori Garden Metro, Delhi','ASCPM9544M','1988-10-15','2017-09-18','SP Mishra','9415463183','Father',0,57),(103,'Anil Kumar K N','B2 -106 Janapriya 1st Avenue Nelamangala, Bangalore 562123','B2 -106 Janapriya 1st Avenue Nelamangala, Bangalore 562123','AHCPA9238M','1979-05-22','2018-02-02','Smitha Anil Kumar','9900446262','Wife',0,57),(181,'Tom T George','Thiruthanathil house, Manjapra PO, Nadamury, Ernakulam District, Kerala - 683581\r\n','Thiruthanathil house, Manjapra PO, Nadamury, Ernakulam District, Kerala - 683581','AYPPT3623H','1990-12-03','2018-02-26','Sam T George','9495969022','Brother',0,57);
/*!40000 ALTER TABLE `services_employee` ENABLE KEYS */;
UNLOCK TABLES;

--
-- Table structure for table `services_exportxls`
--

DROP TABLE IF EXISTS `services_exportxls`;
/*!40101 SET @saved_cs_client     = @@character_set_client */;
/*!40101 SET character_set_client = utf8 */;
CREATE TABLE `services_exportxls` (
  `id` int(11) NOT NULL AUTO_INCREMENT,
  `model_type` int(11) NOT NULL,
  `from_date` date DEFAULT NULL,
  `to_date` date DEFAULT NULL,
  PRIMARY KEY (`id`)
) ENGINE=MyISAM AUTO_INCREMENT=45 DEFAULT CHARSET=latin1;
/*!40101 SET character_set_client = @saved_cs_client */;

--
-- Dumping data for table `services_exportxls`
--

LOCK TABLES `services_exportxls` WRITE;
/*!40000 ALTER TABLE `services_exportxls` DISABLE KEYS */;
INSERT INTO `services_exportxls` VALUES (1,6,'2017-12-03','2017-12-06'),(2,1,'2018-01-01','2018-01-10'),(3,1,'2018-01-15','2018-01-23'),(4,1,'2018-01-01','2018-01-23'),(5,1,'2018-01-01','2018-01-23'),(6,2,'2017-09-13','2018-02-07'),(7,6,NULL,NULL),(8,6,NULL,NULL),(9,1,'2018-01-01','2018-01-31'),(10,1,'2018-01-01','2018-01-31'),(11,1,'2018-01-01','2018-01-31'),(12,1,'2018-02-14','2018-02-22'),(13,1,'2018-02-14','2018-02-22'),(14,1,'2018-02-14','2018-02-22'),(15,1,'2018-02-14','2018-02-22'),(16,1,'2018-02-14','2018-02-22'),(17,1,'2018-02-14','2018-02-22'),(18,1,'2018-02-14','2018-02-22'),(19,1,'2018-02-14','2018-02-22'),(20,1,'2018-02-14','2018-02-22'),(21,1,'2018-02-14','2018-02-22'),(22,2,'2017-09-13','2018-03-05'),(23,2,'2017-12-01','2018-02-28'),(24,1,'2018-01-01','2018-02-28'),(25,1,'2018-02-01','2018-02-28'),(26,1,'2017-09-13','2018-03-07'),(27,1,'2017-09-13','2018-03-07'),(28,1,'2017-09-13','2018-03-07'),(29,1,'2017-09-13','2018-03-07'),(30,1,'2017-09-13','2018-03-07'),(31,1,'2017-09-13','2018-03-07'),(32,1,'2018-03-01','2018-03-08'),(33,1,'2017-09-01','2018-03-08'),(34,1,'2018-03-01','2018-03-08'),(35,1,'2018-02-01','2018-02-28'),(36,1,'2018-01-01','2018-01-31'),(37,1,'2017-12-01','2017-12-31'),(38,1,'2018-01-01','2018-03-17'),(39,1,'2018-01-01','2018-02-28'),(40,2,'2018-02-01','2018-02-28'),(41,2,'2018-02-01','2018-02-28'),(42,1,'2018-01-01','2018-01-31'),(43,1,'2018-02-01','2018-02-28'),(44,1,'2018-03-01','2018-03-17');
/*!40000 ALTER TABLE `services_exportxls` ENABLE KEYS */;
UNLOCK TABLES;

--
-- Table structure for table `services_fieldemployeesactivityreport`
--

DROP TABLE IF EXISTS `services_fieldemployeesactivityreport`;
/*!40101 SET @saved_cs_client     = @@character_set_client */;
/*!40101 SET character_set_client = utf8 */;
CREATE TABLE `services_fieldemployeesactivityreport` (
  `id` int(11) NOT NULL AUTO_INCREMENT,
  `date` date NOT NULL,
  `createdBy_id` int(11) NOT NULL,
  PRIMARY KEY (`id`),
  KEY `services_fieldemployeesactivityreport_c35609d3` (`createdBy_id`)
) ENGINE=MyISAM AUTO_INCREMENT=289 DEFAULT CHARSET=latin1;
/*!40101 SET character_set_client = @saved_cs_client */;

--
-- Dumping data for table `services_fieldemployeesactivityreport`
--

LOCK TABLES `services_fieldemployeesactivityreport` WRITE;
/*!40000 ALTER TABLE `services_fieldemployeesactivityreport` DISABLE KEYS */;
INSERT INTO `services_fieldemployeesactivityreport` VALUES (1,'2017-12-07',2),(2,'2017-12-12',62),(3,'2017-12-12',66),(4,'2017-12-12',62),(5,'2017-12-13',66),(6,'2017-12-13',62),(7,'2017-12-14',66),(8,'2017-12-14',62),(9,'2017-12-15',62),(10,'2017-12-18',62),(11,'2017-12-18',66),(12,'2017-12-19',62),(13,'2017-12-19',66),(14,'2017-12-20',62),(15,'2017-12-20',66),(16,'2017-12-21',67),(17,'2017-12-21',65),(18,'2017-12-20',59),(19,'2017-12-20',59),(20,'2017-12-21',66),(21,'2017-12-21',65),(22,'2017-12-21',59),(23,'2017-12-21',59),(24,'2017-12-21',65),(25,'2017-12-21',68),(26,'2017-12-21',68),(27,'2017-12-21',68),(28,'2017-12-21',68),(29,'2017-12-21',68),(30,'2017-12-21',68),(31,'2017-12-21',62),(32,'2017-12-29',66),(33,'2017-12-29',67),(34,'2017-12-29',62),(35,'2017-12-30',65),(36,'2018-01-03',62),(37,'2018-01-03',67),(38,'2018-01-04',62),(39,'2018-01-04',67),(40,'2018-01-05',62),(41,'2018-01-06',67),(42,'2018-01-06',62),(43,'2018-01-08',62),(44,'2018-01-08',67),(45,'2018-01-09',67),(46,'2018-01-09',62),(47,'2018-01-09',66),(48,'2018-01-10',64),(49,'2018-01-10',64),(50,'2018-01-10',64),(51,'2018-01-10',67),(52,'2018-01-10',62),(53,'2018-01-10',66),(54,'2018-01-11',62),(55,'2018-01-11',67),(56,'2018-01-12',67),(57,'2018-01-12',62),(58,'2018-01-11',66),(59,'2018-01-12',66),(60,'2018-01-13',62),(61,'2018-01-13',66),(62,'2018-01-15',67),(63,'2018-01-15',62),(64,'2018-01-15',66),(65,'2018-01-16',65),(66,'2018-01-16',67),(67,'2018-01-16',62),(68,'2018-01-16',66),(69,'2018-01-17',65),(70,'2018-01-17',66),(71,'2018-01-17',62),(72,'2018-01-17',67),(73,'2018-01-18',67),(74,'2018-01-18',66),(75,'2018-01-19',66),(76,'2018-01-18',62),(77,'2018-01-19',67),(78,'2018-01-19',65),(79,'2018-01-19',62),(80,'2018-01-20',62),(81,'2018-01-20',67),(82,'2018-01-20',65),(83,'2018-01-20',66),(84,'2018-01-22',67),(85,'2018-01-22',62),(86,'2018-01-22',66),(87,'2018-01-23',65),(88,'2018-01-23',62),(89,'2018-01-23',66),(90,'2018-01-23',67),(91,'2018-01-24',65),(92,'2018-01-24',66),(93,'2018-01-24',67),(94,'2018-01-24',62),(95,'2018-01-24',64),(96,'2018-01-24',64),(97,'2018-01-25',67),(98,'2018-01-25',65),(99,'2018-01-25',62),(100,'2018-01-25',66),(101,'2018-01-24',63),(102,'2018-01-25',63),(103,'2018-01-27',65),(104,'2018-01-27',66),(105,'2018-01-27',67),(106,'2018-01-27',62),(107,'2018-01-29',63),(108,'2018-01-29',62),(109,'2018-01-29',65),(110,'2018-01-29',67),(111,'2018-01-29',66),(112,'2018-01-30',67),(113,'2018-01-30',62),(114,'2018-01-30',59),(115,'2018-01-30',59),(116,'2018-01-30',66),(117,'2018-01-30',63),(118,'2018-01-31',65),(119,'2018-01-31',62),(120,'2018-01-31',67),(121,'2018-01-31',66),(122,'2018-01-31',63),(123,'2018-02-01',65),(124,'2018-02-01',59),(125,'2018-02-01',67),(126,'2018-02-01',62),(127,'2018-02-02',65),(128,'2018-02-02',67),(129,'2018-02-01',66),(130,'2018-02-02',66),(131,'2018-02-02',62),(132,'2018-02-03',62),(133,'2018-02-03',65),(134,'2018-02-03',67),(135,'2018-02-03',66),(136,'2018-02-05',65),(137,'2018-02-05',67),(138,'2018-02-06',67),(139,'2018-02-05',66),(140,'2018-02-06',66),(141,'2018-02-06',63),(142,'2018-02-05',62),(143,'2018-02-06',62),(144,'2018-02-07',62),(145,'2018-02-07',61),(146,'2018-02-07',63),(147,'2018-02-08',67),(148,'2018-02-08',62),(149,'2018-02-09',67),(150,'2018-02-08',66),(151,'2018-02-07',66),(152,'2018-02-09',63),(153,'2018-02-09',62),(154,'2018-02-10',67),(155,'2018-02-10',65),(156,'2018-02-09',66),(157,'2018-02-10',66),(158,'2018-02-10',62),(159,'2018-02-12',62),(160,'2018-02-12',67),(161,'2018-02-12',66),(162,'2018-02-13',67),(163,'2018-02-14',63),(164,'2018-02-14',67),(165,'2018-02-14',62),(166,'2018-02-14',62),(167,'2018-02-15',62),(168,'2018-02-15',66),(169,'2018-02-13',66),(170,'2018-02-14',66),(171,'2018-02-15',66),(172,'2018-02-15',67),(173,'2018-02-15',64),(174,'2018-02-16',63),(175,'2018-02-15',63),(176,'2018-02-16',67),(177,'2018-02-16',65),(178,'2018-02-16',64),(179,'2018-02-16',62),(180,'2018-02-16',66),(181,'2018-02-17',62),(182,'2018-02-17',66),(183,'2018-02-17',63),(184,'2018-02-17',67),(185,'2018-02-19',61),(186,'2018-02-19',67),(187,'2018-02-19',65),(188,'2018-02-19',62),(189,'2018-02-19',66),(190,'2018-02-19',64),(191,'2018-02-19',64),(192,'2018-02-19',63),(193,'2018-02-20',65),(194,'2018-02-20',63),(195,'2018-02-20',67),(196,'2018-02-20',62),(197,'2018-02-20',61),(198,'2018-02-20',66),(199,'2018-02-21',61),(200,'2018-02-21',63),(201,'2018-02-21',67),(202,'2018-02-21',66),(203,'2018-02-21',64),(204,'2018-02-22',61),(205,'2018-02-22',67),(206,'2018-02-22',66),(207,'2018-02-21',62),(208,'2018-02-22',62),(209,'2018-02-22',63),(210,'2018-02-23',65),(211,'2018-02-23',62),(212,'2018-02-23',61),(213,'2018-02-23',67),(214,'2018-02-24',67),(215,'2018-02-24',62),(216,'2018-02-26',67),(217,'2018-02-26',66),(218,'2018-02-23',66),(219,'2018-02-24',66),(220,'2018-02-26',62),(221,'2018-02-27',62),(222,'2018-02-28',67),(223,'2018-02-28',65),(224,'2018-02-27',66),(225,'2018-02-28',66),(226,'2018-03-01',66),(227,'2018-03-01',67),(228,'2018-02-28',62),(229,'2018-03-01',62),(230,'2018-03-03',62),(231,'2018-03-03',62),(232,'2018-03-03',61),(233,'2018-03-03',67),(234,'2018-03-05',65),(235,'2018-03-05',62),(236,'2018-03-05',61),(237,'2018-03-05',61),(238,'2018-03-05',66),(239,'2018-03-02',66),(240,'2018-03-03',66),(241,'2018-03-05',63),(242,'2018-03-05',67),(243,'2018-03-05',67),(244,'2018-03-06',64),(245,'2018-03-06',67),(246,'2018-03-06',63),(247,'2018-03-06',61),(248,'2018-03-06',61),(249,'2018-03-06',61),(250,'2018-03-07',67),(251,'2018-03-05',66),(252,'2018-03-06',66),(253,'2018-03-07',66),(254,'2018-03-08',65),(255,'2018-03-08',67),(256,'2018-03-08',66),(257,'2018-03-09',67),(258,'2018-03-06',62),(259,'2018-03-07',62),(260,'2018-03-08',62),(261,'2018-03-09',62),(262,'2018-03-10',65),(263,'2018-03-10',65),(264,'2018-03-10',67),(265,'2018-03-12',63),(266,'2018-03-12',67),(267,'2018-03-12',64),(268,'2018-03-13',67),(269,'2018-03-14',67),(270,'2018-03-10',62),(271,'2018-03-12',62),(272,'2018-03-13',62),(273,'2018-03-14',62),(274,'2018-03-15',62),(275,'2018-03-16',65),(276,'2018-03-16',67),(277,'2018-03-09',66),(278,'2018-03-10',66),(279,'2018-03-12',66),(280,'2018-03-14',66),(281,'2018-03-16',66),(282,'2018-03-17',64),(283,'2018-03-17',67),(284,'2018-03-18',68),(285,'2018-03-16',62),(286,'2018-03-17',62),(287,'2018-03-19',62),(288,'2018-03-19',67);
/*!40000 ALTER TABLE `services_fieldemployeesactivityreport` ENABLE KEYS */;
UNLOCK TABLES;

--
-- Table structure for table `services_inventoryinvoice`
--

DROP TABLE IF EXISTS `services_inventoryinvoice`;
/*!40101 SET @saved_cs_client     = @@character_set_client */;
/*!40101 SET character_set_client = utf8 */;
CREATE TABLE `services_inventoryinvoice` (
  `id` int(11) NOT NULL AUTO_INCREMENT,
  `delivery_date` date NOT NULL,
  `security_deposite_amount` decimal(30,2) NOT NULL,
  `cheque_dd_number` varchar(15) DEFAULT NULL,
  `cheque_dd_date` date NOT NULL,
  `utr_number` varchar(30) DEFAULT NULL,
  `transfer_date` date DEFAULT NULL,
  `bank_name` varchar(255) DEFAULT NULL,
  `bank_branch` varchar(255) DEFAULT NULL,
  `realisation_date` date DEFAULT NULL,
  `settlement_amount` decimal(30,2) DEFAULT NULL,
  `settlement_date` date DEFAULT NULL,
  `goods_sold` tinyint(1) NOT NULL,
  `difference_amount` decimal(30,2) DEFAULT NULL,
  `difference_cheque_dd_number` varchar(15) DEFAULT NULL,
  `difference_cheque_dd_date` date DEFAULT NULL,
  `difference_utr_number` varchar(30) DEFAULT NULL,
  `difference_transfer_date` date DEFAULT NULL,
  `difference_bank_name` varchar(255) DEFAULT NULL,
  `difference_bank_branch` varchar(255) DEFAULT NULL,
  `difference_realisation_date` date DEFAULT NULL,
  `goods_price` decimal(30,2) DEFAULT NULL,
  `send_receipt` tinyint(1) NOT NULL,
  `created_date` date NOT NULL,
  `updated` date NOT NULL,
  `difference_payment_type_id` int(11) DEFAULT NULL,
  `machine_id` int(11) NOT NULL,
  `payment_type_id` int(11) NOT NULL,
  `createdBy_id` int(11) NOT NULL,
  `partner_id` int(11) NOT NULL,
  `updatedBy_id` int(11) NOT NULL,
  PRIMARY KEY (`id`),
  KEY `services_inventoryinvoice_152aa54d` (`difference_payment_type_id`),
  KEY `services_inventoryinvoice_a9374927` (`machine_id`),
  KEY `services_inventoryinvoice_1e6d9cc6` (`payment_type_id`),
  KEY `services_inventoryinvoice_c35609d3` (`createdBy_id`),
  KEY `services_inventoryinvoice_4e98b6eb` (`partner_id`),
  KEY `services_inventoryinvoice_10d4336a` (`updatedBy_id`)
) ENGINE=MyISAM AUTO_INCREMENT=18 DEFAULT CHARSET=latin1;
/*!40101 SET character_set_client = @saved_cs_client */;

--
-- Dumping data for table `services_inventoryinvoice`
--

LOCK TABLES `services_inventoryinvoice` WRITE;
/*!40000 ALTER TABLE `services_inventoryinvoice` DISABLE KEYS */;
INSERT INTO `services_inventoryinvoice` VALUES (2,'2016-08-20',1.00,'','2016-08-20','','2016-08-20','','','2016-08-20',NULL,NULL,0,NULL,NULL,NULL,NULL,NULL,NULL,NULL,NULL,NULL,0,'2016-08-20','2016-08-20',NULL,3,4,4,33,4),(3,'2016-08-11',15000.00,'019557','2016-08-17','','2016-08-20','Corporation Bank','Akshaynagar','2016-08-20',NULL,NULL,0,NULL,'',NULL,'',NULL,'','',NULL,NULL,0,'2016-08-20','2016-09-12',NULL,4,1,4,31,2),(4,'2016-09-06',15000.00,'002841','2016-09-03','','2016-09-12','Bank of Baroda','Jayanagar 4th block','2016-09-05',NULL,NULL,0,NULL,NULL,NULL,NULL,NULL,NULL,NULL,NULL,NULL,0,'2016-09-12','2016-09-12',NULL,5,1,2,35,2),(5,'2016-10-05',10000.00,'623490','2016-10-05','','2016-10-05','Axis bank','Indiranagar','2016-10-05',NULL,NULL,0,NULL,NULL,NULL,NULL,NULL,NULL,NULL,NULL,NULL,0,'2016-10-05','2016-10-05',NULL,6,1,36,40,36),(6,'2016-09-20',1.00,'','2016-12-12','','2016-12-12','','','2016-12-12',NULL,NULL,0,NULL,NULL,NULL,NULL,NULL,NULL,NULL,NULL,NULL,0,'2016-12-12','2016-12-12',NULL,1,4,2,37,2),(7,'2016-10-08',1.00,'','2016-12-12','','2016-12-12','','','2016-12-12',NULL,NULL,0,NULL,NULL,NULL,NULL,NULL,NULL,NULL,NULL,NULL,0,'2016-12-12','2016-12-12',NULL,7,4,2,41,2),(8,'2016-10-01',1.00,'','2016-12-12','','2016-12-12','','','2016-12-12',NULL,NULL,0,NULL,NULL,NULL,NULL,NULL,NULL,NULL,NULL,NULL,0,'2016-12-12','2016-12-12',NULL,8,4,2,38,2),(9,'2016-10-24',1.00,'','2016-12-12','','2016-12-12','','','2016-12-12',NULL,NULL,0,NULL,NULL,NULL,NULL,NULL,NULL,NULL,NULL,NULL,0,'2016-12-12','2016-12-12',NULL,9,4,2,45,2),(10,'2016-11-15',18000.00,'404156','2016-11-15','','2016-12-12','ICICI Bank','Rajajinagar Bank','2016-11-17',NULL,NULL,0,NULL,NULL,NULL,NULL,NULL,NULL,NULL,NULL,NULL,0,'2016-12-12','2016-12-12',NULL,10,1,2,46,2),(12,'2016-12-08',15000.00,'000217','2016-12-09','','2016-12-12','Kotak Mahindra Bank','6th phase JP nagar','2016-12-12',NULL,NULL,0,NULL,NULL,NULL,NULL,NULL,NULL,NULL,NULL,NULL,0,'2016-12-12','2016-12-12',NULL,12,1,2,48,2),(13,'2016-10-25',1.00,'','2016-12-12','','2016-12-12','','','2016-12-12',NULL,NULL,0,NULL,NULL,NULL,NULL,NULL,NULL,NULL,NULL,NULL,0,'2016-12-12','2016-12-12',NULL,13,4,2,39,2),(14,'2017-01-07',20000.00,'273118','2017-01-05','','2017-01-09','Corporation Bank','Bommasandra','2017-01-07',NULL,NULL,0,NULL,NULL,NULL,NULL,NULL,NULL,NULL,NULL,NULL,0,'2017-01-09','2017-01-09',NULL,17,1,36,49,36),(15,'2017-01-07',15000.00,'971298','2017-01-07','','2017-01-09','SBI','Austin Town','2017-01-09',NULL,NULL,0,NULL,NULL,NULL,NULL,NULL,NULL,NULL,NULL,NULL,0,'2017-01-09','2017-01-09',NULL,18,1,36,52,36),(16,'2017-02-28',44310.00,'309913','2017-02-28','','2017-02-28','Indian Bank','New Thippasandra','2017-02-28',NULL,NULL,0,NULL,NULL,NULL,NULL,NULL,NULL,NULL,NULL,NULL,0,'2017-02-28','2017-02-28',NULL,16,1,36,53,36),(17,'2017-03-08',24265.00,'081829','2017-03-07','','2017-03-08','Federal Bank','Nelamangala','2017-03-07',NULL,NULL,0,NULL,NULL,NULL,NULL,NULL,NULL,NULL,NULL,NULL,0,'2017-03-08','2017-03-08',NULL,14,1,36,55,36);
/*!40000 ALTER TABLE `services_inventoryinvoice` ENABLE KEYS */;
UNLOCK TABLES;

--
-- Table structure for table `services_inventorymanagement`
--

DROP TABLE IF EXISTS `services_inventorymanagement`;
/*!40101 SET @saved_cs_client     = @@character_set_client */;
/*!40101 SET character_set_client = utf8 */;
CREATE TABLE `services_inventorymanagement` (
  `id` int(11) NOT NULL AUTO_INCREMENT,
  `packaging_number` varchar(256) NOT NULL,
  `size` varchar(256) NOT NULL,
  `date_of_receipt` date DEFAULT NULL,
  `expiry_date` date NOT NULL,
  `dispatch_date` date DEFAULT NULL,
  `current_ownership_id` int(11) NOT NULL,
  `product_name_id` int(11) NOT NULL,
  PRIMARY KEY (`id`),
  KEY `services_inventorymanagement_5d4769a5` (`current_ownership_id`),
  KEY `services_inventorymanagement_c3db7c31` (`product_name_id`)
) ENGINE=MyISAM DEFAULT CHARSET=latin1;
/*!40101 SET character_set_client = @saved_cs_client */;

--
-- Dumping data for table `services_inventorymanagement`
--

LOCK TABLES `services_inventorymanagement` WRITE;
/*!40000 ALTER TABLE `services_inventorymanagement` DISABLE KEYS */;
/*!40000 ALTER TABLE `services_inventorymanagement` ENABLE KEYS */;
UNLOCK TABLES;

--
-- Table structure for table `services_lead`
--

DROP TABLE IF EXISTS `services_lead`;
/*!40101 SET @saved_cs_client     = @@character_set_client */;
/*!40101 SET character_set_client = utf8 */;
CREATE TABLE `services_lead` (
  `id` int(11) NOT NULL AUTO_INCREMENT,
  `customer_name` varchar(100) NOT NULL,
  `company_name` varchar(255) NOT NULL,
  `mobile_number` varchar(10) NOT NULL,
  `landline_number` varchar(11) NOT NULL,
  `address` varchar(255) NOT NULL,
  `pin_code` varchar(6) NOT NULL,
  `call_source` int(11) NOT NULL,
  `product_demo` varchar(1) NOT NULL,
  `next_appointment` datetime(6) DEFAULT NULL,
  `comments` longtext NOT NULL,
  `registration_form` varchar(1) NOT NULL,
  `payment_collected` varchar(1) NOT NULL,
  `goods_delivered` varchar(1) NOT NULL,
  `cheque_dd_number` varchar(15) DEFAULT NULL,
  `created_date` date NOT NULL,
  `updated` date NOT NULL,
  `city_id` int(11) NOT NULL,
  `createdBy_id` int(11) NOT NULL,
  `reason_id` int(11) DEFAULT NULL,
  `status_id` int(11) NOT NULL,
  `updatedBy_id` int(11) NOT NULL,
  `channelpartner_id` int(11) DEFAULT NULL,
  PRIMARY KEY (`id`),
  KEY `services_lead_c7141997` (`city_id`),
  KEY `services_lead_c35609d3` (`createdBy_id`),
  KEY `services_lead_5ad5b844` (`reason_id`),
  KEY `services_lead_dc91ed4b` (`status_id`),
  KEY `services_lead_10d4336a` (`updatedBy_id`),
  KEY `services_lead_8078d0b9` (`channelpartner_id`)
) ENGINE=MyISAM AUTO_INCREMENT=170 DEFAULT CHARSET=latin1;
/*!40101 SET character_set_client = @saved_cs_client */;

--
-- Dumping data for table `services_lead`
--

LOCK TABLES `services_lead` WRITE;
/*!40000 ALTER TABLE `services_lead` DISABLE KEYS */;
INSERT INTO `services_lead` VALUES (29,'Sapthagiri motors','Sapthagiri motors','9480221222','0802342303','no612, 2nd main, 2nd block,\r\nrajaji nagar, bangalore','560010',1,'N',NULL,'03/05/2016 6:30:47 PM - no clients and man power','N','N','N','','2016-05-03','2016-05-03',1,3,3,2,3,NULL),(30,'Sapthagiri motors','Sapthgiri motors','9480221222','0802342303','No 612, 2nd main road, 2nd block,\r\nrajaji nagar, bangalore','560010',1,'N',NULL,'03/05/2016 6:35:27 PM - no clients and man power','N','N','N','','2016-05-03','2016-05-03',1,3,3,2,3,NULL),(31,'FN wheel balancing ','FN wheel balancing','9901542788','0000000000','Near TVS showroom, dr raj kumar road.\r\nrajaji nagar','560010',1,'N',NULL,'03/05/2016 6:39:20 PM - not into our segments','N','N','N','','2016-05-03','2016-05-03',1,3,3,2,3,NULL),(32,'Bhaskar','Cool Drive','8050220220','8050990990','Palace grounds, shivajinagar road.\r\nMekhri circle','560006',2,'Y','2016-05-12 05:30:00.000000','05/05/2016 9:15:11 AM - Customer is very much interested ','N','N','N','','2016-05-05','2016-05-05',1,3,1,1,3,NULL),(28,'Auto shoppe','Auto shoppe','9448275089','0000000000','near Navrang kabab corner,\r\ndr raj kumar road,\r\nrajaji nagar','560010',1,'N',NULL,'03/05/2016 6:25:46 PM - No man power and clients','N','N','N','','2016-05-03','2016-05-03',1,3,3,2,3,NULL),(26,'Mohammed baig','Happy wheels','9845688345','9898989898','#17  no3  kodigehalli main road sahakar nagar Bangalore','560092',2,'N','2016-05-01 11:30:00.000000','30/04/2016 3:52:37 PM - Cost','N','N','N','','2016-04-30','2016-04-30',1,4,9,4,4,NULL),(27,'Car design','Car design','9886368743','9999909089','Yelahanka new town','560064',1,'N','2016-05-01 11:30:00.000000','30/04/2016 3:56:14 PM - Cost','N','N','N','','2016-04-30','2016-04-30',1,4,9,4,4,NULL),(21,'Amar jain','Smart kars','9448785442','08023400800','#18, 10th main road, opp power house,\r\nWest of chord road, rajajinagar','560010',1,'Y','2016-05-02 05:30:00.000000','29/04/2016 6:39:49 PM - Final meeting with sir','N','N','N','','2016-04-29','2016-04-29',1,3,1,1,3,NULL),(22,'Tanveer','Bharath auto accessories','9900030555','08023114170','No 56, 10th cross, opp power house, \r\nWest of chord road, rajajinagar','560010',1,'Y','2016-05-02 07:30:00.000000','29/04/2016 6:44:19 PM - Meeting with shridar sir','N','N','N','','2016-04-29','2016-04-29',1,3,1,1,3,NULL),(23,'Car styles','Car styles','9845675200','08041288277','West of chord road, rajajinagar,','560010',1,'N',NULL,'29/04/2016 6:47:43 PM - Not interested, and not ready to invest soo much amount','N','N','N','','2016-04-29','2016-04-29',1,3,3,2,3,NULL),(24,'Sahara','Sahara cars planet','8033562250','0000000000','Yelahanka','560064',1,'Y','2016-05-01 04:30:00.000000','30/04/2016 3:36:09 PM - Effective','N','N','N','','2016-04-30','2016-04-30',1,4,1,1,4,NULL),(25,'Zoom','Zoom car dealers','9880755786','5454545454','Sahakara nagar','560092',1,'Y','2016-05-01 06:30:00.000000','30/04/2016 3:43:43 PM - Effective','N','N','N','','2016-04-30','2016-04-30',1,4,1,1,4,NULL),(19,'Friends auto spares','Friends auto spares','8023371393','0000000000','No.449/19 triveni road 5th main road yeshwathpura Bangalore','560022',1,'N',NULL,'28/04/2016 5:52:04 PM - Spare parts dealers not into service','N','N','N','','2016-04-28','2016-04-28',1,4,3,2,4,NULL),(20,'Basavaraju.M','Car designers','0000000000','08023507454','#56, 10th main road, opp K.E.B Power house.\r\nWest of chord road, shivanagar, rajajinagar','560010',1,'Y','2016-05-05 05:30:00.000000','29/04/2016 6:32:51 PM - Has to speak to the owner','N','N','N','','2016-04-29','2016-04-29',1,3,1,1,3,NULL),(17,'Vijay simha','Slnp pitstop','8041491995','9972544449','Yelahanka new town','560064',1,'N','2016-04-29 06:30:00.000000','28/04/2016 5:40:51 PM - Effective','N','N','N','','2016-04-28','2016-04-28',1,4,8,4,4,NULL),(18,'Car city','Car city','8033569654','2355677679','No.15 aditya nagar 1st stage,chikkabetehalli main road bel circle vidyaranyapuram Bangalore 56','560054',1,'N',NULL,'28/04/2016 5:47:55 PM - Company cant afford the customer','N','N','N','','2016-04-28','2016-04-28',1,4,3,2,4,NULL),(33,'Pradeep Krishna.K','Super Pest Control','9538199368','8792887388','N0 3/9, 2nd floor, kalpavriksha building,\r\n2nd main, 12th \' A\' cross,\r\nB.K.nagar\r\nYeshwanthpur','560022',1,'N','2016-05-07 03:30:00.000000','06/05/2016 9:48:42 AM - Free demo to be shown at customer place','N','N','N','','2016-05-06','2016-05-06',1,3,1,1,3,NULL),(34,'Narasimha murthy','National security and allied services','9743017666','08028397505','8th mile hesaraghtta main road opp reliance fresh near ramachandra hospital t dasarahalli Bangalore ','560057',1,'N','2016-05-09 05:30:00.000000','06/05/2016 12:45:51 PM - Good','N','N','N','','2016-05-06','2016-05-06',1,4,1,1,4,NULL),(35,'MANU','SGR Cars','9449053244','8431828777','#159, 5th phase, sachidananda nagar,\r\nHaligevaderahalli,\r\nRR nagar, Bangalore','560039',1,'N','2016-05-09 06:30:00.000000','06/05/2016 4:23:55 PM - Follow up','N','N','N','','2016-05-06','2016-05-06',1,3,1,1,3,NULL),(36,'Ideal','Ideal pest control','9902730004','9481094703','#67, 4th cross, \' E\' block\r\nKrishna gardens, pattanagare,\r\nRR nagar, bangalore','560059',1,'N','2016-05-09 09:30:00.000000','06/05/2016 4:33:35 PM - Follow up','N','N','N','','2016-05-06','2016-05-06',1,3,1,1,3,NULL),(37,'Riyaz pasha','Car n shine','9845389200','08040916187','#20/2 journalist colony mtb road Bangalore','560002',2,'N','2016-05-13 05:30:00.000000','11/05/2016 6:00:05 PM - Good','N','N','N','','2016-05-11','2016-05-11',1,4,1,1,4,NULL),(38,'Car base','Car base','9945419166','0000000099','Jc road 2nd cross mtb road Bangalore','560002',1,'N','2016-05-13 06:30:00.000000','11/05/2016 6:05:09 PM - Good','N','N','N','','2016-05-11','2016-05-11',2,4,1,1,4,NULL),(39,'Afzal','Motoware','9845679934','08041123233','#18,4/2 Residency road opp.konark hotel restaurant Bangalore','560025',1,'N','2016-05-14 07:30:00.000000','13/05/2016 3:48:58 PM - Good','N','N','N','','2016-05-13','2016-05-13',1,4,1,1,4,NULL),(40,'Farooq','Car galaxy','9845033692','08040919484','#46/B 36th cross east rnd main road opp to curry leaf restaurant nextto yamaha show room 9th block jaynagar Bangalore','560069',1,'Y','2016-05-14 09:30:00.000000','13/05/2016 3:53:58 PM - Good','N','N','N','','2016-05-13','2016-05-13',1,4,1,1,4,NULL),(41,'Ocean office ','Ocean office automation','9206193154','08041245821','No 59, jogpalya road, near anjaneya temple,\r\nUlsoor','560008',1,'N','2016-05-16 05:30:00.000000','13/05/2016 7:03:22 PM - Discussion with brother','N','N','N','','2016-05-13','2016-05-13',1,3,1,1,3,NULL),(42,'Gopi','Integrated pest control','7411032320','0000000000','No 24/1, 2nd main road, puttenahalli main road\r\nNext to Inchara hotel, below posh little, \r\nJP nagar 7th phase \r\n','560078',2,'Y','2016-05-18 05:30:00.000000','13/05/2016 7:08:26 PM - Demo required in customer place','N','N','N','','2016-05-13','2016-05-13',1,3,1,1,3,NULL),(43,'Musafir','Car craze','9844373784','0000000000','Next to Nandhini hotel\r\nJp nagar 6th phase','560078',1,'N',NULL,'13/05/2016 7:17:02 PM - Cant afford','N','N','N','','2016-05-13','2016-05-13',1,3,3,2,3,NULL),(44,'Musafir','Car craze','9844373784','0000000000','Next to Nandhini hotel\r\nJp nagar 6th phase','560078',1,'N',NULL,'13/05/2016 7:17:02 PM - Cant afford','N','N','N','','2016-05-13','2016-05-13',1,3,3,2,3,NULL),(45,'Crystal','Crystal agency','9886055106','0000000000','402, tilak nagar police station.\r\nSushas apartments,\r\n4th block jay nagar','560011',1,'N',NULL,'13/05/2016 7:36:07 PM - Cant afford','N','N','N','','2016-05-13','2016-05-13',1,3,3,2,3,NULL),(46,'Crystal','Crystal agency','9886055106','0000000000','402, tilak nagar police station.\r\nSushas apartments,\r\n4th block jay nagar','560011',1,'N',NULL,'13/05/2016 7:36:07 PM - Cant afford','N','N','N','','2016-05-13','2016-05-13',1,3,3,2,3,NULL),(47,'Tura hi care','Tura hi care','0872200000','0000000000','service road next to mosque, hennur cirle, outer ring road','560043',2,'N','2016-05-16 05:30:00.000000','14/05/2016 4:29:30 PM - price concern to be discussed ','N','N','N','','2016-05-14','2016-05-14',1,3,1,1,3,NULL),(48,'Vasanth raj','Pesterad services','9845597918','0000000000','No f-9, 1st floor, bosco court,\r\nGandhi bazaar main road\r\nBasavanagudi','560004',1,'N','2016-05-23 05:30:00.000000','19/05/2016 10:25:58 AM - second meeting','N','N','N','','2016-05-19','2016-05-19',1,3,1,1,3,NULL),(49,'Raghavendra','SGR facilities services','9986849213','9035901615','No 28, 2nd floor, 1st cross, 3rd main\r\nHANUMANTHA NAGAR','560019',1,'N','2016-05-23 09:30:00.000000','19/05/2016 10:34:46 AM - second meeting','N','N','N','','2016-05-19','2016-05-19',1,3,1,1,3,NULL),(50,'Mohammed','Good rich pest control','9916777706','9743658497','No 6/10, 4th ross, 1st main road,\r\nmaruti nagar, \r\nBangalore-560068','560068',1,'Y','2016-05-20 05:30:00.000000','19/05/2016 10:38:55 AM - Meeting','N','N','N','','2016-05-19','2016-05-19',1,3,1,1,3,NULL),(51,'Aditya agro seeds','aditya agro seeds','9341222897','0000000000','opp gubbi veeranna nathaka kendra,\r\ngandhi nagar','560009',1,'N',NULL,'19/05/2016 10:48:20 AM - Not applicable','N','N','N','','2016-05-19','2016-05-19',1,3,3,2,3,NULL),(52,'Uma shankar','Clean pro','9686209367','0000000000','No 1/1, sunitaniketan, 1st floor,\r\n12th main, opp mount carmel college\r\nvasanth nagar','560052',2,'N','2016-05-23 04:30:00.000000','19/05/2016 10:54:28 AM - Demo to director ','N','N','N','','2016-05-19','2016-05-19',1,3,1,1,3,NULL),(53,'Akram','The supercars','9845028276','08041243820','#2/2 1st cross journalist colony Bangalore','560002',1,'N','2016-05-20 07:30:00.000000','19/05/2016 5:13:10 PM - Good','N','N','N','','2016-05-19','2016-05-19',1,4,1,1,4,NULL),(54,'Nadeem pasha','Car care India','9900510668','0000000000','#22/2 puttanahalli main road next to inchara hotel jp nagar 6th phase Bangalore','560078',1,'N','2016-05-21 05:30:00.000000','19/05/2016 5:15:58 PM - Good','N','N','N','','2016-05-19','2016-05-19',1,4,1,1,4,NULL),(55,'Syed zabiulla','Car effects','9902711890','0000000000','#26 1st cross gupta layout near venkateshwara hospita banberghatta main road Bangalore','560030',2,'N','2016-05-21 08:30:00.000000','19/05/2016 5:19:27 PM - Good','N','N','N','','2016-05-19','2016-05-19',1,4,1,1,4,NULL),(56,'Rajendra surana','Konark\'s ','9448517921','08041504556','#473 east end main road jayanagar 9th block Bangalore','560069',1,'N','2016-05-21 10:30:00.000000','19/05/2016 5:23:39 PM - Good','N','N','N','','2016-05-19','2016-05-19',1,4,1,1,4,NULL),(57,'Abhishek singh','The car rental company','9738019049','0000000000','#443sheethal building 2nd floor 2 main road kasturi nagar Bangalore','560043',1,'N','2016-05-20 06:30:00.000000','19/05/2016 5:27:07 PM - Good','N','N','N','','2016-05-19','2016-05-19',1,4,1,1,4,NULL),(58,'sanjeev baid','car gold','9448174732','08041496592','#48/A, j.c.road\r\nBangalore','560002',1,'N',NULL,'02/06/2016 9:45:31 AM - not interested in doing this service','N','N','N','','2016-06-02','2016-06-02',1,3,2,2,3,NULL),(59,'Imran Sayeed','Auto world ','9845041438','08041249074','#12, J.C. Road,','560002',1,'N',NULL,'02/06/2016 9:52:16 AM - not interested in the product','N','N','N','','2016-06-02','2016-06-02',1,3,2,2,3,NULL),(60,'Firoz khan','Car impressions','9341427086','08041513913','#4/2, 1st cross, journalist colony\r\nJ.C.Road','560002',1,'N',NULL,'02/06/2016 9:58:19 AM - Cant afford','N','N','N','','2016-06-02','2016-06-02',1,3,3,2,3,NULL),(61,'chetan','Sparkle car spa','0803305295','0000000000','1st level parking =,\r\ninside forum mall\r\nkoramangala','560034',1,'Y','2016-06-05 04:30:00.000000','02/06/2016 10:01:28 AM - should speak to boss','N','N','N','','2016-06-02','2016-06-02',1,3,1,1,3,NULL),(62,'Raghavan','Nineonenine integrated solutions pvt ltd','9900174355','08041105692','No 28, 1st main, 1st block\r\nkoramangala','560034',1,'N','2016-06-06 04:30:00.000000','02/06/2016 10:07:20 AM - demo','N','N','N','','2016-06-02','2016-06-02',1,3,1,1,3,NULL),(63,'Tarun','Malnad auto treat','9036022822','08033055850','#17/5, 18th crross, 3rd sector\r\nHSR layout','560102',1,'N','2016-06-06 04:30:00.000000','02/06/2016 10:10:48 AM - Call back','N','N','N','','2016-06-02','2016-06-02',1,3,1,1,3,NULL),(64,'Manohar','Just pest','9731974602','0000000000','#14 2nd block 10th cross hbr layout Bangalore','560043',1,'N','2016-06-12 06:30:00.000000','08/06/2016 4:43:28 PM - Good','N','N','N','','2016-06-08','2016-06-08',1,4,1,1,4,NULL),(65,'Prithvi','Mobilrs tyre trch','0000000000','08025452916','Kamanahallimain road st.thomos town post Bangalore','560084',1,'Y','2016-06-13 05:30:00.000000','08/06/2016 4:46:54 PM - Good','N','N','N','','2016-06-08','2016-06-08',1,4,1,1,4,NULL),(66,'Veeranna','A pro act','9972540111','08041638524','#3037 8th main hal 2nd stage indiranagar Bangalore','560038',1,'Y','2016-06-13 04:30:00.000000','08/06/2016 4:49:33 PM - Good','N','N','N','','2016-06-08','2016-06-08',1,4,1,1,4,NULL),(67,'Veeranna','A pro act','9972540111','08041638524','#3037 8th main hal 2nd stage indiranagar Bangalore','560038',1,'Y','2016-06-13 04:30:00.000000','08/06/2016 4:49:33 PM - Good','N','N','N','','2016-06-08','2016-06-08',1,4,1,1,4,NULL),(68,'Veeranna','A pro act','9972540111','08041638524','#3037 8th main hal 2nd stage indiranagar Bangalore','560038',1,'Y','2016-06-13 04:30:00.000000','08/06/2016 4:49:33 PM - Good','N','N','N','','2016-06-08','2016-06-08',1,4,1,1,4,NULL),(69,'Veeranna','A pro act','9972540111','08041638524','#3037 8th main hal 2nd stage indiranagar Bangalore','560038',1,'Y','2016-06-13 04:30:00.000000','08/06/2016 4:49:33 PM - Good','N','N','N','','2016-06-08','2016-06-08',1,4,1,1,4,NULL),(70,'Veeranna','A pro act','9972540111','08041638524','#3037 8th main hal 2nd stage indiranagar Bangalore','560038',1,'Y','2016-06-13 04:30:00.000000','08/06/2016 4:49:33 PM - Good','N','N','N','','2016-06-08','2016-06-08',1,4,1,1,4,NULL),(71,'Deepak raj','Drift car accessories','9632705511','08025520548','#7, 14th main, 5th sector, hsr layout','560102',1,'N','2016-06-13 05:30:00.000000','09/06/2016 9:22:44 AM - Need to speak with authorised person','N','N','N','','2016-06-09','2016-06-09',1,3,1,1,3,NULL),(72,'Syed','Classic car spa','9845008424','0000000000','Lower basement , orion mall','560055',1,'Y','2016-06-13 04:30:00.000000','09/06/2016 9:27:35 AM - Speak with syed','N','N','N','','2016-06-09','2016-06-09',1,3,1,1,3,NULL),(73,'Meshach','Sundar service station','9900084802','08025599106','#10/1, gangadhara chetty road,\r\nOpp ulsoor lake','560008',1,'N','2016-06-13 06:30:00.000000','09/06/2016 9:47:14 AM - Meeting with sir','N','N','N','','2016-06-09','2016-06-09',1,3,1,1,3,NULL),(74,'Jagadish','Seven hills','9964604000','2222222222','15th cross, next to masjid,\r\nLakkasandra wilsond garden extension','560030',1,'N','2016-06-13 06:30:00.000000','09/06/2016 9:51:27 AM - Discuss with partners','N','N','N','','2016-06-09','2016-06-09',1,3,1,1,3,NULL),(75,'Saibul','Auto shine','9845111074','08042289274','#71/1 A shop #1, kaikondrahalli,\r\nOpp St prter school, sarjapur road','560035',1,'N','2016-07-16 03:30:00.000000','10/06/2016 2:43:25 PM - After ramzan','N','N','N','','2016-06-10','2016-06-10',1,3,1,1,3,NULL),(76,'Vinod kumar agarwal','Carz A2Z','9591382390','0804203863','1095, TK plaza, basement \r\nOpp indian oil petrol bunk\r\nBellandur, outer ring toad','560103',1,'N','2016-06-14 06:30:00.000000','10/06/2016 2:50:18 PM - Interested in prouct waiting','N','N','N','','2016-06-10','2016-06-10',1,3,1,1,3,NULL),(77,'Wajid sharieff','Total Choice','9945296440','2222222222','Sarjapura main road, opp total mall\r\nBellandur gate','560037',1,'N','2016-06-14 07:30:00.000000','10/06/2016 2:55:57 PM - Time required','N','N','N','','2016-06-10','2016-06-10',1,3,1,1,3,NULL),(78,'Nidhin jose','Team tech automobiles pvt. Ltd.','9538516111','08028441793','27/2, doddakennahalli, sarjapur main road\r\nNear shanimahadma temple','560035',2,'N','2016-07-04 03:30:00.000000','10/06/2016 3:00:01 PM - 2nd meeting','N','N','N','','2016-06-10','2016-06-10',1,3,1,1,3,NULL),(79,'Akram','Car junction','9845004936','0000000000','80 ft road b.s.k 3rd stage hosakerehalli cross Bangalore','560085',2,'N','2016-06-28 09:30:00.000000','25/06/2016 1:22:42 PM - Good','N','N','N','','2016-06-25','2016-06-25',1,4,9,4,4,NULL),(80,'Imran','Car vision','9980433597','9090909090','Jaynagr 4th tblock 30th cross','560041',1,'N','2016-07-10 06:30:00.000000','25/06/2016 1:26:40 PM - Good','N','N','N','','2016-06-25','2016-06-25',1,4,1,1,4,NULL),(81,'Sadiq','Car crown','9538213048','9898989898','#69,6th main road 23rd cross nagarabhavi main road govindraj nagar Bangalore','560078',1,'N',NULL,'25/06/2016 1:31:40 PM - Cant afford','N','N','N','','2016-06-25','2016-06-25',1,4,3,2,4,NULL),(82,'Manjunath','Car passion','8377292306','9090909090','#738,5th main road mc layout,opp to new public school ground vijaynagar Bangalore','560040',1,'N',NULL,'25/06/2016 1:34:37 PM - Can\'t afford','N','N','N','','2016-06-25','2016-06-25',1,4,3,2,4,NULL),(83,'Amjad','Classic wheel alignment','9854181018','9098909890','#324/5 A main 2nd block kalyan nagar','560043',1,'N','2016-07-11 06:30:00.000000','05/07/2016 5:07:33 PM - Postponed','N','N','N','','2016-07-05','2016-07-05',1,4,8,4,4,NULL),(84,'Safi ulla','Star car decor','9036807167','9998890987','54/1 4 main road nagarabhavi ring road metro layout Bangalore','560039',1,'N',NULL,'05/07/2016 5:13:04 PM - Bad','N','N','N','','2016-07-05','2016-07-05',1,4,3,2,4,NULL),(85,'Ravichandran ','9845268526','9845268526','9898980998','889 nti layout 2nd phase parallel to kodigehalli railway station bangalore','560092',1,'N','2016-07-12 06:30:00.000000','05/07/2016 5:17:20 PM - Good','N','N','N','','2016-07-05','2016-07-05',1,4,1,1,4,NULL),(86,'yes motor','yes motor','0803356809','0000000000','Ramgondanahalli whitefield, near adarsha palm meadows','560066',1,'N',NULL,'05/07/2016 5:27:33 PM - its a garage','N','N','N','','2016-07-05','2016-07-05',1,3,5,2,3,NULL),(87,'Zan auto stand','Zan auto stand','0803353575','0000000000','Marathahalli, outer ring road\r\nnext to malgudi restaurant','560037',1,'N',NULL,'05/07/2016 5:31:48 PM - Small shop and cant invest soo much amount','N','N','N','','2016-07-05','2016-07-05',1,3,3,2,3,NULL),(88,'vinay','best dial','8123243143','8050030300','#1723/D, KB complex, 2nd floor, 2nd block, rajajinagar\r\n','560010',1,'N','2016-07-12 05:30:00.000000','05/07/2016 5:35:37 PM - in discussion and need more time','N','N','N','','2016-07-05','2016-07-05',1,3,1,1,3,NULL),(89,'New india','New india pest control','0803925791','0000000000','sarjapura road, carmelran post','560035',1,'N',NULL,'05/07/2016 5:39:30 PM - dont want any new product into their service','N','N','N','','2016-07-05','2016-07-05',1,3,2,2,3,NULL),(90,'Prasanna','Vishwas pest control','9620354021','0000000000','Koramangala, no 1051, 7th main, 3rd block\r\n','560034',1,'N','2016-07-20 05:30:00.000000','05/07/2016 5:42:30 PM - Waiting for the call','N','N','N','','2016-07-05','2016-07-05',1,3,1,1,3,NULL),(91,'New','New omex','9844376587','0000000000','Gharavi palya, hosur main road, service road','560068',1,'N',NULL,'05/07/2016 5:47:42 PM - Small shop, no clients and products ','N','N','N','','2016-07-05','2016-07-05',1,3,5,2,3,NULL),(92,'Nisarga','Nisarga pest control','8884706086','0000000000','No 50, lakshmi layout, begur hobli\r\nbommanahalli','560068',1,'N',NULL,'05/07/2016 5:51:32 PM - Cant afford','N','N','N','','2016-07-05','2016-07-05',1,3,3,2,3,NULL),(93,'Venilla muthu','Tyre empire','9538495827','0000000000','whitefeild main road','560066',1,'N',NULL,'05/07/2016 5:54:06 PM - Dont deal into interiors of car and no service will be done','N','N','N','','2016-07-05','2016-07-05',1,3,2,2,3,NULL),(94,'Chandu','Chandu  motors','9916824970','0000000000','Bagalur main road, brindavan college\r\nkattigenahalli','560064',1,'N',NULL,'05/07/2016 5:58:37 PM - Too expensive service,, cant afford','N','N','N','','2016-07-05','2016-07-05',1,3,3,2,3,NULL),(95,'Herbal','Herbal pest control','9740960203','0000000000','8th mile bus stop, nagasandra\r\nafter jalahalli cross','560073',1,'N','2016-07-08 05:30:00.000000','05/07/2016 6:01:45 PM - interested customer,,need more time ','N','N','N','','2016-07-05','2016-07-05',1,3,1,1,3,NULL),(96,'Muneer','Auto fusion','9845004858','08041505576','Koramangala, 6th block,\r\nNear bus depo','560095',1,'N','2016-07-14 04:30:00.000000','09/07/2016 3:08:41 PM - Interested but need some time','N','N','N','','2016-07-09','2016-07-09',1,3,1,1,3,NULL),(97,'Sethi','Good year ','9845155934','9098909098','No34 11th cross indira nagar 1st stage bangalore','560038',1,'Y','2016-07-14 10:30:00.000000','09/07/2016 3:10:51 PM - Good','N','N','N','','2016-07-09','2016-07-09',1,4,1,1,4,NULL),(98,'Mohan kumar','Amogh tyre sales and service','9902025340','9090989876','No159 chikkathayappa reddy layout next to croma outer ring road kammanahalli Bangalore','560043',1,'N','2016-07-20 06:30:00.000000','09/07/2016 3:13:40 PM - Good','N','N','N','','2016-07-09','2016-07-09',1,4,8,4,4,NULL),(99,'Nizam','car zoom','9945177160','08041689591','#49, service road , west of chord road, rajaji nagar','560010',1,'N','2016-07-25 06:30:00.000000','20/07/2016 1:51:08 PM - interested but need time','N','N','N','','2016-07-20','2016-07-20',1,3,1,1,3,NULL),(100,'abdul','bharath car world','9845827862','08023100786','#129/1, purthvi complex, thimmiah road, 3rd stage, basaveshwara nagar','560079',1,'N','2016-07-25 08:30:00.000000','20/07/2016 2:00:24 PM - interested but need time','N','N','N','','2016-07-20','2016-07-20',1,3,1,1,3,NULL),(101,'nawaz khan','a1 car care centre','9880076716','08026756716','#259/2, valmiki nagar, opp gopalan mall, mysore road','560026',1,'N',NULL,'20/07/2016 2:11:00 PM - it is more kind of a garage','N','N','N','','2016-07-20','2016-07-20',1,3,5,2,3,NULL),(102,'shariff','car track','7411911770','0000000000','n0 10/13, nayandanahalli main road, near siddiqui masjid','560040',1,'N',NULL,'20/07/2016 2:15:19 PM - small shop with no products and customers','N','N','N','','2016-07-20','2016-07-20',1,3,3,2,3,NULL),(103,'mahesh','car point','9844368518','0000000000','no3/1, 1st main road, parimala nagar\r\nkanteerva studio main road, nandini layout','560096',1,'N',NULL,'20/07/2016 2:20:36 PM - more kind of a garage and service is not done','N','N','N','','2016-07-20','2016-07-20',1,3,2,2,3,NULL),(104,'Imran khan','car max','0803305022','0000000000','no 5, thimmappa reddy layout\r\nopp imperial cycle showroom\r\nbannerghatta road','560076',1,'N',NULL,'25/07/2016 5:00:45 PM - small shop with less number of customers','N','N','N','','2016-07-25','2016-07-25',1,3,2,2,3,NULL),(105,'Yogesh','car crafts','9900808288','0000000000','no19, 2nd main, 7th cross,\r\nhsr layout sector 1','560102',1,'N',NULL,'25/07/2016 5:11:04 PM - not interested doing this kind of service','N','N','N','','2016-07-25','2016-07-25',1,3,2,2,3,NULL),(106,'Sumit agarwal','Glamour car accessories','9886166827','08041659080','1st A cross 7th block kormangala Bangalore','560095',1,'N','2016-08-21 06:30:00.000000','18/08/2016 7:51:21 PM - They give us some reference','N','N','N','','2016-08-18','2016-08-18',1,4,1,1,4,NULL),(107,'M kumar ','Auto planet ','9845006502','08022552126','703/4 3rd block behind kormangala BDA complex kormangala Bactakleen','560034',1,'N','2016-08-22 06:30:00.000000','18/08/2016 7:54:57 PM - Good ','N','N','N','','2016-08-18','2016-08-18',1,4,1,1,4,NULL),(108,'Anwar ahsan','Top gear ','9880037737','0090909090','88,5th block industrial area kormangala Bangalore','560095',1,'N','2016-08-22 08:30:00.000000','18/08/2016 7:59:12 PM - They wont do services for cars','N','N','N','','2016-08-18','2016-08-18',1,4,1,1,4,NULL),(109,'Adil ','Auto spark','9980531003','9098980987','85 lakshamayya building opp to joseph\'s convent Whitefield main road Bangalore','560066',1,'N','2016-08-23 09:30:00.000000','18/08/2016 8:02:40 PM - In progress they wil give us some reference','N','N','N','','2016-08-18','2016-08-18',1,4,1,1,4,NULL),(110,'Thouqeer khan ','Auto fusions','9845004858','9090909090','12,patel  narayan  reddy layout','560095',1,'N','2016-08-23 06:30:00.000000','18/08/2016 8:28:01 PM - Good','N','N','N','','2016-08-18','2016-08-18',1,4,8,4,4,NULL),(111,'Ranjith','United tyre company','9845425142','08026613720','14/1,roshan bagh road','560004',1,'N','2016-08-25 10:30:00.000000','18/08/2016 8:34:15 PM - Good','N','N','N','','2016-08-18','2016-08-18',1,4,1,1,4,NULL),(112,'Ashwaq','Fast track','9900197713','08041554391','78,hs lane lalbagh fort road Bangalore','560004',1,'N','2016-09-08 05:30:00.000000','18/08/2016 8:37:29 PM - Good','N','N','N','','2016-08-18','2016-08-18',1,4,8,4,4,NULL),(113,'Moto','Moto adda','9090909090','08041200331','52,cmh road indira nagar 2nd stage Bangalore','560038',1,'N','2016-08-31 06:30:00.000000','18/08/2016 8:40:13 PM - Product demo','N','N','N','','2016-08-18','2016-08-18',1,4,8,4,4,NULL),(114,'Nayaz khan ','A1 car care center','9008090235','9090909090','1/1ashoka pillar road jaynagar 1st block Bangalore','560011',1,'N','2016-09-21 07:30:00.000000','18/08/2016 8:42:54 PM - Good','N','N','N','','2016-08-18','2016-08-18',1,4,8,4,4,NULL),(115,'Siddiq khan ','Finish line','9886322082','08041713888','#234,1st main 7th block new star bazar kormangala Bangalore','560095',1,'N','2016-09-12 04:30:00.000000','20/08/2016 1:23:23 PM - Good\r\n20/08/2016 1:28:22 PM - Good ','N','N','N','','2016-08-20','2016-08-20',1,4,8,4,4,NULL),(116,'Lohith bidari','Car at spa','9611496115','9090909090','#43 krishnappa garden,near bhagmane tech park cv raman nagar Bangalore','560093',1,'N',NULL,'20/08/2016 1:29:21 PM - Already have this kind of service','N','N','N','','2016-08-20','2016-08-20',1,4,2,2,4,NULL),(117,'Wajid sharieff','Total cboice car accessories','9945296440','9090909090','Sarjapur main road opp to total mall bellandur gate Bangalore','560037',1,'N','2016-08-30 07:30:00.000000','20/08/2016 1:32:23 PM - Good','N','N','N','','2016-08-20','2016-08-20',1,4,8,4,4,NULL),(118,'Shambu Hegde','Waxpol Industrial Ltd','9448332242','0000000000','National College, Jain Temple Road, Bangalore','560004',1,'N',NULL,'23/11/2016 9:43:07 PM - Not Interested','N','N','N','','2016-11-23','2016-11-23',1,42,2,2,42,NULL),(119,'Riyaz','R K Car Decor','9945126627','9945126627','BSK 3rd Stage','560008',1,'N',NULL,'23/11/2016 9:47:23 PM - Can not afford','N','N','N','','2016-11-23','2016-11-23',1,42,3,2,42,NULL),(120,'Manjunath','Gear up','9742205473','9742205473','Jayanagar 4th Block','560011',1,'N','2016-11-30 07:30:00.000000','23/11/2016 9:50:22 PM - Owner not available','N','N','N','','2016-11-23','2016-11-23',1,42,8,4,42,NULL),(121,'Shaikabdulla','Car Tracks','9886791978','9886791978','#80/1, Dodda Mavalli, Lalbhag Fort Road','560002',1,'N',NULL,'23/11/2016 9:53:04 PM - Can not afford','N','N','N','','2016-11-23','2016-11-23',1,42,3,2,42,NULL),(122,'Deepak','Elite Car Care','9535307766','9535307766','#415/2/1, 4th cross, Wilson Garden','560027',1,'N',NULL,'23/11/2016 9:56:58 PM - Not interested','N','N','N','','2016-11-23','2016-11-23',1,42,2,2,42,NULL),(123,'Gopi','Keshkamal Motors','9448071067','9448071067','BSK 2nd Stage','560085',1,'N',NULL,'23/11/2016 10:00:00 PM - Maruthi Authorised','N','N','N','','2016-11-23','2016-11-23',1,42,2,2,42,NULL),(124,'Manjunath','M R Car Service and Wash','9448512724','9448512724','#17, RBI Layout, Kothnur Dinne Main Road, JP Nagar 7th Phase','560078',1,'Y','2016-11-25 07:30:00.000000','23/11/2016 10:02:30 PM - Requires Time','N','N','N','','2016-11-23','2016-11-23',1,42,1,1,42,NULL),(125,'Syed Athiqualla','Car Dzire','9448878332','9448878332','#35 Supraba Complex, Vasavi Temple Road, VV Puram','560004',1,'Y',NULL,'23/11/2016 10:05:53 PM - Less Clients','N','N','N','','2016-11-23','2016-11-23',1,42,5,2,42,NULL),(126,'Rahim','Indian Car AC and Electricals','9916135244','9916135244','#31, 3rd Cross, JP Nagar, 6th Phase','560078',1,'Y',NULL,'23/11/2016 10:08:52 PM - Can not afford','N','N','N','','2016-11-23','2016-11-23',1,42,3,2,42,NULL),(127,'Sri Kumar','Narmada Garage','9611785278','9611785278','Near Kaggadaspura Railway Gate, CV Raman Nagar','560093',1,'Y','2016-12-10 07:30:00.000000','23/11/2016 10:11:38 PM - Requires Time','N','N','N','','2016-11-23','2016-11-23',1,42,8,4,42,NULL),(128,'Pavan','The Car Laundry','7022101888','7022101888','#7/1, G J Complex, 100 ft road, 2nd stage, Indiranagar','560038',1,'Y',NULL,'23/11/2016 10:14:21 PM - Need Permission from Corporate Office','N','N','N','','2016-11-23','2016-11-23',1,42,2,2,42,NULL),(129,'Raghu','Sri Krishna Tyres','9886198357','9886198357','#16/14, 7th Main, 80 ft road, Subbanapalya Extn, Kammanalli','560084',1,'Y',NULL,'23/11/2016 10:17:16 PM - MRF Authorised','N','N','N','','2016-11-23','2016-11-23',1,42,2,2,42,NULL),(130,'Anand','Sri Balaji Wheel Allignment','9945182431','9945182431','Flat No 51, Thiruvelluar nagar, Chinna Elasagiri Road, Near KCC Nagar, Hosur','635109',1,'Y','2016-12-01 07:30:00.000000','23/11/2016 10:20:21 PM - Requires Time','N','N','N','','2016-11-23','2016-11-23',1,42,8,4,42,NULL),(131,'Sundar','S M Cars','9880525126','9880525126','Chikkathogur Gate, Hosur Road, Electronic City','560100',1,'Y',NULL,'23/11/2016 10:23:46 PM - Not Interested','N','N','N','','2016-11-23','2016-11-23',1,42,2,2,42,NULL),(132,'Prakash','Swasthika Motors','8030625417','08030625417','#54/8, Fruit market Road, Hosur Road, Electronic City','560100',1,'Y','2016-11-26 08:30:00.000000','23/11/2016 10:26:15 PM - Requires Time','N','N','N','','2016-11-23','2016-11-23',1,42,8,4,42,NULL),(133,'Dinesh','Sivamurugan Tyres','9008800111','08033724494','J P Nagar 1st phase','560078',1,'N','2017-01-02 06:30:00.000000','29/12/2016 5:17:53 PM - have asked to come after 6th of jan','N','N','N','','2016-12-29','2016-12-29',1,36,1,1,36,NULL),(134,'Ashok / Sandesh','Reflect On','9036138373','9980668119','Mahadevapura Main Road','560048',1,'N','2017-01-02 07:30:00.000000','29/12/2016 5:24:19 PM - Taken Time','N','N','N','','2016-12-29','2016-12-29',1,36,1,1,36,NULL),(135,'Sanket','S V Car professional','9880662827','9880662827','BTM','560068',1,'Y','2017-01-03 06:30:00.000000','29/12/2016 5:27:08 PM - Taken Time','N','N','N','','2016-12-29','2016-12-29',1,36,1,1,36,NULL),(136,'Manish','CarZippi','9945302277','9945302277','JP Nagar','560078',1,'Y','2017-01-03 07:30:00.000000','29/12/2016 5:30:42 PM - Need to meet MD','N','N','N','','2016-12-29','2016-12-29',1,36,1,1,36,NULL),(137,'Chowdesh','Ravitejus Automobiles','9886748260','9886748260','Basavangudi','560004',1,'Y','2017-01-03 08:30:00.000000','29/12/2016 5:32:49 PM - Need Follow Up','N','N','N','','2016-12-29','2016-12-29',1,36,1,1,36,NULL),(138,'Hameed','Xpert Car Care','9972426892','9972426892','New BEL Road','560094',1,'N','2017-01-06 06:30:00.000000','29/12/2016 5:36:17 PM - Next Week','N','N','N','','2016-12-29','2016-12-29',1,36,1,1,36,NULL),(139,'Muneer','Marvel Car Care','9620393486','9620393486','Vidyapeeta','560004',1,'N','2017-01-10 05:30:00.000000','29/12/2016 5:38:48 PM - Nxt Month','N','N','N','','2016-12-29','2016-12-29',1,36,1,1,36,NULL),(140,'Manjunath','M R Car Garage','9448512724','9448512724','J P Nagar 7th Phase','560078',1,'Y','2017-01-10 06:30:00.000000','29/12/2016 5:40:57 PM - Nxt Month','N','N','N','','2016-12-29','2016-12-29',1,36,1,1,36,NULL),(141,'Dinesh','Junction For Car Attachments','9945552146','9945552146','Jayanagar','560082',1,'N','2017-01-10 07:30:00.000000','29/12/2016 5:43:23 PM - Need Time','N','N','N','','2016-12-29','2016-12-29',1,36,1,1,36,NULL),(142,'Kumar','ShivSai Car Care','7795536318','7795536318','HSR BDA Complex','560102',1,'N','2017-01-06 07:30:00.000000','29/12/2016 5:46:52 PM - Next week','N','N','N','','2016-12-29','2016-12-29',1,36,1,1,36,NULL),(143,'Somashekar','Shiva Car Care','9886636362','9886636362','Whitefield','560066',1,'N','2017-01-10 09:30:00.000000','29/12/2016 5:50:36 PM - Need Time','N','N','N','','2016-12-29','2016-12-29',1,36,1,1,36,NULL),(144,'Harsha','Roch Werks','9986297649','9986297649','Tindlu','560097',1,'N','2017-01-06 08:30:00.000000','29/12/2016 5:52:42 PM - Need Time','N','N','N','','2016-12-29','2016-12-29',1,36,1,1,36,NULL),(145,'Suresh','Car Care India','9880707676','9880707676','VV Puram','560004',1,'Y','2017-01-10 07:30:00.000000','29/12/2016 5:55:27 PM - In Jan','N','N','N','','2016-12-29','2016-12-29',1,36,1,1,36,NULL),(146,'Naveen Subramanya','Hot Rodz Automotive','9845282081','9845282081','Sahakar Nagar','560092',2,'Y','2017-01-10 09:30:00.000000','29/12/2016 5:57:40 PM - Need Time','N','N','N','','2016-12-29','2016-12-29',1,36,1,1,36,NULL),(147,'Narendra','Refresh Car Spa','9945225696','9945225696','Sarjapura road ','560034',1,'N','2017-01-10 08:30:00.000000','29/12/2016 6:00:59 PM - Need Time','N','N','N','','2016-12-29','2016-12-29',1,36,1,1,36,NULL),(148,'Hidayath','Taj Car Decor','9986500207','9986500207','RV Road Basavangudi','560004',2,'Y','2017-01-10 04:30:00.000000','29/12/2016 6:03:33 PM - In Jan','N','N','N','','2016-12-29','2016-12-29',1,36,1,1,36,NULL),(149,'Srikanth','Wheels Online','9880344112','9880344112','Koramangala','560095',1,'Y','2017-01-25 08:30:00.000000','29/12/2016 6:05:41 PM - Need Time','N','N','N','','2016-12-29','2016-12-29',1,36,1,1,36,NULL),(150,'Usman','Auto Fusion','9880786311','9880786311','Koramangala','560095',1,'Y','2017-01-18 07:30:00.000000','29/12/2016 6:08:00 PM - Need Time','N','N','N','','2016-12-29','2016-12-29',1,36,1,1,36,NULL),(151,'Suresh','Aditya Wheel Alignment','9686942050','9686942050','Kanakapura road','560062',1,'Y','2017-01-10 09:30:00.000000','29/12/2016 6:10:03 PM - Need Time','N','N','N','','2016-12-29','2016-12-29',1,36,1,1,36,NULL),(152,'Ravi','Tyre Empire','9008090668','9008090668','Whitefield','560066',1,'Y','2017-01-12 09:30:00.000000','29/12/2016 6:12:15 PM - Need Time','N','N','N','','2016-12-29','2016-12-29',1,36,1,1,36,NULL),(153,'Prithvi','Mobile Tyre Tech','0802545291','08025452916','Kammanahallli','560084',1,'N','2017-01-04 07:30:00.000000','29/12/2016 6:14:46 PM - In Jan','N','N','N','','2016-12-29','2016-12-29',1,36,1,1,36,NULL),(154,'Rajesh','Vijay Wheel Alignment','9980068327','9980068327','J P Nagar','560078',2,'Y','2017-01-02 06:30:00.000000','29/12/2016 6:17:18 PM - In Jan','N','N','N','','2016-12-29','2016-12-29',1,36,1,1,36,NULL),(155,'Narayana Murthy','Millivisions Pvt Ltd','9611600669','9611600669','Mavalli','560004',1,'Y','2017-01-06 06:30:00.000000','29/12/2016 6:19:33 PM - In Jan','N','N','N','','2016-12-29','2016-12-29',1,36,1,1,36,NULL),(156,'Harry','Sea Horse Car Care','9986511384','9886599991','Kasturinagar','560093',1,'Y','2017-01-09 05:30:00.000000','29/12/2016 6:21:37 PM - In Jan','N','N','N','','2016-12-29','2016-12-29',1,36,1,1,36,NULL),(157,'Suresh / Chandru','TechnoKraft car Service','9886254448','9880369118','RR Nagar','560098',1,'N','2016-12-30 06:30:00.000000','29/12/2016 6:23:51 PM - Need To Decide','N','N','N','','2016-12-29','2016-12-29',1,36,1,1,36,NULL),(158,'Sagar','Girimaji Enterprises','9845447155','9902709999','Jayanagar 7th  block','560070',2,'N','2017-01-02 07:30:00.000000','29/12/2016 6:26:54 PM - Need demo','N','N','N','','2016-12-29','2016-12-29',1,36,1,1,36,NULL),(159,'Satish Kumar N','Fero Car Care','9886834974','9886834974','#111, 10th Main, West of Chord Road, Manjunath Nagar, Rajajinagar, Bangalore','560010',1,'N','2017-01-07 06:30:00.000000','29/12/2016 6:35:36 PM - need demo','N','N','N','','2016-12-29','2016-12-29',1,42,1,1,42,NULL),(160,'Adil','3S Solutions','9206084969','9206084969','Kanakanagar, R T Nagar Post, Bangalore','560032',1,'Y',NULL,'29/12/2016 6:40:44 PM - Cannot afford','N','N','N','','2016-12-29','2016-12-29',1,42,3,2,42,NULL),(161,'Pradeep Rao','Quicky Cleaners','9591539118','08023221717','#139, NCHC Layout, 15th Main, 3rd Stage, 4th Block, Basaveshwar Nagar, Bangalore','560079',1,'Y','2016-12-31 08:30:00.000000','29/12/2016 6:42:59 PM - need Time','N','N','N','','2016-12-29','2016-12-29',1,42,1,1,42,NULL),(162,'Chethan Kumar','GT Car Spa','9611444777','08041474473','Basaveshwar Nagar, Next to Gangamma Thimmayya Inn Convention Center, Bangalore','560079',1,'N','2017-01-05 06:30:00.000000','29/12/2016 6:46:24 PM - need time','N','N','N','','2016-12-29','2016-12-29',1,42,8,4,42,NULL),(163,'Sumit Agarwal','Glamour Car Accessories','9986031792','08041659080','#369, 1st A Cross, 7th Block, Koramangala, Bangalore ','560095',1,'N','2017-01-06 06:30:00.000000','05/01/2017 1:25:32 PM - Need time','N','N','N','','2017-01-05','2017-01-05',1,36,1,1,36,NULL),(164,'Yogesh','Throttle','9945561696','08026641574','No.119/A, New No.54, 27th Cross, 7th Block, Jayanagar, Bangalore','560070',1,'Y','2017-01-11 06:30:00.000000','09/01/2017 6:27:53 PM - Has liked the product','N','N','N','','2017-01-09','2017-01-09',1,36,1,1,36,NULL),(165,'Manoj','The Smart Car Wash','9731113931','9731113931','Survey No13 /98-99, Beside DSR Greenfield, Immadihalli Main Road, Whitefield, Bengaluru','560066',1,'N','2017-01-12 06:30:00.000000','10/01/2017 12:38:28 PM - Has to discuss with his partner','N','N','N','','2017-01-10','2017-01-10',1,36,1,1,36,NULL),(166,'Narasimha Reddy','Panorama Pest Care Services','9740097666','08026431213','#15, Ananda Nilayam, 2nd Main, 2nd Cross, Vivekananda Colony, Kanakapura Main Road, BSK, Bangalore','560078',4,'N','2017-03-06 04:30:00.000000','28/02/2017 5:05:43 PM - Need to Call','N','N','N','','2017-02-28','2017-02-28',1,36,1,1,36,NULL),(167,'Suhas','Bubbles Car Spa','9611668668','9611668668','J P Nagar, Near Kalyani Tech Park','560078',4,'Y','2017-03-03 04:30:00.000000','28/02/2017 5:11:49 PM - Sridhar Sir is following it up','N','N','N','','2017-02-28','2017-02-28',1,36,1,1,36,NULL),(168,'Abhay','Pestron India','9986843000','9986843000','Immadihalli Main Road, Whitefield','560100',4,'N','2017-03-03 05:30:00.000000','28/02/2017 5:14:22 PM - Need to follow up','N','N','N','','2017-02-28','2017-02-28',1,36,1,1,36,NULL),(169,'Sathya Chandran','Velcare International','9945232971','9945232971','Domlur Industrial Area','560037',4,'N','2017-03-01 04:30:00.000000','28/02/2017 5:16:49 PM - Sridhar Sir To talk to Sathya','N','N','N','','2017-02-28','2017-02-28',1,36,1,1,36,NULL);
/*!40000 ALTER TABLE `services_lead` ENABLE KEYS */;
UNLOCK TABLES;

--
-- Table structure for table `services_lead_more_details`
--

DROP TABLE IF EXISTS `services_lead_more_details`;
/*!40101 SET @saved_cs_client     = @@character_set_client */;
/*!40101 SET character_set_client = utf8 */;
CREATE TABLE `services_lead_more_details` (
  `id` int(11) NOT NULL AUTO_INCREMENT,
  `lead_id` int(11) NOT NULL,
  `moreinfo_id` int(11) NOT NULL,
  PRIMARY KEY (`id`),
  UNIQUE KEY `lead_id` (`lead_id`,`moreinfo_id`),
  KEY `services_lead_more_details_8f635513` (`lead_id`),
  KEY `services_lead_more_details_38189c88` (`moreinfo_id`)
) ENGINE=MyISAM AUTO_INCREMENT=9 DEFAULT CHARSET=latin1;
/*!40101 SET character_set_client = @saved_cs_client */;

--
-- Dumping data for table `services_lead_more_details`
--

LOCK TABLES `services_lead_more_details` WRITE;
/*!40000 ALTER TABLE `services_lead_more_details` DISABLE KEYS */;
INSERT INTO `services_lead_more_details` VALUES (8,110,4),(7,79,1),(6,27,4),(5,26,4);
/*!40000 ALTER TABLE `services_lead_more_details` ENABLE KEYS */;
UNLOCK TABLES;

--
-- Table structure for table `services_lead_segments`
--

DROP TABLE IF EXISTS `services_lead_segments`;
/*!40101 SET @saved_cs_client     = @@character_set_client */;
/*!40101 SET character_set_client = utf8 */;
CREATE TABLE `services_lead_segments` (
  `id` int(11) NOT NULL AUTO_INCREMENT,
  `lead_id` int(11) NOT NULL,
  `channelpartnersegment_id` int(11) NOT NULL,
  PRIMARY KEY (`id`),
  UNIQUE KEY `lead_id` (`lead_id`,`channelpartnersegment_id`),
  KEY `services_lead_segments_8f635513` (`lead_id`),
  KEY `services_lead_segments_78584483` (`channelpartnersegment_id`)
) ENGINE=MyISAM AUTO_INCREMENT=189 DEFAULT CHARSET=latin1;
/*!40101 SET character_set_client = @saved_cs_client */;

--
-- Dumping data for table `services_lead_segments`
--

LOCK TABLES `services_lead_segments` WRITE;
/*!40000 ALTER TABLE `services_lead_segments` DISABLE KEYS */;
INSERT INTO `services_lead_segments` VALUES (39,25,7),(38,24,7),(37,23,7),(47,33,1),(46,32,6),(45,31,6),(44,30,7),(51,37,7),(50,36,1),(36,22,7),(35,21,7),(43,29,7),(34,20,7),(42,28,6),(41,27,7),(49,35,6),(40,26,8),(33,19,7),(48,34,2),(32,18,7),(31,17,8),(52,38,7),(53,39,7),(54,40,7),(55,41,1),(57,42,1),(58,43,6),(59,44,6),(60,45,1),(61,46,1),(62,47,1),(63,48,1),(64,49,2),(65,50,1),(66,51,1),(67,52,2),(68,53,7),(69,54,7),(70,55,7),(71,56,7),(72,57,7),(73,58,6),(74,59,7),(75,60,7),(76,61,6),(77,62,2),(78,63,7),(79,64,1),(80,65,7),(81,66,1),(82,67,1),(83,68,1),(84,69,1),(85,70,1),(86,71,7),(87,72,6),(88,73,6),(89,74,1),(90,75,7),(91,76,7),(92,77,7),(93,78,6),(94,79,7),(95,80,7),(96,81,7),(97,82,7),(98,83,8),(99,84,7),(100,85,6),(101,86,6),(102,87,7),(103,88,1),(104,89,1),(105,90,1),(106,91,7),(107,92,1),(108,93,7),(109,94,7),(110,95,1),(111,96,7),(112,97,8),(113,98,8),(114,99,7),(115,100,7),(116,101,7),(117,102,7),(118,103,7),(119,104,7),(120,105,7),(121,106,7),(122,107,7),(123,108,7),(124,109,7),(125,110,7),(126,111,8),(127,112,7),(128,113,7),(129,114,7),(130,115,7),(131,116,6),(132,117,7),(133,118,5),(134,119,7),(135,120,6),(136,121,6),(137,122,6),(138,123,6),(139,124,6),(140,125,6),(141,126,4),(142,127,6),(143,128,6),(144,129,8),(145,130,8),(146,131,6),(147,132,6),(148,133,8),(149,134,6),(150,135,6),(151,136,6),(152,137,6),(153,138,6),(154,139,6),(155,140,6),(156,140,7),(157,141,7),(158,142,8),(159,143,8),(160,143,6),(161,144,6),(162,145,6),(163,146,7),(164,147,6),(165,148,7),(166,149,8),(167,150,7),(168,151,8),(169,152,8),(170,153,8),(171,154,8),(172,155,8),(173,156,6),(174,157,6),(175,157,7),(176,158,6),(177,158,7),(178,159,7),(179,160,6),(180,161,6),(181,162,6),(182,163,7),(183,164,7),(184,165,6),(185,166,1),(186,167,6),(187,168,1),(188,169,1);
/*!40000 ALTER TABLE `services_lead_segments` ENABLE KEYS */;
UNLOCK TABLES;

--
-- Table structure for table `services_leadstatus`
--

DROP TABLE IF EXISTS `services_leadstatus`;
/*!40101 SET @saved_cs_client     = @@character_set_client */;
/*!40101 SET character_set_client = utf8 */;
CREATE TABLE `services_leadstatus` (
  `id` int(11) NOT NULL AUTO_INCREMENT,
  `description` varchar(100) NOT NULL,
  PRIMARY KEY (`id`)
) ENGINE=MyISAM AUTO_INCREMENT=5 DEFAULT CHARSET=latin1;
/*!40101 SET character_set_client = @saved_cs_client */;

--
-- Dumping data for table `services_leadstatus`
--

LOCK TABLES `services_leadstatus` WRITE;
/*!40000 ALTER TABLE `services_leadstatus` DISABLE KEYS */;
INSERT INTO `services_leadstatus` VALUES (1,'Effective'),(2,'Ineffective'),(3,'Closed'),(4,'Postponed');
/*!40000 ALTER TABLE `services_leadstatus` ENABLE KEYS */;
UNLOCK TABLES;

--
-- Table structure for table `services_machine`
--

DROP TABLE IF EXISTS `services_machine`;
/*!40101 SET @saved_cs_client     = @@character_set_client */;
/*!40101 SET character_set_client = utf8 */;
CREATE TABLE `services_machine` (
  `id` int(11) NOT NULL AUTO_INCREMENT,
  `machine_number` varchar(255) NOT NULL,
  `year_of_manufacture` varchar(4) NOT NULL,
  `manufacturer_company` varchar(100) NOT NULL,
  `warranty_start_date` date NOT NULL,
  `warranty_end_date` date NOT NULL,
  `is_assigned` tinyint(1) NOT NULL,
  PRIMARY KEY (`id`),
  UNIQUE KEY `machine_number` (`machine_number`)
) ENGINE=MyISAM AUTO_INCREMENT=19 DEFAULT CHARSET=latin1;
/*!40101 SET character_set_client = @saved_cs_client */;

--
-- Dumping data for table `services_machine`
--

LOCK TABLES `services_machine` WRITE;
/*!40000 ALTER TABLE `services_machine` DISABLE KEYS */;
INSERT INTO `services_machine` VALUES (1,'0001','2016','Excelcia technologies','2016-06-06','2017-06-06',1),(2,'002','2016','Excelsia','2016-08-21','2019-08-20',1),(3,'003','2016','Excelsia','2016-08-20','2019-08-20',1),(4,'004','2016','Excelsia','2016-08-11','2019-08-11',1),(5,'005','2015','Excelcia Technologies','2016-09-06','2019-09-09',1),(6,'006','2016','Excelcia technologies','2016-10-05','2019-10-05',1),(7,'07','2017','Excelcia Technologies','2016-09-01','2019-09-01',1),(8,'008','2017','Excelcia Technologies','2016-09-01','2019-09-01',1),(9,'009','2017','Excelcia Technologies','2016-09-01','2019-09-01',1),(10,'0010','2017','Excelcia Technologies','2016-09-01','2019-09-01',1),(11,'0011','2017','Excelcia Technologies','2016-09-01','2019-09-01',1),(12,'0012','2017','Excelcia Technologies','2016-09-01','2019-09-01',1),(13,'0013','2017','Excelcia Technologies','2016-09-01','2019-09-01',1),(14,'0014','2017','Excelcia Technologies','2016-09-01','2019-09-01',1),(15,'0015','2017','Excelcia Technologies','2016-09-01','2019-09-01',0),(16,'0016','2016','Excelsia Technologies','2017-01-07','2020-01-06',1),(17,'0017','2016','Excelsia Technologies','2017-01-05','2020-01-04',1),(18,'0018','2016','Excelsia Technologies','2017-01-07','2020-01-06',1);
/*!40000 ALTER TABLE `services_machine` ENABLE KEYS */;
UNLOCK TABLES;

--
-- Table structure for table `services_moreinfo`
--

DROP TABLE IF EXISTS `services_moreinfo`;
/*!40101 SET @saved_cs_client     = @@character_set_client */;
/*!40101 SET character_set_client = utf8 */;
CREATE TABLE `services_moreinfo` (
  `id` int(11) NOT NULL AUTO_INCREMENT,
  `info` int(11) NOT NULL,
  PRIMARY KEY (`id`)
) ENGINE=MyISAM AUTO_INCREMENT=6 DEFAULT CHARSET=latin1;
/*!40101 SET character_set_client = @saved_cs_client */;

--
-- Dumping data for table `services_moreinfo`
--

LOCK TABLES `services_moreinfo` WRITE;
/*!40000 ALTER TABLE `services_moreinfo` DISABLE KEYS */;
INSERT INTO `services_moreinfo` VALUES (1,1),(2,2),(3,3),(4,4),(5,5);
/*!40000 ALTER TABLE `services_moreinfo` ENABLE KEYS */;
UNLOCK TABLES;

--
-- Table structure for table `services_partnerasowner`
--

DROP TABLE IF EXISTS `services_partnerasowner`;
/*!40101 SET @saved_cs_client     = @@character_set_client */;
/*!40101 SET character_set_client = utf8 */;
CREATE TABLE `services_partnerasowner` (
  `id` int(11) NOT NULL AUTO_INCREMENT,
  `name` varchar(255) NOT NULL,
  `gender` varchar(1) NOT NULL,
  `landline` varchar(11) NOT NULL,
  `mobile_number` varchar(10) NOT NULL,
  `address` varchar(255) NOT NULL,
  `email` varchar(255) NOT NULL,
  `partner_id` int(11) NOT NULL,
  PRIMARY KEY (`id`),
  KEY `services_partnerasowner_4e98b6eb` (`partner_id`)
) ENGINE=MyISAM AUTO_INCREMENT=177 DEFAULT CHARSET=latin1;
/*!40101 SET character_set_client = @saved_cs_client */;

--
-- Dumping data for table `services_partnerasowner`
--

LOCK TABLES `services_partnerasowner` WRITE;
/*!40000 ALTER TABLE `services_partnerasowner` DISABLE KEYS */;
INSERT INTO `services_partnerasowner` VALUES (31,'Shiv kumar','M','0000000000','9972439010','#435, mico layout/btm layout/btm layout/7th main, 7th cross, near bank of taverncare, bangalore.','btm@cherryagencies.com',38),(30,'Cherry agencies pvt ltd','M','08033054843','9972498963','#115 lal bagh road next to nandini road near minerva circle Bangalore','khr@cherryagencies.com',37),(29,'Rajendra Surana','M','08041504556','9448517921','# 473, East End Main road, Jayanagar, 9th block, Bangalore 560069','konarks.rajendra@gmail.com',35),(28,'Tyre Park Indiranagar','M','08033054843','9900098974','#115 lal bagh fort road,next to nandhini hotel,near minerva circle,Bangalore','inr@cherryagencies.com',34),(27,'Tyre Park Electronic City','M','08033054843','9900098974','#115,lal bagh fort road,next to nandhini hotel,near minerva circle,Bangalore','cbk@cherryagencies.com',33),(25,'Prashanth shetty','M','08060500605','9620427000','#372/2, ground floor, lokesh building\r\nHogebandi garden, near DLF new town\r\nBegur road , bangalore','prashanth.shetty@bestserve.in',31),(52,'Jose Mathew','M','08040431144','9945601010','No. 46/3A, Kudlu Gate, 7th Main, Hosur Road, Bangalore-560068','jose@nanditoyota.com',72),(51,'Jose Mathew','M','08040431144','9945601010','No. 46/3A, Kudlu Gate, 7th Main, Hosur Road, Bangalore-560068','jose@nanditoyota.com',71),(32,'Cherry agencies pvt ltd','M','08033054843','9972498963','#115 lal bagh fort road near minerva circle next to nandhini hotel Bangalore','rnr@cherryagencies.com',39),(33,'Avinash Rao','M','8722912345','8722912345','No. 52, CMH Road, indira Nagar 2nd stage, bangalore','avinash@dreamersanddoers.com',40),(34,'Islamuddin Khan','M','08042180028','9900012483','No.1579, 11th main, 4th T block, Jayanagar, Bangalore-560041','jnr@cherryagencies.com',41),(36,'Madhu Nagaratna','F','08042137152','9900037081','No.6, mookambika avenue, service road, yeshwanthpur, bangalore-560022','ypr@cherryagencies.com',45),(37,'Ravi Kiran','M','08068006800','9945098452','#1780, 80 feet road, HSR Layout,\r\nSector-1, 19th Main Road,\r\nBangalore-560102','info@siliconcabs.in',46),(50,'Jose Mathew','M','08040431144','9945601010','No. 46/3A, Kudlu Gate, 7th Main, Hosur Road, Bangalore-560068','jose@nanditoyota.com',70),(39,'Prakhyat H Shirole','M','8197079999','8197079999','#12, 23rd Main, 7th A Cross, J P Nagar, 2nd Phase, opp to R V Dental College, Bangalore - 560078','director@thebosscarz.com',48),(40,'Sudarshan H G','M','8123443888','9844824229','No 107, Doddathogur, Bettadasapura Circle, Behind SNN Raj Neeladri Apartments, Begur Hobli, Bangalore','sudarshanexpresscarcare.in@gmail.com',49),(41,'M Usman Khan','M','08041505576','9880786311','#12, Patel Narayan Reddy Layout, 80 feet Road, 6th Block, Koramangala, Bengaluru','usmankhan31199@gmail.com',50),(48,'Prakash Takkalaki','M','08022282282','8147110532','xyxxxsss','prakash.takkalaki@gmail.com',58),(49,'Jose Mathew','M','08040431144','9945601010','No. 46/3A, Kudlu Gate, 7th Main, Hosur Road, Bangalore-560068','jose@nanditoyota.com',69),(43,'R Narendra','M','08040906883','9945225696','Market Square, No. 12/5, Kaikondrahalli, Varthur Hobli, Sarjapura Road, Bangalore','refreshcarspa@gmail.com',52),(44,'Prabhakar R','M','08025286634','9686190097','No.39, 515 Colony, HAL 3rd Stage, New Thippasandra, Bangalore','imaginepestservices@gmail.com',53),(45,'Abhishek B','M','08028605757','8497858687','#1163, Pandit Jawaharlal Nehru Road, BEML Layout, Beside Kaapikatte, Rajarajeshwari Nagar, Bangalore 560098','rapidcarcare12@gmail.com',54),(46,'Anish Mathew','M','08023450544','9663602575','#785, MES Road, Muthyalanagara, Gokula Extension, Bangalore','anishm555@gmail.com',55),(47,'Kishan M','M','08040905773','9008008009','No.4, K R Garden, 8th Block, Koramangala, Bangalore','kishan_ind@yahoo.com',56),(53,'Jose Mathew','M','08040431144','9945601010','No. 46/3A, Kudlu Gate, 7th Main, Hosur Road, Bangalore-560068','jithesh@nanditoyota.com',73),(54,'Jose Mathew','M','08040431144','9945601010','No. 46/3A, Kudlu Gate, 7th Main, Hosur Road, Bangalore-560068','jose@nanditoyota.com',74),(55,'Jose Mathew','M','08040431144','9945601010','No. 46/3A, Kudlu Gate, 7th Main, Hosur Road, Bangalore-560068','jose@nanditoyota.com',75),(56,'L Rubbesh Singh','M','04430005000','9841028680','No. 34, Ponamalle High Road, Koyambedu, Chennai-600107','rubbesh@lansontoyota.com',76),(57,'Sanjay Paul','M','08067031000','9900499599','No. 171/1, Inernational Airport Road, Hunasemaranahalli, Jala Hobli, Yelahanka, Bangalore-562157','sanjay.paul@vivatoyota.co.in',77),(58,'Sanjay Paul','M','08067031000','9900499599','No. 171/1, Inernational Airport Road, Hunasemaranahalli, Jala Hobli, Yelahanka, Bangalore-562157','sanjay.paul@vivatoyota.co.in',78),(59,'Sanjay Paul','M','08067031000','9900499599','No. 171/1, Inernational Airport Road, Hunasemaranahalli, Jala Hobli, Yelahanka, Bangalore-562157','sanjay.paul@vivatoyota.co.in',79),(60,'Javed Pometkar','M','02242431908','9833014922','16, LBS Marg, Kurla West, Mumbai - 400070','javedpometkar@madhubantoyota.com',80),(61,'Mr. DT Naik','M','01244730904','9871388087','MGF TOYOTA, CAPITAL VEHICLES SALES LTD. 10, IDC MEHRAULI ROAD, GURGAON-122006','nawani@mgftoyota.co.in',81),(62,'Col. A K Dayal','M','01244730999','9871644448','MGF TOYOTA, CAPITAL VEHICLES SALES LTD. C-1,UDYOG NAGAR INDUSTRIAL AREA, PEERAGARHI,NEW DELHI-110041\r\n','mathew@mgftoyota.co.in',82),(63,'Col. A.K.Dayal','M','01244730999','9871644448','MGF TOYOTA, CAPITAL VEHICLES SALES LTD. PLOT NO.10, DAULTABAD INDUSTRIAL AREA, SEC-105, DWARKA EXPRESSWAY,GURGAON-122006\r\n','kohli@mgftoyota.co.in',83),(64,'SH. MOHAN SINGH GULERIA','M','01892249303','9805042896','NH-20.HATWAS (NAGROTA BAGWAN) TEHSIL NAGROTA BAGWAN DISTT. KANGRA (H.P) - 176047                                                           ','silvermoon.toyota@gmail.com',84),(65,'Mr. Gagan Anand ','M','01792645000','9816700013','Anand Autocare Pvt.Ltd. Village Shamlaich  P.O. Barog, N.H.22 Barog bypass, Tehsil, District - Solan - 173211','anandtoyotasolan@gmail.com',85),(66,'Mr. Gagan Anand ','M','01792645000','9816700013','Anand Autocare Pvt.Ltd. Village Lunapani (Near Nagchala), P.O.Bhangrotu, Tehsil Balh, District - Mandi - 175021','anandtoyotasolan@gmail.com',86),(67,'Meena Kirloskar','F','08030111600','9845045526','No. 25, Chord Road, Opp. ISKON Temple, Rajajinagar Industrial Suburb, Bangalore - 560022','mvk@ravindu.co.in',87),(68,'Meena Kirloskar','F','08030111600','9845045526','3/1 Avalahalli Village, Bidarahalli Hobli, Virgonaga, Hoskote Road, Bangalore, Karnataka - 560049\r\n','mvk@ravindu.co.in',88),(69,'MR. ASHOK SACHDEV','M','01141466666','9310319444','GALAXY AUTOMOBILES PRIVATE LIMITED \r\n69/1A, NAJAFGARH ROAD, \r\nMOTI NAGAR CROSSING, DELHI.-110015','gmcs_mn@thesachdevgroup.com',89),(70,'MR. ASHOK SACHDEV','M','01141466666','9999534554','B-23, Okhla Industrial Area\r\nPhase-1, New Delhi\r\n110 020\r\n\r\n','gmcs_okhla1@thesachdevgroup.com',90),(71,'MR. ASHOK SACHDEV','M','01140099922','8447748909','PLOT NO.-5, RAJASTHAN UDYOG NAGAR, GT KARNAL ROAD ,NEW DELHI-110033\r\n\r\n','dl04a_cs@thesachdevgroup.com',91),(72,'Mr. Amar Pawar','M','02261227702','9870422794','504, Link Road, Chinchila Malad (West), Mumbai, Maharashtra - 400064\r\n','hcs@toyotalakozy.com',92),(73,'MR. ASHOK SACHDEV','M','01147333843','8447735433','GALAXY AUTOMOBILES PRIVATE LIMITED \r\nB-243,OKHLA INDUSTRIAL AREA PHASE -1, \r\nNEW DELHI-110020\r\n','dl06a_cs@thesachdevgroup.com',93),(74,'Deepak Rajpal','M','07556640017','9425059707','Opp. Hotel The Mark, Hoshangabad Road, Bhopal, Madhya Pradesh - 462015\r\n','deepak_toyota@yahoo.com',94),(76,'Sourabh Shaw','M','02067499555','9822080648','Gat No. 1342, 11th Milestone Village, Wagholi, Taluka Haveli, Dist Pune, Maharashtra  412207\r\n','anant.dhumal@shawtoyota.in',96),(75,'MR. ASHOK SACHDEV','M','01141466666','9310319444','Khasra no 31/16, GT Karnal Road, Near Parnami Ortho Hospital, Kundli, Dist. Sonepat, Haryana - 131028\r\n','ashoks@thesachdevgroup.com',95),(77,'MR.AJITBHAI MEHTA','M','07966041400','7698005978','64, Opposite Vikram Steel, Gondal Highway, Kangasiyali, Rajkot, Gujarat - 360004\r\n','rj01a_cs@infiniumtoyota.ooo',97),(78,'AJIT MEHTA','M','07966669500','7698005947','Opp. Ruby Rushi Coach Body Builder, NH-8, Nana Cheloda, Naroda Road, Ahmedabad, Gujarat - 382330\r\n','ah02a_cs@infiniumtoyota.ooo',98),(79,'Arul V Nath','M','04842930000','9895398623','XIX/9C, Nippon Towers, NH 47, HMT Junction, Kalamassery P O, Kochi-683104','arul@nippontoyota.com',99),(80,'Mr. Sumesh Chadha','M','01615211111','9915030701','NH-95, Village Bhanohar, Ferozepur Road, Ludhiana, Punjab - 141102\r\n','vpoperations@teamradiant.org',100),(81,'Mr. Sumesh Chadha','M','01636503222','9915030701','Village Bhugipura, Ferozpur Road, Near Oxford Public School, Moga - 142001, Punjab\r\n','vpoperations@teamradiant.org',101),(82,'Ashok D Patel','M','02782444444','9898098601','Plot No. 3-8, Opp. Akhlol Octroi Naka, Nr. Nari Chowkdi, Rajkot Highway, Bhavnagar, Gujarat - 364 001\r\n','Bv01a_cs@jaiganesh.co.in',102),(83,'Mr. Mahesh Bhagwat Chaudhari','M','02573027777','9049779999','Gat No. 16 & 18, NH-06 A/P, Manyarkheda, Tal District Jalgaon, Maharashtra - 425001','mahesh.c@ccplj.in',104),(84,'Laxmikantha Upadhyaya','M','08030111600','9845512036','No. 30, Magadi Main Road, Adjacent To Saraswathi Convention Hall, Toll Gate, Bangalore-560040','lku@ravindu.co.in',105),(85,'Laxmikantha Upadhyaya','M','08030111600','9845512036','No. 120, 6th Main Road, Peenya Industrial Suburb, Peenya 2nd Stage, Bangalore-560022','lku@ravindu.co.in',106),(86,'Laxmikantha Upadhyaya','M','08030111600','9845512036','No. 14/3, Melekote Outer Ring Road, Sadashivnagar, Tumkur-572105','cs_tum@ravindu.co.in',107),(87,'MR. ANIL B. SHINDE','M','02382263707','9890975757','Maharana Pratap, Nanded Road, Latur, Maharashtra - 413512\r\n','arjunshinde@rajyogtoyota.com',108),(88,'P Senthil Kumar','M','04024114122','9500089089','D No. 2-40/5, Kothaguda, Kondapur','ho_cs@harshaauto.com',109),(89,'MR. FELIX LOUIS','M','01204884019','9654165002','A-47, MOHAN CO-OPERATIVE INDUSTRIAL ESTATE \r\nMATHURA ROAD-110044','groupHCS@espirit-toyota.com',110),(90,'P Senthil Kumar','M','04024114122','9500089089','Sy No. 12, Sahebnagar Kurdu, Hayathnagar, RR District Balanagar(MNDL), Hyderabad-500090','ho_cs@harshaauto.com',111),(91,'AJIT MEHTA','M','07966041400','9824099405','S 12, Near PSL Industries, NH-8, Varsana, Anjar, Gandhidham, Gujarat - 370240\r\n','ajitm99@gmail.com',112),(92,'P Senthil Kumar','M','04024114122','9500089089','Sy No. 125, Hydernagar(Vill), R R District Balanagar(MNDL), Hyderabad-500090','ho_cs@harshaauto.com',113),(93,'AJIT MEHTA','M','07966041400','9824099405','Opp G.S.F.C., N.H. No 8, PO Dashrath, Vadodara. Gujarat - 391740\r\n','va03a_cs@infiniumtoyota.ooo',114),(94,'MR. FELIX LOUIS','M','01204973005','9654165002','SPIRITED AUTO CARS (I) LIMITED\r\nD-11, SEC-8, NOIDA,\r\nGAUTAM BUDH NAGAR (U.P.)-201301','agmservicenoida@espirit-toyota.com',115),(95,'AJIT MEHTA','M','07966041400','9824099405','INFINIUM MOTORS PVT LTD , OLD HIMALAYA MALL,OPP. WIDEANGLE, MEHSANA AHMEDABAD ROAD, MEHSANA - 384001\r\n','mx01a_cs@infiniumtoyota.ooo',116),(96,'P Senthil Kumar','M','04039997999','9500089089','Sy No. 233/1C, Beside Jubilee Petrol Pump, NH-7, Mamidalapadu-518003','ho_cs@harshaauto.com',117),(97,'AJIT MEHTA','M','07966041400','9824099405','Infinium Motors pvt ltd, Near Abadnagar bus stand, behind IOC Petrol Pump , Bopal , ahmedabad 380058','ah02b_cs@infiniumtoyota.ooo',118),(98,'P Senthil Kumar','M','04039997999','9500089089','Sy No.83,NH-5, Kakaturu(VILL), Venkatachalam(MD) 524320','ho_cs@harshaauto.com',119),(99,'P Senthil Kumar','M','04039997999','9500089089','Sy No. 717/A/2A, Renigunta Chittoor Bypass Road, Tukivakam Post-517520','ho_cs@harshaauto.com',120),(100,'AJIT MEHTA','M','8347001036','9824099405','3, Near Sabar Dairy, Himatnagar Ahmedabad Highway, Himatnagar, Gujarat - 383001\r\n','hi01a_cs@infiniumtoyota.ooo',121),(101,'P Senthil Kumar','M','04039997999','9500089089','Sy No. 112-10 B1, Beside Bhaskara Fertilizer, NH-44, Loluru Cross, Jambuladinne-515731','ho_cs@harshaauto.com',122),(102,'AJIT MEHTA','M','7698005949','9824099405','Infinium Motors Pvt Ltd , 842,Nr.,YMCA Club,Sarkhej Gandhinagar Highway,Jivraj Park,380051','ah01a_service@infiniumtoyota.ooo',123),(103,'MR. FELIX LOUIS','M','1204884019','9654165002',' D-37 & 38, Industrial Area, Site-IV, Surajpur, Kasna, Gautam Budh Nagar, Greater Noida, Uttar Pradesh - 201301','felix@sacil.in',124),(104,'Rahul Dev Sharma ','M','03612236621','7399073236','NH-37, Guwahati By-pass, Opp. DTO, Betkuchi, Guwahati, Assam - 781034','cs@gargyatoyota.com',125),(105,'Mr. AMIT RATHOD','M','8511180511','9898907755','Sr NO. 315/1,N.H. No 8, Balitha, Vapi, Gujarat - 396191\r\n','vp01a_cs@rathodtoyota.com',126),(106,'Rishi Aggarwal','M','9115604009','8968354321','GT Road, Jugiana, Ludhiana, Punjab - 141120\r\n','rishi@globeauto.in',127),(107,'Rishi Aggarwal','M','9646049155','8968354321','B-51, Phase - VI, Industrial Area, Mohali, Chandigarh - 160009\r\n','rishi@globeauto.in',128),(108,'Rishi Aggarwal','M','8950580713','8968354321','Village Bhindra, Patiala - Sangrur Road, Tehsil - Sangrur, Punjab -148001.\r\n','rishi@globeauto.in',129),(109,'Rishi Aggarwal','M','9467030778','8968354321','GT Road, Opp P.T.C Madhuban, Karnal, Haryana - 132001\r\n','rishi@globeauto.in',130),(110,'Rishi Aggarwal','M','9729549102','8968354321','Opp. Springfield School, NH-22, Ambala Chandigarh Highway, Ambala, Haryana - 134007\r\n','rishi@globeauto.in',131),(111,'Rishi Aggarwal','M','8398000399','8968354321','Village Karhans Tehsil, District - Samalkha, Panipat, Haryana - 132101\r\n','rishi@globeauto.in',132),(112,'Rishi Aggarwal','M','9034111209','8968354321','NH - 73 (New NH 07), Village Mauja Kail, Tehsil Jagadhari, Yamunanagar, Haryana - 135003\r\n','rishi@globeauto.in',133),(113,'SAMPAT SINGH','M','01725288888','9814900000','177 H&I, Industrial Area, Phase - 1, Chandigarh - 160022\r\n','sampat@pioneertoyota.com',134),(114,'MR. RANJOT SINGH UPPAL','M','01262300400','8295908022','SATYAM AUTOSERVE PRIVATE LIMITED\r\nHISAR ROAD, NEAR OLD BANGER FLYOVER, ROHTAK  124001\r\n','rh01a_dgmservice@satyamautoserve.com',135),(115,'MR. RANJOT SINGH UPPAL','M','01276224100','8295908022','SATYAM AUTOSERVE PRIVATE LIMITED\r\nA-54, KHASRA NO. 58/3, MIE, PART-B, MOZA HASAN PUR,\r\nTEHSIL BAHADURGARH, DELHI-ROHTAK ROAD, BAHADURGARH\r\nJHAJJAR, HARYANA-124507','rh01a_dgmservice@satyamautoserve.com',136),(116,'Chandra Shekar','M','0891278266','9959111472','No.164/1, Paradesipalem, Marikavalasa, Madhuravada, NH-5, Vishakapatnam-530041','vi01a_cs@radhagroup.net',137),(117,'P K . Duraisamy','M','8883099000','9842812300','5/86-87, Vellakinar Main Road, Near Railway Gate, Thudiyalur, Coimbatore, Tamil Nadu - 641034\r\n','cm01a_cs@anaamalaistoyota.com',138),(118,'P K . Duraisamy','M','9842324700','9842812300','S.F.No: 11/1b, Kanthampalayam Village,Near Nasiyanur Road Pirivu, Coimbatore To Salem (Nh47),Nasiyanur,Erode-638107\r\n','er01a_cs@anaamalaistoyota.com',139),(119,'P K . Duraisamy','M','9976139700','9842812300','67/1B2, Rasipuram Mainroad, Nh7, Mallur Via,P.Mettur Post, Salem -636203\r\n','se01a_cs@anaamalaistoyota.com',140),(120,'P K . Duraisamy','M','9842927800','9842812300','Sf.No.:296/1C & 2A,Palladam -Tirupur Main Road,Kungumapalayam Pirivu, Naranapuram Post, Tirupur - 641664\r\n','tp01a_cs@anaamalaistoyota.com',141),(121,'P K . Duraisamy','M','9750927600','9842812300','2-86, Tirunelveli Main Road, Ozhuginasery, Nagercovil- 629001, Kanyakumari 629001\r\n','yuvarajan@anaamalaistoyota.com',142),(122,'P K . Duraisamy','M','9842269300','9842812300','100, ByPass Road, Thimmaraya Samuthiram, Thiruvanaikovil, Trichy - 620005','dmd.anaamalais@gmail.com',143),(123,'P K . Duraisamy','M','9842914800','9842812300','166/5, Chennai Main Road, Koranattu Karuppur, Kumbakonam - 612 501\r\n','dmd.anaamalais@gmail.com',144),(124,'P K . Duraisamy','M','9865896400','9842812300','H / 18 - 20 , Sidco Industrial Estate, Kappalur, Madurai - 625 008\r\n','dmd.anaamalais@gmail.com',145),(125,'P K . Duraisamy','M','9865263500','9842812300','227/2, Takkarammalpuram, NH-7 , Trivandrum High Road, Tirunelveli - 627007\r\n','tn01a_cs@anaamalaistoyota.com',146),(126,'P K . Duraisamy','M','9842775700','9842812300','SF No.285/B,286/B & 287/1, Opp.AAA College Of Engineering, Amathur Village, Virudhunagar- Sivakasi Road,Virdhunagar- 626005\r\n','dmd.anaamalais@gmail.com',147),(127,'MR. VIKRAM SURI','M','01244687809','9717049888','39TH MILE STONE N.H.-8, NEAR SHANI MANDIR,SECTOR-35 ,GURGAON-122004','gu02a_vp@gracetoyota.in',148),(128,'M. Lankalingam','M','04430005000','9841010110','10, Radial Road, Pallikarnai, Chennai, Tamil Nadu - 600100\r\n\r\n','ll@lansongroup.com',149),(129,'MR. RATNESH SINGH BAGHEL','M','8573030655','9415231443','P-20, Industrial Estate, Gwalior Road, Jhansi, Uttar Pradesh - 284003\r\n','jmkratnesh@gmail.com',150),(130,'Mr. Neeraj Kumar Sahu','M','05123017616','9918101217','7 Km from Rama Devi Square, NH-2, Rooma Industrial Area, Kanpur, Uttar Pradesh - 208001\r\n','kp01a_service@sunnytoyota.co.in',151),(131,'Mr. Chandra Shekhar Nagar','M','01294293636','8800586654','14/7, MAIN MATHURA ROAD FARIDABAD-121003','fa01a_cs@thirtysixtoyota.in',152),(132,'M. Lankalingam','M','9094022019','9841010110','No. 18, Ellapillai Chavadi Main Road, Ellapillai Chavadi, Near Rajiv Gandhi Statue, Landmark - Near Rajiv Gandhi Statue,\r\nPuducherry-605009','ll@lansongroup.com',153),(133,'Mr Sanjay Handa','M','9915145381','9876002110','Village Chakgujra, Niara, Opp. Reliance Petrol Pump, Jalandhar Road, Hoshiarpur, Punjab - 146022\r\n','md@castletoyota.co.in',154),(134,'Mr Sanjay Handa','M','9876002110','9876002110','Paragpur, G.T.Road, Jalandhar Cantt, Punjab - 144001\r\n','md@castletoyota.co.in',155),(135,'Mr Sanjay Handa','M','1823306006','9876002110','Village Langorya, Chandigarh Road, Nawanshahr, Punjab - 144516\r\n','md@castletoyota.co.in',156),(136,'Mr Sanjay Handa','M','9976002111','9876002110','ANR Motors Pvt. Ltd., Khasra No. 8/3/2 ETC, Village Nurpur, Jalandhar-144012, Punjab\r\n','md@castletoyota.co.in',157),(137,'Mihir Nanavati','M','7698888880','9825100963','Plot No. 220+328, Opp.ONGC, Paiki GIDC, Bhutpore, Hazira road, Surat, Gujarat - 394510','mihir@nanavatitoyota.com',158),(138,'Mr. Vivek Garg','M','9690017774','7500247001','698, Partapur Baral, Delhi By Pass Road, Meerut, Uttar Pradesh - 250103\r\n','auditor@grandtoyota.com',159),(139,'Mr. Chandra Shekhar Nagar','M','01141363636','8750636367','C  108/109, Mayapuri Industrial Area, Phase II, New Delhi - 110064','dl09a_cs@thirtysixtoyota.in',160),(140,'Cherukupalli Chaitanya Reddy','M','9963055677','9963055677','Sy No. 356/1, 356/3, 356/3/1, 356/4, Urus, Kareemabad, Warangal, Telangana-506002','chaitanya@kakatiyatoyota.co.in',161),(141,'Mr. Rajan Adlakha','M','01204000900','9810510567','B-35, Site  IV, Industrial Area Sahibabad, Ghaziabad, UP-201010\r\n\r\n','adlakharajan@yahoo.co.in',162),(142,'Narendra Mehta','M','9819670751','9820030608','C/o Tulsi Enterprises, Plot No.1/150, Jakaria Bunder Road, Kalachowki Road, Opp.Cotton Green Railway Station, Cotton Green (West), Mumbai, Maharashtra - 400033\r\n','narendramehta@madhubantoyota.com',163),(143,'Narendra Mehta','M','8652178181','9820030608','C/O Raey Road Iron & Metal Warehousing Pvt. Ltd., Magzine Street, Near Raey Road Station, Darukhana, Mumbai-400010','narendramehta@madhubantoyota.com',164),(144,'J. K. Gupta','M','01833010421','9814065662','218/219, G T Road, Near Bye Pass, Daburji, Amritsar, Punjab - 143001\r\n','chairman@castletoyota.co.in',165),(145,'Mr. Rajan Adlakha','M','01204000900','9810510567','A-11, Meerut Road, Industrial Area,\r\nGhaziabad , UP-201003','adlakharajan@yahoo.co.in',166),(146,'Mr. Rajan Adlakha','M','01204000900','9810510567','H-3, Sector 63 Noida, UP  201304','adlakharajan@yahoo.co.in',167),(147,'Mr. AMIT RATHOD','M','9898907755','9898907755','Block No.1064, Opp Sai Mandir, N.H.NO.08,Sisodra,Ganesh, Navsari, Gujarat - 306463.','md@rathodtoyota.com',168),(148,'Mr. Prashant D. Chhabra','M','07126450157','9850844641','National Highway No. 7 Opp. All India Radio, Kamptee Road, Nagpur City, Nagpur, Maharashtra 441002','accountsales@gracetoyota.co.in',169),(149,'Mr. Prashant D. Chhabra','M','07126450157','9850844641','NH.NO.06, Murtizapur Road, Shivni Village, Nagpur, Maharashtra 444101','accountsales@gracetoyota.co.in',170),(150,'Mr. Prashant D. Chhabra','M','07126450157','9850844641','S. No. 59/1, Mauja Rahatgaon, Amravati, Maharashtra 444601','accountsales@gracetoyota.co.in',171),(151,'Bhavesh Sharma','M','2656132000','9727221111','987/10, Opp. Makarpura Bus depot, G.I.D.C, Vadodara.','bhavesh@narmadatoyota.com',172),(152,'Bhavesh Sharma','M','2656132000','9727221111','SURVEY NO. 272 & 275, BETWEEN SAMARKHA & N.H.8, ANAND.','bhavesh@narmadatoyota.com',173),(153,'M. Lankalingam','M','04430005000','9841010110','51/D, Katpadi Thiruvalam Road, Opp. VIT Staff Quarters, Katpadi, Vellore, Tamil Nadu ','ll@lansongroup.com',174),(154,'M. Lankalingam','M','04430005000','9841010110','No 638, Near Rain Tree hotel, Anna Salai, Nandanam, Chennai - 600065','ll@lansongroup.com',175),(155,'M. Lankalingam','M','04430005000','9841010110','611, East Coast Road, Neelankarai, Chennai, Tamil Nadu - 600041\r\n','ll@lansongroup.com',176),(156,'M. Subrahmanyam','M','08632512217','9000918855','NH-5, Survey no: 647/A/B, Ankireddypalem, Lalpuram, Gunter, Andhra Pradesh  522002\r\n','Vj01a_cs@raghagroup.net',177),(157,'Mr. Rahul Goenka','M','0532256732','7570801251','ANDHWA,VARANASI ALLAHABAD ROAD, JHUNSI,ALLAHABAD,UTTAR PRADESH - 211019\r\n\r\n\r\n\r\n\r\n\r\n','rahul@goenkagroup.net',178),(158,'J. K. Gupta','M','9876702012','9814065662','Village Piddi, Harike Road, Tarn Taran, Punjab - 143401','service_tt01a@castletoyota.co.in',179),(159,'J. K. Gupta','M','01833010421','9814065662','Near Jalandhar Kunj, Kapurthala Road, Jalandhar, Punjab - 144002\r\n','chairman@castletoyota.co.in',180),(160,'M.Harshavardhan Naidu','M','04039997999','9866799669','D.no.4-34,Mamidalapadu,Near Santosh nager ,KU Beside IOC petrol pump,KURNOOL','ku01a_service@harshaauto.com',182),(161,'G K Rao','M','08242276639','9686977100','N H 75, Near Padil Junction, Padil, Mangalore-575007','vp@unitedtoyota.net',183),(162,'G K Rao','M','08242276639','9686977100','NO 2-18D, NH - 66, Udyavara, Udyavara Post, UDUPI - 574118.','vp@unitedtoyota.net',184),(163,'HARSHAVARDHAN NAIDU','M','08773029900','8008203869','\r\n8-103,Tukivakam village Renigunta( M) ,Tirupati\r\n','tu01a_cs@harsahauto.com',185),(164,'Mr. Rahul Goenka','M','9628477999','9839144555','Varanasi Allahabad Road, Hardatpur, Varanasi, Uttar Pradesh - 221002\r\n','rahul@goenkagroup.net',186),(165,'Mr. Rahul. Goenka','M','9389923121','9839144555','C 3 Sector 11, GIDA, Gorakhpur, Uttar Pradesh - 271010\r\n','rahul@goenkagroup.net',187),(166,'Mr. Rahul. Goenka','M','7311148525','9839144555','A-83, RIICO Industrial Area, Madri, Udaipur, Rajasthan - 313003\r\n','rahul@goenkagroup.net',188),(167,'Sangangouda R Patil','M','08214248222','9538874909','No. 33-A, Sy No. 70/1, 70/2 & 170, Hootagally Industrial Area, Koorgalli Village & Post, Yelawala Hobli, Mysore - 570018','my01a_cs@palacetoyota.com',189),(168,'Mr. Amit Kumar Singh.','M','0336501933','8335073800','NH-6,BOMBAY ROAD,MOHIARY CHADNI BAGAN,\r\nNEAR SARASWATI BRIDGE,HOWRAH-711302.\r\n','gmservicetoyota@sainigroups.in',190),(169,'MR. VIJAY KUNDANLAL WASAN','M','02536649999','9881201234','Kundanlal Wasan Nagar, Late Kundanlal Wasan Marg, Mumbai Agra Road, Nashik, Maharashtra 422009','gmcs.nsk@wasantoyota.com',191),(170,'M. Subrahmanyam','M','08662844008','9000918859','Besides A.P.Seeds corporation, Prasadampadu, NH-5, Vijayawada, Andhra Pradesh - 521108\r\n','vj01a_cs@raghagroup.net',192),(171,'Vijay Kumar Sahu','M','05223301300','9839120012','Faizabad Road, Chinhat, Lucknow - 227105','vijay@sahugroup.com',193),(172,'Vijay Kumar Sahu','M','9893120012','9893120012','Near Amousi Airport, Kanpur Road, Lucknow - 226001','vijay@sahugroup.com',194),(173,'Vijay Kumar Sahu','M','9918101409','9893120012','632, Artoni, Agra Mathura Road, Agra, Uttar Pradesh - 282007','vijay@sahugroup.com',195),(174,'Mr. MOHINISH BHARDWAJ','M','9430014229','9430014229','BHIKHANPURA DIH,OPPOSITE KISHORE PETROLPUMP, RAMDYALU NAGAR, MUZAFFARPUR- 842001','mb.nbaa@gmail.com',196),(175,'Amar Pawar','M','02261227702','9870422794','1, Mahal Industrial Estate, Mahakali Caves Road, Andheri (East), Mumbai, Maharashtra - 400093\r\n','hcs@toyotalakozy.com',197),(176,'Mr. Pavan ','M','8884444476','8884444476','No. 17/B-16, C Sector, Doddaballapur Road, Opp To Rail Wheel Factory, Yelahanka New Town, Bangalore - 560064','srivarityres1@gmail.com',198);
/*!40000 ALTER TABLE `services_partnerasowner` ENABLE KEYS */;
UNLOCK TABLES;

--
-- Table structure for table `services_partnerbranch`
--

DROP TABLE IF EXISTS `services_partnerbranch`;
/*!40101 SET @saved_cs_client     = @@character_set_client */;
/*!40101 SET character_set_client = utf8 */;
CREATE TABLE `services_partnerbranch` (
  `id` int(11) NOT NULL AUTO_INCREMENT,
  `branch_address` varchar(255) NOT NULL,
  `pin_code` varchar(6) NOT NULL,
  `landline` varchar(11) NOT NULL,
  `authorized_person_name` varchar(255) NOT NULL,
  `authorized_person_gender` varchar(1) NOT NULL,
  `authorized_person_landline` varchar(11) NOT NULL,
  `authorized_person_mobile_number` varchar(10) NOT NULL,
  `authorized_person_address` varchar(255) NOT NULL,
  `authorized_person_email` varchar(255) NOT NULL,
  `same_as_owner` tinyint(1) NOT NULL,
  `city_id` int(11) NOT NULL,
  `partner_id` int(11) NOT NULL,
  `state_id` int(11) NOT NULL,
  PRIMARY KEY (`id`),
  KEY `services_partnerbranch_c7141997` (`city_id`),
  KEY `services_partnerbranch_4e98b6eb` (`partner_id`),
  KEY `services_partnerbranch_d5582625` (`state_id`)
) ENGINE=MyISAM AUTO_INCREMENT=177 DEFAULT CHARSET=latin1;
/*!40101 SET character_set_client = @saved_cs_client */;

--
-- Dumping data for table `services_partnerbranch`
--

LOCK TABLES `services_partnerbranch` WRITE;
/*!40000 ALTER TABLE `services_partnerbranch` DISABLE KEYS */;
INSERT INTO `services_partnerbranch` VALUES (31,'#435, mico layout/btm layout/btm layout/7th main, 7th cross, near bank of taverncare, bangalore.','560076','0000000000','Shiv kumar','M','0000000000','9972439010','#435, mico layout/btm layout/btm layout/7th main, 7th cross, near bank of taverncare, bangalore.','btm@cherryagencies.com',1,1,38,1),(32,'C/o pethis corner bpcl premises dr.rajkumar road rajajinagar Bangalore','560010','08033054843','Nataraj','M','08023507164','9900023782','C/o pethis corner bpcl premises dr.rajkumar road rajajinagar Bangalore','rnr@cherryagencies.com',0,1,39,1),(30,'#1 kh road shanthi nagar Bangalore','560027','08041656035','Gopinath','M','08041656035','9741009955','#1khr road shanthi nagar Bangalore','khr@cherryagencies.com',0,1,37,1),(29,'# 473, East End Main road, Jayanagar, 9th block, Bangalore 560069','560069','08041504556','Rajendra Surana','M','08041504556','9448517921','# 473, East End Main road, Jayanagar, 9th block, Bangalore 560069','konarks.rajendra@gmail.com',1,1,35,1),(25,'#372/2, ground floor, lokesh building\r\nHogebandi garden, near DLF new town\r\nBegur road, bangalore','560068','08060500605','Utsav shetty','M','08060500605','8884442611','#372/2, ground floor, lokesh building\r\nHogebandi garden, near DLF new town\r\nBegur road , bangalore','utsav.shetty@bestserve.in',0,1,31,1),(27,'#9/10 surya complex next to airtel office,konappana agrahara electronic city post Bangalore','560100','08033054843','Shivshankar','M','08033054843','9972295683','#9/10 surya complex,next to airtel office,konappana agrahara electronic city post,Bangalore','elc@cherryagencies.com',0,1,33,1),(28,'#218,double road,next to adigas hotel,near bda complex,Bangalore','560038','08033054843','Basavaraj','M','08033054843','9591003322','#218 double road,next to adigas hotel,near bda complex,Bangalore','inr@cherryagencies.com',0,1,34,1),(52,'No. 4117, K R Road, Banashankari 2nd Stage','560070','08040431111','Jithesh T','M','08040431111','9901902572','No. 4117, K R Road, Banashankari 2nd Stage, Bangalore-560070','jithesh@nanditoyota.com',0,1,72,1),(33,'Motoadda','560038','8722912345','Avinash Rao','M','8722912345','8722912345','No. 52, CMH Road, indira Nagar 2nd stage, bangalore','avinash@dreamersanddoers.com',1,1,40,1),(34,'No.1579, 11th main, 4th T block, Jayanagar, Bangalore-560041','560941','08042180028','Islamuddin Khan','M','08042180028','9900012483','No.1579, 11th main, 4th T block, Jayanagar, Bangalore-560041','jnr@cherryagencies.com',1,1,41,1),(51,'No. 6/1, Kanakapura Road, Paramount Gardens, Jyotipuram','560062','08040431111','Jithesh T','M','08040431111','9901902572','No. 6/1, Kanakapura Road, Paramount Gardens, Jyotipuram, Bangalore-560062','jithesh@nanditoyota.com',0,1,71,1),(36,'No.6, mookambika avenue, service road, yeshwanthpur','560022','08042137152','Madhu Nagaratna','F','08042137152','9900037081','No.6, mookambika avenue, service road, yeshwanthpur, bangalore-560022','ypr@cherryagencies.com',1,1,45,1),(37,'#1780, 80 feet road, HSR Layout,\r\nSector-1, 19th Main Road,\r\nBangalore','560102','08068006800','Ravi Kiran','M','08068006800','9945098452','#1780, 80 feet road, HSR Layout,\r\nSector-1, 19th Main Road,\r\nBangalore-560102','info@siliconcabs.in',1,1,46,1),(50,'No. 43/1B, DRC Post, Bannerghatta Main Road','560029','08040431111','Gurudutt P','M','08040431111','9886066779','No. 43/1B, DRC Post, Bannerghatta Main Road, Bangalore-560029','gurup@nanditoyota.com',0,1,70,1),(39,'#12, 23rd Main, 7th A Cross, J P Nagar, 2nd Phase, opp to R V Dental College, Bangalore - 560078','560078','8197079999','Prakhyat H Shirole','M','8197079999','8197079999','#12, 23rd Main, 7th A Cross, J P Nagar, 2nd Phase, opp to R V Dental College, Bangalore - 560078','director@thebosscarz.com',1,1,48,1),(40,'No 107, Doddathogur, Bettadasapura Circle, Behind SNN Raj Neeladri Apartments, Begur Hobli, Bangalore','560100','8123443888','Sudarshan H G','M','8123443888','9844824229','No 107, Doddathogur, Bettadasapura Circle, Behind SNN Raj Neeladri Apartments, Begur Hobli, Bangalore','sudarshanexpresscarcare.in@gmail.com',1,1,49,1),(41,'#12, Patel Narayan Reddy Layout, 80 feet Road, 6th Block, Koramangala, Bengaluru','560095','08041505576','M Usman Khan','M','08041505576','9880786311','#12, Patel Narayan Reddy Layout, 80 feet Road, 6th Block, Koramangala, Bengaluru','usmankhan31199@gmail.com',0,1,50,1),(48,'Forktechnologies Pvt Ltd\r\n#156 ,2ND STAGE WEST OF CHORD ROAD','560072','08022222222','Prakash Takkalaki','M','08022282282','8147110532','xyxxxsss','prakash.takkalaki@gmail.com',1,1,58,1),(49,'No. 46/3A, Kudlu Gate, 7th Main, Hosur Road','560068','08040431111','Gurudutt P','M','08040431111','9886066779','No. 46/3A, Kudlu Gate, 7th Main, Hosur Road, Bangalore-560068','gurup@nanditoyota.com',0,1,69,1),(43,'Market Square, No. 12/5, Kaikondrahalli, Varthur Hobli, Sarjapura Road, Bangalore','560037','08040906883','R Narendra','M','08040906883','9945225696','Market Square, No. 12/5, Kaikondrahalli, Varthur Hobli, Sarjapura Road, Bangalore','refreshcarspa@gmail.com',1,1,52,1),(44,'No.39, 515 Colony, HAL 3rd Stage, New Thippasandra, Bangalore','560075','08025286634','Prabhakar R','M','08025286634','9686190097','No.39, 515 Colony, HAL 3rd Stage, New Thippasandra, Bangalore','imaginepestservices@gmail.com',1,1,53,1),(45,'#1163, Pandit Jawaharlal Nehru Road, BEML Layout, Beside Kaapikatte, Rajarajeshwari Nagar, Bangalore 560098','560098','08028605757','Abhishek B','M','08028605757','8497858687','#1163, Pandit Jawaharlal Nehru Road, BEML Layout, Beside Kaapikatte, Rajarajeshwari Nagar, Bangalore 560098','rapidcarcare12@gmail.com',1,1,54,1),(46,'#785, MES Road, Muthyalanagar, Gokula Extension, Bangalore','560013','08023450544','Jijo','M','08023450544','8105525544','#785, MES Road, Muthyalanagar, Gokula Extension, Bangalore','carwashnwipe@gmail.com',0,1,55,1),(47,'No.4, K R Garden, 8th Block, Koramangala, Bangalore','560095','08040905773','Kishan M','M','08040905773','9008008009','No.4, K R Garden, 8th Block, Koramangala, Bangalore - 560095','kishan_ind@yahoo.com',1,1,56,1),(53,'No. 88/364/51, Banaswadi Ward No.88, Service Road, Banaswadi Ring Road, Banaswadi','560043','08040431111','Rajesh S N','M','08040431111','9886219849','No. 88/364/51, Banaswadi Ward No.88, Service Road, Banaswadi Ring Road, Banaswadi, Bangalore-560043','rajeshsn@nanditoyota.com',0,1,73,1),(54,'No. 372/344/269, Sy No. 69/5, Bommanahalli','560068','08040431111','Manjunath G S','M','08040431111','9901900023','No. 372/344/269, Sy No. 69/5, Bommanahalli, Bangalore-560068','manjunath@nanditoyota.com',0,1,74,1),(55,'No. 7I&7J, KIADB Industrial Area, Phase 1, Whitefield','560048','08040431111','Vijaykumar Chayagol','M','08040431111','9900333500','No. 7I&7J, KIADB Industrial Area, Phase 1, Whitefield, Bangalore-560048','vijaykumar@nanditoyota.com',0,1,75,1),(56,'No. 34, Ponnamallee High Road, Koyambedu\r\n','600107','04430005000','V. Selvaraj','M','04430005000','9842330700','No. 34, Ponnamallee High Road, Koyambedu, Chennai-600107','vselvaraj@lansontoyota.com',0,50,76,2),(57,'No. 171/1, Inernational Airport Road, Hunasemaranahalli, Jala Hobli, Yelahanka','562157','08067031000','Brijesh B Patil','M','08067031000','9900021911','No. 171/1, Inernational Airport Road, Hunasemaranahalli, Jala Hobli, Yelahanka, Bangalore-562157','bl06b_agm@vivatoyota.co.in',0,1,77,1),(58,'No. 552/512, Maruthi Nagar, Kogilu Main Road, Yelahanka','560064','08067031000','Girish T R','M','08067031000','9900035303','No. 552/512, Maruthi Nagar, Kogilu Main Road, Yelahanka, Bangalore-560064','bl06b_cs@vivatoyota.co.in',0,1,78,1),(59,'No. 234, Panthara Palya, Opp. BHEL, Mysore Road','560039','08067031000','Hemanth Raj V','M','08067031000','8861888449','No. 234, Panthara Palya, Opp. BHEL, Mysore Road, Bangalore-560039','gmservice@vivatoyota.co.in',0,1,79,1),(60,'16, LBS Marg, Kurla West, Mumbai','400070','02242431999','Zakir Shaik','M','02242439808','9930146624','16, LBS Marg, Kurla West, Mumbai - 400070','zakir@madhubantoyota.com',0,180,80,4),(61,'MGF TOYOTA, CAPITAL VEHICLES SALES LTD. 10, IDC MEHRAULI ROAD','122006','01244730904','Gagan Sharma','M','01244730977','9015846467','MGF TOYOTA, CAPITAL VEHICLES SALES LTD. 10, IDC MEHRAULI ROAD, GURGAON-122006','asm_gu01a@mgftoyota.co.in',0,98,81,28),(62,'MGF TOYOTA, CAPITAL VEHICLES SALES LTD. C-1,UDYOG NAGAR INDUSTRIAL AREA, PEERAGARHI, NEW DELHI\r\n','110041','01244730999','K.K.Methew','M','01147675555','9810386624','MGF TOYOTA, CAPITAL VEHICLES SALES LTD. C-1,UDYOG NAGAR INDUSTRIAL AREA, PEERAGARHI,NEW DELHI-110041\r\n','mathew@mgftoyota.co.in',0,86,82,3),(63,'MGF TOYOTA, CAPITAL VEHICLES SALES LTD. PLOT NO.10, DAULTABAD INDUSTRIAL AREA, SEC-105, DWARKA EXPRESSWAY','122006','0124473099','jitendar Kohli','M','8527165858','9810178169','MGF TOYOTA, CAPITAL VEHICLES SALES LTD. PLOT NO.10, DAULTABAD INDUSTRIAL AREA, SEC-105, DWARKA EXPRESSWAY, GURGAON-122006\r\n','kohli@mgftoyota.co.in',0,98,83,28),(64,'NH-20.HATWAS (NAGROTA BAGWAN) TEHSIL NAGROTA BAGWAN DISTRICT  ','176047','0189249303','MR. VINOD KATOCH','M','0189249303','9805095077','NH-20.HATWAS (NAGROTA BAGWAN) TEHSIL NAGROTA BAGWAN DISTT. KANGRA (H.P) - 176047  ','silvermoon.toyota@gmail.com',0,111,84,17),(65,'Anand Autocare Pvt.Ltd. Village Shamlaich  P.O. Barog, N.H.22 Barog bypass, Tehsil, District - Solan','173211','01792645000','Devender Thakur','M','01792645000','9218606050','Anand Autocare Pvt.Ltd. Village Shamlaich  P.O. Barog, N.H.22 Barog bypass, Tehsil, District - Solan - 173211','anandtoyota.gmcs@gmail.com',0,77,85,17),(66,'Anand Autocare Pvt.Ltd. Village Lunapani (Near Nagchala), P.O.Bhangrotu, Tehsil Balh, District - Mandi','175021','01792645000','Ravi Kadani','M','09105645000','9218303051','Anand Autocare Pvt.Ltd. Village Lunapani (Near Nagchala), P.O.Bhangrotu, Tehsil Balh, District - Mandi - 175021','anandtoyota.gmcs@gmail.com',0,76,86,17),(67,'No. 25, Chord Road, Opp. ISKON Temple, Rajajinagar Industrial Suburb, Bangalore','560022','08030111600','Ratheesh. S','M','08030111600','7760994154','No. 25, Chord Road, Opp. ISKON Temple, Rajajinagar Industrial Suburb, Bangalore - 560022','cs@ravindu.co.in',0,1,87,1),(68,'3/1 Avalahalli Village, Bidarahalli Hobli, Virgonaga, Hoskote Road','560049','08030111600','G S. Channaveerappa','M','08030111600','9880292058','3/1 Avalahalli Village, Bidarahalli Hobli, Virgonaga, Hoskote Road, Bangalore, Karnataka - 560049\r\n','cs_avl@ravindu.co.in',0,1,88,1),(69,'Galaxy Automobiles Private Limited \r\n69/1A, NAJAFGARH ROAD, \r\nMOTI NAGAR CROSSING,DELHI','110015','01141466666','MR. PRADEEP KUMAR SHARMA','M','01141466666','9999534561','Galaxy Automobiles Private Limited \r\n69/1A, NAJAFGARH ROAD, \r\nMOTI NAGAR CROSSING,DELHI-110015','dl01a_parts@thesachdevgroup.com',0,86,89,3),(70,'B-23, Okhla Industrial Area\r\nPhase-1, New Delhi\r\n110 020\r\n','110020','01143147132','MR. Devendra Mehrotra','M','01143147132','8447735080','B-23, Okhla Industrial Area\r\nPhase-1, New Delhi\r\n110 020\r\n','partsgalaxy_okhla@thesachdevgroup.com',0,86,90,3),(71,'PLOT NO.-5, RAJASTHAN UDYOG NAGAR, GT KARNAL ROAD\r\n\r\n','110033','01140099922','MR. SANJAY BAKSHI','M','01140099922','8447732767','PLOT NO.-5, RAJASTHAN UDYOG NAGAR, GT KARNAL ROAD ,NEW DELHI-110033\r\n\r\n','dl04a_parts@thesachdevgroup.com',0,86,91,3),(72,'504, Link Road, Malad (West) Chinchila\r\n','400064','02261227777','Mr Vinay Kharkar','M','02261227777','9870506227','504, Link Road, Chinchila Malad (West), Mumbai, Maharashtra - 400064\r\n','mu02a_cs@toyotalakozy.com',0,180,92,4),(73,'GALAXY AUTOMOBILES PRIVATE LIMITED \r\nB-243,OKHLA INDUSTRIAL AREA PHASE -1, \r\nNEW DELHI-110020\r\n','110020','01147333843','MR. MUKESH TEWATIA','M','01147333843','8447735070','GALAXY AUTOMOBILES PRIVATE LIMITED \r\nB-243,OKHLA INDUSTRIAL AREA PHASE -1, \r\nNEW DELHI-110020\r\n','dl06a_serviceparts@thesachdevgroup.com',0,86,93,3),(74,'Opp. Hotel The Mark, Hoshangabad Road\r\n','462015','07556440002','Mukesh Karode','M','07556640009','9425017201','Opp. Hotel The Mark, Hoshangabad Road, Bhopal, Madhya Pradesh - 462015\r\n','bo01a_cs@rajpal-toyota.com',0,136,94,24),(176,'No. 17/B-16, C Sector, Doddaballapur Road, Opp To Rail Wheel Factory, Yelahanka New Town','560064','8884444476','Mr. Pavan ','M','8884444476','8884444476','No. 17/B-16, C Sector, Doddaballapur Road, Opp To Rail Wheel Factory, Yelahanka New Town, Bangalore - 560064','srivarityres1@gmail.com',1,1,198,1),(75,'Khasra no 31/16, GT Karnal Road, Near Parnami Ortho Hospital, Dist. Sonepat\r\n','131028','01141466666','MR. SHIV KUMAR SHARMA','M','01302374501','9310319444','Khasra no 31/16, GT Karnal Road, Near Parnami Ortho Hospital, Kundli, Dist. Sonepat, Haryana-131028\r\n','gmcs_sn01a@thesachdevgroup.com',0,89,95,28),(76,'Gat No. 1342, 11th Milestone Village, Wagholi, Taluka Haveli\r\n','412207','02067499555','Anant Dhumal','M','02067499555','7887809555','Gat No. 1342, 11th Milestone Village, Wagholi, Taluka Haveli, Dist Pune, Maharashtra  412207\r\n','anant.dhumal@shawtoyota.in',0,152,96,4),(77,'64, Opposite Vikram Steel, Gondal Highway, Kangasiyali\r\n','360004','02816196000','Hardik Dave','M','02816196000','7698005978','64, Opposite Vikram Steel, Gondal Highway, Kangasiyali, Rajkot, Gujarat - 360004\r\n','rj01a_cs@infiniumtoyota.ooo',0,169,97,26),(78,'Opp. Ruby Rushi Coach Body Builder, NH-8, Nana Cheloda, Naroda Road\r\n','382330','07966669500','AKASH PANCHAL','M','07966669500','7698005947','Opp. Ruby Rushi Coach Body Builder, NH-8, Nana Cheloda, Naroda Road, Ahmedabad, Gujarat - 382330\r\n','ah02a_cs@infiniumtoyota.ooo',0,170,98,26),(79,'XIX/9C, Nippon Towers, NH 47, HMT Junction, Kalamassery P O','683104','04842930000','Melvin Antony','M','04842930000','9895386007','XIX/9C, Nippon Towers, NH 47, HMT Junction, Kalamassery P O, Kochi-683104','melvin@nippontoyota.com',0,58,99,14),(80,'NH-95, Village Bhanohar, Ferozepur Road\r\n','141102','01615211111','Mr. Rajiv Kashyap','M','01615211105','9915030701','NH-95, Village Bhanohar, Ferozepur Road, Ludhiana, Punjab - 141102\r\n','vpoperations@teamradiant.org',0,96,100,19),(81,'Village Bhugipura, Ferozpur Road, Near Oxford Public School\r\n','142001','01636503222','Mr. Harmeet Singh','M','01636503222','9915150102','Village Bhugipura, Ferozpur Road, Near Oxford Public School, Moga - 142001, Punjab\r\n','mo01a_service@teamradiant.org',0,107,101,19),(82,'Plot No. 3-8, Opp. Akhlol Octroi Naka, Nr. Nari Chowkdi, Rajkot Highway\r\n','364004','02782444444','Mrugesh R Vasani','M','02782444444','7600086101','Plot No. 3-8, Opp. Akhlol Octroi Naka, Nr. Nari Chowkdi, Rajkot Highway, Bhavnagar, Gujarat - 364 001\r\n','Bv01a_cs@jaiganesh.co.in',0,178,102,26),(83,'Gat No. 16 & 18, NH-06 A/P, Manyarkheda, Tal District Jalgaon, Maharashtra','425001','02573027777','Mr. Shankar Banait','M','02573027777','9765407903','Gat No. 16 & 18, NH-06 A/P, Manyarkheda, Tal District Jalgaon, Maharashtra - 425001\r\n\r\n','shankar.b@ccplj.in',0,165,104,4),(84,'No. 30, Magadi Main Road, Adjacent To Saraswathi Convention Hall, Toll Gate','560040','08030111600','Ratheesh S','M','08030111600','7760994154','No. 30, Magadi Main Road, Adjacent To Saraswathi Convention Hall, Toll Gate, Bangalore-560040','cs@ravindu.co.in',0,1,105,1),(85,'No. 120, 6th Main Road, Peenya Industrial Suburb, Peenya 2nd Stage','560022','08030111600','Ratheesh S','M','08030111600','7760994154','No. 120, 6th Main Road, Peenya Industrial Suburb, Peenya 2nd Stage, Bangalore-560022','cs@ravindu.co.in',0,1,106,1),(86,'No.14/3, Melekote Outer Ring Road, Sadashivnagar','572105','08030111600','Narendra Babu H M','M','08030111600','7760987828','No. 14/3, Melekote Outer Ring Road, Sadashivnagar, Tumkur-572105','cs_tum@ravindu.co.in',0,66,107,1),(87,'Maharana Pratap, Nanded Road\r\n','413512','02382263707','Mr. Sourish Hota','M','02382263707','7757015955','Maharana Pratap, Nanded Road, Latur, Maharashtra - 413512\r\n','sourish.hota@rajyogtoyota.com',0,168,108,4),(88,'D No. 2-40/5, Kothaguda, Kondapur','500084','04024114122','Venkat P S K G','M','04024114122','9989066366','D No. 2-40/5, Kothaguda, Kondapur, Hyderabad-500084','hy02a_cs@harshaauto.com',0,67,109,15),(89,'A-47, MOHAN CO-OPERATIVE INDUSTRIAL ESTATE \r\nMATHURA ROAD-110044','110044','01204884019','MR. VIVEK CHAND','M','01204884019','9643007495','A-47, MOHAN CO-OPERATIVE INDUSTRIAL ESTATE \r\nMATHURA ROAD-110044','serviceplanning@espirit-toyota.com',0,86,110,3),(90,'Sy No. 12, Sahebnagar Kurdu, Hayathnagar, RR District Balanagar(MNDL)','500090','04024114122','Bheemagouda S','M','04024114122','8008802588','Sy No. 12, Sahebnagar Kurdu, Hayathnagar, RR District Balanagar(MNDL), Hyderabad-500090','hy02b_cs@harshaauto.com',0,67,111,15),(91,'S 12, Near PSL Industries, NH-8, Varsana, Anjar\r\n','370240','07966041400','Mr. Amish Mehta','M','07966041400','7698005944','S 12, Near PSL Industries, NH-8, Varsana, Anjar, Gandhidham, Gujarat - 370240\r\n','gd01a_cs@infiniumtoyota.ooo',0,174,112,26),(92,'Sy No. 125, Hydernagar(Vill), R R District Balanagar(MNDL)','500090','04024114122','Kamal V','M','04024114122','9959555426','Sy No. 125, Hydernagar(Vill), R R District Balanagar(MNDL), Hyderabad-500090','hy02_c@harshaauto.in',0,67,113,15),(93,' Opp G.S.F.C., N.H. No 8, PO Dashrath\r\n','391740','07966041400','Mr. Brijesh San','M','07966041400','7698005941',' Opp G.S.F.C., N.H. No 8, PO Dashrath, Vadodara. Gujarat - 391740\r\n','va03a_cs@infiniumtoyota.ooo',0,171,114,26),(94,'SPIRITED AUTO CARS (I) LIMITED\r\nD-11, SEC-8, NOIDA,\r\nGAUTAM BUDH NAGAR (U.P.)-201301','201301','01204973005','MR. VIVEK CHAND','M','01204973005','9643007495','SPIRITED AUTO CARS (I) LIMITED\r\nD-11, SEC-8, NOIDA,\r\nGAUTAM BUDH NAGAR (U.P.)-201301','serviceplanning@espirit-toyota.com',0,86,115,3),(95,'INFINIUM MOTORS PVT LTD , OLD HIMALAYA MALL,OPP. WIDEANGLE, MEHSANA AHMEDABAD ROAD\r\n','384001','07966041400','Mr. Nikul Khatri','M','07966041400','7698005945','INFINIUM MOTORS PVT LTD , OLD HIMALAYA MALL,OPP. WIDEANGLE, MEHSANA AHMEDABAD ROAD, MEHSANA - 384001\r\n','mx01a_cs@infiniumtoyota.ooo',0,172,116,26),(96,'Sy No. 233/1C, Beside Jubilee Petrol Pump, NH-7, Mamidalapadu','518003','04039997999','Krishna Reddy K','M','04039997999','8008301701','Sy No. 233/1C, Beside Jubilee Petrol Pump, NH-7, Mamidalapadu, Kurnool, Andhra Pradesh - 518003','ku01a_cs@harshaauto.com',0,181,117,16),(97,'Infinium Motors pvt ltd, Near Abadnagar bus stand, behind IOC Petrol Pump','380058','07966041400','Mr. Kapil San','M','07966041400','7698008024','Infinium Motors pvt ltd, Near Abadnagar bus stand , behind IOC Petrol Pump , Bopal , ahmedabad 380058','ah02b_cs@infiniumtoyota.ooo',0,182,118,26),(98,'Sy No.83,NH-5, Kakaturu(VILL), Venkatachalam(MD)','524320','04039997999','Praveen','M','04039997999','9704567120','Sy No.83,NH-5, Kakaturu(VILL), Venkatachalam(MD), Nellore, Andhra Pradesh - 524320','ne01a_cs@harshaauto.com',0,183,119,16),(99,'Sy No. 717/A/2A, Renigunta Chittoor Bypass Road, Tukivakam Post','517520','04039997999','Samiulla S','M','04039997999','8008203669','Sy No. 717/A/2A, Renigunta Chittoor Bypass Road, Tukivakam Post-517520','tu01a_cs@harshaauto.com',0,184,120,16),(100,'3, Near Sabar Dairy, Himatnagar Ahmedabad Highway','383001','8347001036','Mr. Nirav Shah','M','8347001036','8347001036','3, Near Sabar Dairy, Himatnagar Ahmedabad Highway, Himatnagar, Gujarat - 383001\r\n','hi01a_cs@infiniumtoyota.ooo',0,173,121,26),(101,'Sy No. 112-10 B1, Beside Bhaskara Fertilizer, NH-44, Loluru Cross, Jambuladinne','515731','04039997999','Somasekhar Y','M','04039997999','8008504879','Sy No. 112-10 B1, Beside Bhaskara Fertilizer, NH-44, Loluru Cross, Jambuladinne-515731','ap01a_cs@harshaauto.in',0,185,122,16),(102,'Infinium Motors Pvt Ltd , 842,Nr.,YMCA Club,Sarkhej Gandhinagar Highway,Jivraj Park','380051','7698005949','Mr. Bhavik Patel','M','7698005949','7698005949','Infinium Motors Pvt Ltd , 842,Nr.,YMCA Club,Sarkhej Gandhinagar Highway,Jivraj Park,380051','ah01a_service@infiniumtoyota.ooo',0,186,123,26),(103,' D-37 & 38, Industrial Area, Site-IV, Surajpur, Kasna, Gautam Budh Nagar, Greater Noida','201301','1204884019','MR. MANOJ SAXENA','M','1204884019','9654165002',' D-37 & 38, Industrial Area, Site-IV, Surajpur, Kasna, Gautam Budh Nagar, Greater Noida, Uttar Pradesh - 201301','groupHCS@espirit-toyota.com',0,88,124,22),(104,'NH-37, Guwahati By-pass, Opp. DTO, Betkuchi','781034','03612236621','Ms. Kalpana Laishram','F','03612236621','7399073236','NH-37, Guwahati By-pass, Opp. DTO, Betkuchi, Guwahati, Assam - 781034','cs@gargyatoyota.com',0,16,125,7),(105,'Sr NO. 315/1,N.H. No 8, Balitha\r\n','396191','8511180511','JENIS RANA','M','8511180511','8511180511','Sr NO. 315/1,N.H. No 8, Balitha, Vapi, Gujarat - 396191\r\n','vp01a_cs@rathodtoyota.com',0,179,126,26),(106,'GT Road, Jugiana\r\n','141120','9115604009','Sarvjeet Singh','M','9115604009','9115604009','GT Road, Jugiana, Ludhiana, Punjab - 141120\r\n','lu02a_cs@globeauto.in',0,96,127,19),(107,'B-51, Phase - VI, Industrial Area, Chandigarh\r\n','160009','9646049155','Manoj Kumar','M','9646049155','9646049155','B-51, Phase - VI, Industrial Area, Mohali, Chandigarh - 160009\r\n','ch02a_cs@globeauto.in',0,91,128,19),(108,'Village Bhindra, Patiala - Sangrur Road, Tehsil\r\n','148001','8950580713','NIRMAL DHIMAN','M','8950580713','8950580713','Village Bhindra, Patiala - Sangrur Road, Tehsil - Sangrur, Punjab -148001.\r\n','sx02a_cs@globeauto.in',0,97,129,19),(109,'GT Road, Opp P.T.C Madhuban\r\n','132001','9467030778','Vikrant Rai','M','9467030778','9467030778','GT Road, Opp P.T.C Madhuban, Karnal, Haryana - 132001\r\n','kr01a_cs@globeauto.in',0,92,130,28),(110,'Opp. Springfield School, NH-22, Ambala Chandigarh Highway\r\n','134007','9729549102','Hitesh Sachdeva','M','9729549102','9729549102','Opp. Springfield School, NH-22, Ambala Chandigarh Highway, Ambala, Haryana - 134007\r\n','ab01a_cs@globeauto.in',0,90,131,28),(111,'Village Karhans Tehsil, District - Samalkha\r\n','132101','8398000399','Arvind Khera','M','8398000399','8398000399','Village Karhans Tehsil, District - Samalkha, Panipat, Haryana - 132101\r\n','pp01a_cs@globeauto.in',0,93,132,28),(112,'NH - 73 (New NH 07), Village Mauja Kail, Tehsil Jagadhari\r\n','135003','9034111209','HIMANSHU KAPOOR','M','9034111209','9034111209','NH - 73 (New NH 07), Village Mauja Kail, Tehsil Jagadhari, Yamunanagar, Haryana - 135003\r\n','ya01a_cs@globeauto.in',0,94,133,28),(113,'177 H&I, Industrial Area, Phase - 1\r\n','160022','01725288888','VIJAY BAKSHI','M','01725288888','9815958442','177 H&I, Industrial Area, Phase - 1\r\n','gmservice_chd@pioneertoyota.com',0,187,134,19),(114,'SATYAM AUTOSERVE PRIVATE LIMITED\r\nHISAR ROAD, NEAR OLD BANGER FLYOVER, ROHTAK  124001\r\n','124001','01262300400','MR. SANDEEP MADAN','M','01262300400','8295908022','SATYAM AUTOSERVE PRIVATE LIMITED\r\nHISAR ROAD, NEAR OLD BANGER FLYOVER, ROHTAK  124001\r\n','rh01a_dgmservice@satyamautoserve.com',0,108,135,28),(115,'SATYAM AUTOSERVE PRIVATE LIMITED\r\nA-54, KHASRA NO. 58/3, MIE, PART-B, MOZA HASAN PUR,\r\nTEHSIL BAHADURGARH, DELHI-ROHTAK ROAD, BAHADURGARH\r\nJHAJJAR, HARYANA-124507','124507','01276224100','MR. SANDEEP MADAN','M','01276224100','8295908022','SATYAM AUTOSERVE PRIVATE LIMITED\r\nA-54, KHASRA NO. 58/3, MIE, PART-B, MOZA HASAN PUR,\r\nTEHSIL BAHADURGARH, DELHI-ROHTAK ROAD, BAHADURGARH\r\nJHAJJAR, HARYANA-124507','bd01a_gmcs@satyamautoserve.com',0,188,136,28),(116,'No.164/1, Paradesipalem, Marikavalasa, Madhuravada, NH-5','530041','0891278266','Chandra Shekar','M','0891278266','9959111472','No.164/1, Paradesipalem, Marikavalasa, Madhuravada, NH-5, Vishakapatnam-530041','vi01a_cs@radhagroup.net',0,189,137,16),(117,'5/86-87, Vellakinar Main Road, Near Railway Gate, Thudiyalur\r\n','641034','8883099000','Mr. R.Rajasekaran','M','8883099000','8883099000','5/86-87, Vellakinar Main Road, Near Railway Gate, Thudiyalur, Coimbatore, Tamil Nadu - 641034\r\n','cm01a_cs@anaamalaistoyota.com',0,40,138,2),(118,'S.F.No: 11/1b, Kanthampalayam Village,Near Nasiyanur Road Pirivu, Coimbatore To Salem (Nh47),Nasiyanur','638107','9842324700','Mr.R. Sridhar','M','9842324700','9842324700','S.F.No: 11/1b, Kanthampalayam Village,Near Nasiyanur Road Pirivu, Coimbatore To Salem (Nh47),Nasiyanur,Erode-638107\r\n','er01a_cs@anaamalaistoyota.com',0,41,139,2),(119,'67/1B2, Rasipuram Mainroad, Nh7, Mallur Via,P.Mettur Post\r\n','636203','9976139700','Mr.M.Manikandan','M','9976139700','9976139700','67/1B2, Rasipuram Mainroad, Nh7, Mallur Via,P.Mettur Post, Salem -636203\r\n','se01a_cs@anaamalaistoyota.com',0,42,140,2),(120,'Sf.No.:296/1C & 2A,Palladam -Tirupur Main Road,Kungumapalayam Pirivu, Naranapuram Post\r\n','641664','9842927800','Mr. S. Jayaramkumar','M','9842927800','9842927800','Sf.No.:296/1C & 2A,Palladam -Tirupur Main Road,Kungumapalayam Pirivu, Naranapuram Post, Tirupur - 641664\r\n','tp01a_cs@anaamalaistoyota.com',0,48,141,2),(121,'2-86, Tirunelveli Main Road, Ozhuginasery, Nagercovil, Kanyakumari \r\n','629001','9750927600','Yuvarajan','M','9842235700','9842235700','2-86, Tirunelveli Main Road, Ozhuginasery, Nagercovil- 629001, Kanyakumari 629001\r\n','yuvarajan@anaamalaistoyota.com',0,190,142,2),(122,'100, ByPass Road, Thimmaraya Samuthiram, Thiruvanaikovil','620005','9842269300','Mr. T. Balakumar','M','9842269300','9842269300','100, ByPass Road, Thimmaraya Samuthiram, Thiruvanaikovil, Trichy - 620005','tc01a_cs@anaamalaistoyota.com',0,46,143,2),(123,'166/5, Chennai Main Road, Koranattu Karuppur\r\n','612501','9842914800','Mr. S. Jeba','M','9842914800','9842914800','166/5, Chennai Main Road, Koranattu Karuppur, Kumbakonam - 612501\r\n','km01a_cs@anaamalaistoyota.com',0,44,144,2),(124,'H / 18 - 20 , Sidco Industrial Estate, Kappalur\r\n','625008','9865896400','Mr. J. Mahesh Joseph','M','9865896400','9865896400','H / 18 - 20 , Sidco Industrial Estate, Kappalur, Madurai - 625 008\r\n','md01a_cs@anaamalaistoyota.com',0,45,145,2),(125,'227/2, Takkarammalpuram, NH-7 , Trivandrum High Road\r\n','627007','9865263500','Mr. E. Selvachandra Ganesh','M','9865263500','9865263500','227/2, Takkarammalpuram, NH-7 , Trivandrum High Road, Tirunelveli - 627007\r\n','tn01a_cs@anaamalaistoyota.com',0,47,146,2),(126,'SF No.285/B,286/B & 287/1, Opp.AAA College Of Engineering, Amathur Village, Virudhunagar- Sivakasi Road','626005','9842775700','Mr. I. Karuppasamy','M','9842775700','9842775700','SF No.285/B,286/B & 287/1, Opp.AAA College Of Engineering, Amathur Village, Virudhunagar- Sivakasi Road,Virdhunagar- 626005\r\n','vr01a_cs@anaamalaistoyota.com',0,43,147,2),(127,'39TH MILE STONE N.H.-8, NEAR SHANI MANDIR,SECTOR-35 ,GURGAON-122004','122004','01244687809','MR. SAURABH SINGH','M','01244687809','8860630517','39TH MILE STONE N.H.-8, NEAR SHANI MANDIR,SECTOR-35 ,GURGAON-122004','saurabhsingh@gracetoyota.in',0,98,148,28),(128,'10, Radial Road, Pallikarnai, Chennai\r\n','600100','04430005000','K.KANNAN','M','04430005000','0909416967','10, Radial Road, Pallikarnai, Chennai, Tamil Nadu - 600100\r\n','kannan.k@lansontoyota.com',0,191,149,2),(129,'P-20, Industrial Estate, Gwalior Road\r\n','284003','8573030655','MR. ANURODH TRIPATHI','M','8573030655','8573030655','P-20, Industrial Estate, Gwalior Road, Jhansi, Uttar Pradesh - 284003\r\n','service.jmktoyota@gmail.com',0,127,150,22),(130,'7 Km from Rama Devi Square, NH-2, Rooma Industrial Area\r\n','208001','05123017616','Mr. Keshri Nandan ','M','0512307613','9918101217','7 Km from Rama Devi Square, NH-2, Rooma Industrial Area, Kanpur, Uttar Pradesh - 208001\r\n','kp01a_service@sunnytoyota.co.in',0,144,151,22),(131,'14/7, MAIN MATHURA ROAD FARIDABAD-121003','121003','01294293636','Mr. JITENDRA SINGH SAGAR','M','01294293636','8800586654','14/7, MAIN MATHURA ROAD FARIDABAD-121003','fa01a_cs@thirtysixtoyota.in',0,112,152,28),(132,'No. 18, Ellapillai Chavadi Main Road, Ellapillai Chavadi, Near Rajiv Gandhi Statue, Landmark - Near Rajiv Gandhi Statue','605009','9094022019','Cholanrajarajan','M','9094022019','9094022019','No. 18, Ellapillai Chavadi Main Road, Ellapillai Chavadi, Near Rajiv Gandhi Statue, Landmark - Near Rajiv Gandhi Statue,\r\nPuducherry-605009','cholan@lansontoyota.com',0,49,153,39),(133,'Village Chakgujra, Niara, Opp. Reliance Petrol Pump, Jalandhar Road\r\n','146022','9915145381','Inderjit Singh','M','9915145381','9915145381','Village Chakgujra, Niara, Opp. Reliance Petrol Pump, Jalandhar Road, Hoshiarpur, Punjab - 146022\r\n','ggmservice@castletoyota.co.in',0,82,154,19),(134,'Paragpur, G.T.Road, Jalandhar Cantt\r\n','144001','9976002112','Ranvir Singh','M','9976002112','9976002112','Paragpur, G.T.Road, Jalandhar Cantt, Punjab - 144001\r\n','gmcsja01a@castletoyota.co.in',0,83,155,19),(135,'Village Langorya, Chandigarh Road\r\n','144516','1823306006','Davinder Singh','M','1823306006','8288094134','Village Langorya, Chandigarh Road, Nawanshahr, Punjab - 144516\r\n','servicenw01a@castletoyota.co.in',0,192,156,19),(136,'ANR Motors Pvt. Ltd., Khasra No. 8/3/2 ETC, Village Nurpur\r\n','144012','9976002111','Hitesh Prabhakar','M','9976002111','9976002111','ANR Motors Pvt. Ltd., Khasra No. 8/3/2 ETC, Village Nurpur, Jalandhar-144012, Punjab\r\n','gmcsja01c@castletoyota.co.in',0,83,157,19),(137,'Plot No. 220+328, Opp.ONGC, Paiki GIDC, Bhutpore, Hazira road','394510','7698888880','Ashok Kumar Sharma','M','7698888880','8128670785','Plot No. 220+328, Opp.ONGC, Paiki GIDC, Bhutpore, Hazira road, Surat, Gujarat - 394510','vpcs@nanavatitoyota.com',0,176,158,26),(138,'698, Partapur Baral, Delhi By Pass Road\r\n','250103','9690017774','Birender Kumar','M','9690017774','9690017774','698, Partapur Baral, Delhi By Pass Road, Meerut, Uttar Pradesh - 250103\r\n','mrt.agmservice@grandtoyota.com',0,126,159,22),(139,'C  108/109, Mayapuri Industrial Area, Phase II','110064','01141363636','Mr. CHANDAN','M','01141363636','8750636367','C  108/109, Mayapuri Industrial Area, Phase II, New Delhi - 110064','purchasemanager@thirtysixtoyota.in',0,86,160,3),(170,'Besides A.P.Seeds corporation, Prasadampadu, NH-5\r\n','521108','08662844008','Rengasamy. P','M','08662844008','9849998553','Besides A.P.Seeds corporation, Prasadampadu, NH-5, Vijayawada, Andhra Pradesh - 521108\r\n','rengasamy@radhagroup.net',0,201,192,16),(140,'Sy No. 356/1, 356/3, 356/3/1, 356/4, Urus, Kareemabad','506002','7032200007','Rathnakar Thaduka','M','7032777050','7032777050','Sy No. 356/1, 356/3, 356/3/1, 356/4, Urus, Kareemabad, Warangal, Telangana-506002','wl01a_cs@kakatiyatoyota.co.in',0,193,161,15),(141,'B-35, Site  IV, Industrial Area Sahibabad, Ghaziabad\r\n\r\n','201010','01204000900','Mr. Shobhit Srivastava ','M','01204000900','9971888566','B-35, Site  IV, Industrial Area Sahibabad, Ghaziabad , UP-201010\r\n\r\n','servicemarketing@uttamtoyota.net',0,194,162,22),(142,'C/o Tulsi Enterprises, Plot No.1/150, Jakaria Bunder Road, Kalachowki Road, Opp.Cotton Green Railway Station, Cotton Green (West)\r\n','400033','9819670751','Ashwin Karkada','M','9819670751','9819670751','C/o Tulsi Enterprises, Plot No.1/150, Jakaria Bunder Road, Kalachowki Road, Opp.Cotton Green Railway Station, Cotton Green (West), Mumbai, Maharashtra - 400033\r\n','mu06c_cs@uslshinrai.com',0,180,163,4),(143,'C/O Raey Road Iron & Metal Warehousing Pvt. Ltd., Magzine Street, Near Raey Road Station, Darukhana','400010','8652178181','Biju Balan','M','8652178181','8652178181','C/O Raey Road Iron & Metal Warehousing Pvt. Ltd., Magzine Street, Near Raey Road Station, Darukhana, Mumbai-400010','biju@uslshinrai.com',0,180,164,4),(144,'218/219, G T Road, Near Bye Pass, Daburji\r\n','143001','01833010421','Inderpreet Singh','M','01833010421','9876002119','218/219, G T Road, Near Bye Pass, Daburji, Amritsar, Punjab - 143001\r\n','gmcs_am01a@castletoyota.co.in',0,81,165,19),(145,'A-11, Meerut Road, Industrial Area,\r\nGhaziabad , UP-201003','201003','01204000900','Mr. Soundar Rajan','M','01204000900','9910488828','A-11, Meerut Road, Industrial Area,\r\nGhaziabad , UP-201003','gmcsgzb@uttamtoyota.net',0,114,166,22),(146,'H-3, Sector 63 Noida','201304','01204000900','Mr. Suman Upadhyay','M','01204000900','9971155229','H-3, Sector 63 Noida, UP  201304','gmcsnoida@uttamtoyota.net',0,87,167,20),(147,'Block No.1064, Opp Sai Mandir, N.H.NO.08, Sisodra, Ganesh','306463','8511180511','Jenis Rana','M','8511180511','8511180511','Block No.1064, Opp Sai Mandir, N.H.NO.08, Sisodra, Ganesh, Navsari, Gujarat - 306463','vp01a_cs@rathodtoyota.com',0,195,168,26),(148,'National Highway No. 7 Opp. All India Radio, Kamptee Road, Nagpur City','441002','07126450157','Mr. Zakiuddin Qureshi','M','07126450157','9881155113','National Highway No. 7 Opp. All India Radio, Kamptee Road, Nagpur City, Nagpur, Maharashtra 441002','ng01a_vp@gracetoyota.co.in',0,163,169,4),(149,'NH.NO.06, Murtizapur Road, Shivni Village','444101','9881155113','Mr. Zakiuddin Qureshi','M','07126450157','9881155113','NH.NO.06, Murtizapur Road, Shivni Village, Nagpur, Maharashtra 444101','ng01a_vp@gracetoyota.co.in',0,164,170,4),(150,'S. No. 59/1, Mauja Rahatgaon','444601','9881155113','Mr. Zakiuddin Qureshi','M','07126450157','9881155113','S. No. 59/1, Mauja Rahatgaon, Amravati, Maharashtra 444601','ng01a_vp@gracetoyota.co.in',0,196,171,4),(151,'987/10, Opp. Makarpura Bus depot, G.I.D.C','390010','2656132000','Dev Prakash Pandey','M','2656132000','9099916640','987/10, Opp. Makarpura Bus depot, G.I.D.C, Vadodara 390010.','VA02A_CS@NARMADATOYOTA.COM',0,171,172,26),(152,'SURVEY NO. 272 & 275, BETWEEN SAMARKHA & N.H.8, ANAND.','388360','2656132000','Chitranjan Patel','M','2656132000','9099916606','SURVEY NO. 272 & 275, BETWEEN SAMARKHA & N.H.8, ANAND 388360.','AN01A_CS@NARMADATOYOTA.COM',0,175,173,26),(153,'51/D, Katpadi Thiruvalam Road, Opp. VIT Staff Quarters, Katpadi','632014','04430005000','Venkadaswamy','M','04430005000','9842330700','51/D, Katpadi Thiruvalam Road, Opp. VIT Staff Quarters, Katpadi, Vellore, Tamil Nadu - 632014','ve01a_service@lansontoyota.com',0,51,174,2),(154,'No 638, Near Rain Tree hotel, Anna Salai','600065','04430005000','Venkadaswamy','M','04430005000','9842330700','No 638, Near Rain Tree hotel, Anna Salai, Nandanam, Chennai - 600065\r\n','cn02f_cs@lansontoyota.com',0,197,175,2),(155,'611, East Coast Road, Neelankarai\r\n','600041','04430005000','K Abdul Salam','M','04430005000','9841433346','611, East Coast Road, Neelankarai, Chennai, Tamil Nadu - 600041\r\n','cn02_cs@lansontoyota.com',0,50,176,2),(156,'NH-5, Survey no: 647/A/B, Ankireddypalem, Lalpuram\r\n','522002','08632512217','Rengasamy','M','08632512217','7702611000','NH-5, Survey no: 647/A/B, Ankireddypalem, Lalpuram, Gunter, Andhra Pradesh  522002\r\n','Gn01a_cs@radhamadhavtoyota.in',0,199,177,16),(157,'ANDHWA,VARANASI ALLAHABAD ROAD,JHUNSI\r\n','211019','0532256732','Mr. ARUN PANDEY ','M','0532256732','7570801251','ANDHWA,VARANASI ALLAHABAD ROAD, JHUNSI,ALLAHABAD,UTTAR PRADESH - 211019','gmservice.allahabad@rajendratoyota.com',0,131,178,22),(158,'Village Piddi, Harike Road','143401','9876702012','Jaspreet Singh','M','9876702012','9876702012','Village Piddi, Harike Road, Tarn Taran, Punjab - 143401','service_tt01a@castletoyota.co.in',0,200,179,19),(159,'Near Jalandhar Kunj, Kapurthala Road\r\n','144002','01833010421','Amandeep Singh','M','01833010421','9915715470','Near Jalandhar Kunj, Kapurthala Road, Jalandhar, Punjab - 144002\r\n','service_ja01b@castletoyota.co.in',0,83,180,19),(160,'D.no.4-34,Mamidalapadu,Near Santosh nager ,KU Beside IOC petrol pump,KURNOOL','518006','08518252527','K.KRISHNA REDDY','M','08518252527','8008301701','D.no.4-34,Mamidalapadu,Near Santosh nager ,KU Beside IOC petrol pump,KURNOOL','ku01a_service@harshaauto.com',0,181,182,16),(161,'N.H.75, Near Padil Junction, Padil','575007','08242276639','Melvin A Fernandes','M','08242276639','9900019174','N H 75, Near Padil Junction, Padil, Mangalore-575007','gm-service@unitedtoyota.net',0,3,183,1),(162,'NO 2-18D, NH - 66, Udyavara, Udyavara Post','574118','9900075115','Rajendra Ballal','M','9900075115','9900075115','NO 2-18D, NH - 66, Udyavara, Udyavara Post, UDUPI - 574118.','uu01a_branchmgr@unitedtoyota.net',0,69,184,1),(163,'8-103,Tukivakam village Renigunta( M) ,Tirupati\r\n','517520','08773029900','s.shamivullah','M','08773029900','8008203869','8-103,Tukivakam village Renigunta( M) ,Tirupati','tu01a_cs@harsahaauto.com',0,184,185,16),(164,'Varanasi Allahabad Road, Hardatpur\r\n','221002','9628477999','Mr. Rajeev Bali','M','9628477999','9628477999','Varanasi Allahabad Road, Hardatpur, Varanasi, Uttar Pradesh - 221002\r\n','gmservice.varanasi@rajendratoyota.com',0,133,186,22),(165,'C 3 Sector 11, GIDA, Gorakhpur\r\n','271010','9389923121','Mr. P. R. Shukla','M','9389923121','9389923121','C 3 Sector 11, GIDA, Gorakhpur, Uttar Pradesh - 271010\r\n','gr01a.cs@gmail.com',0,132,187,22),(166,'A-83, RIICO Industrial Area, Madri\r\n','313003','7311148525','Mr. Abrar Ahmed Qureshi','M','7311148525','7311148525','A-83, RIICO Industrial Area, Madri, Udaipur, Rajasthan - 313003\r\n','gmservice.udaipur@rajendratoyota.com',0,120,188,23),(167,'No. 33-A, Sy No. 70/1, 70/2 & 170, Hootagally Industrial Area, Koorgalli Village & Post, Yelawala Hobli','570018','08214248222','Mr. Sangangouda R Patil','M','08214248222','9538874909','No. 33-A, Sy No. 70/1, 70/2 & 170, Hootagally Industrial Area, Koorgalli Village & Post, Yelawala Hobli, Mysore - 570018','my01a_cs@palacetoyota.com',1,2,189,1),(168,'NH-6,BOMBAY ROAD,MOHIARY CHADNI BAGAN,\r\nNEAR SARASWATI BRIDGE','711302','0336501933','Mr. Amit Kumar Singh.','M','0336501933','8335073800','NH-6,BOMBAY ROAD,MOHIARY CHADNI BAGAN,\r\nNEAR SARASWATI BRIDGE,HOWRAH-711302.\r\n','gmservicetoyota@sainigroups.in',0,23,190,11),(169,'Wasan Toyota, Kundanlal Wasan Nagar, Late Kundanlal Wasan Marg, Mumbai Agra Road','422009','02536649999','Mr. Srikanth Nayak','M','02536649999','9767103677','Kundanlal Wasan Nagar, Late Kundanlal Wasan Marg, Mumbai Agra Road, Nashik, Maharashtra 422009','gmcs.nsk@wasantoyota.com',0,151,191,4),(171,'Faizabad Road, Chinhat','227105','05223301300','Aashish Prajapati','M','05223301300','9918105400','Faizabad Road, Chinhat, Lucknow - 227105','group-gmcs@sunnytoyota.co.in',0,145,193,22),(172,'Near Amousi Airport, Kanpur Road','226001','9839120007','Alka Dubey','F','9839120007','9839120007','Near Amousi Airport, Kanpur Road, Lucknow - 226001','lk01a_cs@sunnytoyota.co.in',0,145,194,22),(173,'632, Artoni, Agra Mathura Road','282007','9918101409','Bikas Tiwari','M','9918101409','9918101409','632, Artoni, Agra Mathura Road, Agra, Uttar Pradesh - 282007','ag02a_cs@sunnytoyota.co.in',0,143,195,22),(174,'RAMDAYALU NAGAR OPPT-IOCL (KISHORE) PETROL PUMP, PLOT.NO-269,BHIKHANPURA DIH.\r\n\r\n','842001','7633995809','Mr. GYAN SAGAR','M','7633995809','7633995809','BHIKHANPURA DIH,OPPOSITE KISHORE PETROLPUMP, RAMDYALU NAGAR, MUZAFFARPUR- 842001','gmservice@rudratoyota.com',0,30,196,8),(175,'1, Mahal Industrial Estate, Mahakali Caves Road, Andheri (East)\r\n','400093','02261227702','Mr. Nikhil Paradkar','M','02261227702','9821878266','1, Mahal Industrial Estate, Mahakali Caves Road, Andheri (East), Mumbai, Maharashtra - 400093\r\n','mu02c_service@toyotalakozy.com',0,180,197,4);
/*!40000 ALTER TABLE `services_partnerbranch` ENABLE KEYS */;
UNLOCK TABLES;

--
-- Table structure for table `services_paymenttype`
--

DROP TABLE IF EXISTS `services_paymenttype`;
/*!40101 SET @saved_cs_client     = @@character_set_client */;
/*!40101 SET character_set_client = utf8 */;
CREATE TABLE `services_paymenttype` (
  `id` int(11) NOT NULL AUTO_INCREMENT,
  `description` varchar(100) NOT NULL,
  PRIMARY KEY (`id`)
) ENGINE=MyISAM AUTO_INCREMENT=5 DEFAULT CHARSET=latin1;
/*!40101 SET character_set_client = @saved_cs_client */;

--
-- Dumping data for table `services_paymenttype`
--

LOCK TABLES `services_paymenttype` WRITE;
/*!40000 ALTER TABLE `services_paymenttype` DISABLE KEYS */;
INSERT INTO `services_paymenttype` VALUES (1,'Cheque'),(2,'DD'),(3,'Online Transfer'),(4,'Credit Period');
/*!40000 ALTER TABLE `services_paymenttype` ENABLE KEYS */;
UNLOCK TABLES;

--
-- Table structure for table `services_product`
--

DROP TABLE IF EXISTS `services_product`;
/*!40101 SET @saved_cs_client     = @@character_set_client */;
/*!40101 SET character_set_client = utf8 */;
CREATE TABLE `services_product` (
  `id` int(11) NOT NULL AUTO_INCREMENT,
  `description` varchar(100) NOT NULL,
  `type` int(11) NOT NULL,
  `active` tinyint(1) NOT NULL,
  `HSN_code` varchar(256) NOT NULL,
  PRIMARY KEY (`id`)
) ENGINE=MyISAM AUTO_INCREMENT=8 DEFAULT CHARSET=latin1;
/*!40101 SET character_set_client = @saved_cs_client */;

--
-- Dumping data for table `services_product`
--

LOCK TABLES `services_product` WRITE;
/*!40000 ALTER TABLE `services_product` DISABLE KEYS */;
INSERT INTO `services_product` VALUES (1,'Bactakleen',2,1,'0'),(2,'Germbuster',1,1,'0'),(3,'Bactakleen Fumigation Machine',1,1,'84798999'),(4,'Bactakleen Ultra Mist Solution',1,1,'34029099');
/*!40000 ALTER TABLE `services_product` ENABLE KEYS */;
UNLOCK TABLES;

--
-- Table structure for table `services_productprice`
--

DROP TABLE IF EXISTS `services_productprice`;
/*!40101 SET @saved_cs_client     = @@character_set_client */;
/*!40101 SET character_set_client = utf8 */;
CREATE TABLE `services_productprice` (
  `id` int(11) NOT NULL AUTO_INCREMENT,
  `base_price` decimal(10,2) NOT NULL,
  `active` tinyint(1) NOT NULL,
  `product_id` int(11) NOT NULL,
  `user_group_id` int(11) DEFAULT NULL,
  PRIMARY KEY (`id`),
  KEY `services_productprice_9bea82de` (`product_id`),
  KEY `services_productprice_5296237d` (`user_group_id`)
) ENGINE=MyISAM AUTO_INCREMENT=8 DEFAULT CHARSET=latin1;
/*!40101 SET character_set_client = @saved_cs_client */;

--
-- Dumping data for table `services_productprice`
--

LOCK TABLES `services_productprice` WRITE;
/*!40000 ALTER TABLE `services_productprice` DISABLE KEYS */;
INSERT INTO `services_productprice` VALUES (7,4500.00,1,4,NULL),(6,20000.00,1,3,3),(4,500.00,1,2,4),(5,19000.00,1,1,3);
/*!40000 ALTER TABLE `services_productprice` ENABLE KEYS */;
UNLOCK TABLES;

--
-- Table structure for table `services_productquantity`
--

DROP TABLE IF EXISTS `services_productquantity`;
/*!40101 SET @saved_cs_client     = @@character_set_client */;
/*!40101 SET character_set_client = utf8 */;
CREATE TABLE `services_productquantity` (
  `id` int(11) NOT NULL AUTO_INCREMENT,
  `quantity` int(11) NOT NULL,
  `gross_amount` decimal(30,2) NOT NULL,
  `amount` decimal(10,2) NOT NULL,
  `CGST_amount` decimal(30,2) DEFAULT NULL,
  `IGST_amount` decimal(30,2) DEFAULT NULL,
  `CGST_percentage` decimal(4,2) DEFAULT NULL,
  `IGST_percentage` decimal(4,2) DEFAULT NULL,
  `base_price` decimal(10,2) NOT NULL,
  `booking_id` int(11) NOT NULL,
  `product_id` int(11) NOT NULL,
  `SGST_amount` decimal(30,2) NOT NULL,
  `SGST_percentage` decimal(4,2) NOT NULL,
  `amount_igst` decimal(10,2) NOT NULL,
  PRIMARY KEY (`id`),
  KEY `services_productquantity_b0060af7` (`booking_id`),
  KEY `services_productquantity_9bea82de` (`product_id`)
) ENGINE=MyISAM AUTO_INCREMENT=272 DEFAULT CHARSET=latin1;
/*!40101 SET character_set_client = @saved_cs_client */;

--
-- Dumping data for table `services_productquantity`
--

LOCK TABLES `services_productquantity` WRITE;
/*!40000 ALTER TABLE `services_productquantity` DISABLE KEYS */;
INSERT INTO `services_productquantity` VALUES (66,10,35000.00,41300.00,3150.00,6300.00,9.00,18.00,3500.00,49,4,3150.00,9.00,41300.00),(65,1,0.00,0.00,0.00,0.00,9.00,18.00,0.00,48,3,0.00,9.00,0.00),(64,5,17500.00,20650.00,1575.00,3150.00,9.00,18.00,3500.00,48,4,1575.00,9.00,20650.00),(63,1,20000.00,23600.00,1800.00,3600.00,9.00,18.00,20000.00,47,3,1800.00,9.00,23600.00),(62,10,35000.00,41300.00,3150.00,6300.00,9.00,18.00,3500.00,47,4,3150.00,9.00,41300.00),(61,10,45000.00,53100.00,4050.00,8100.00,9.00,18.00,4500.00,46,4,4050.00,9.00,53100.00),(58,1,0.00,0.00,0.00,0.00,9.00,18.00,0.00,44,3,0.00,9.00,0.00),(57,5,20000.00,23600.00,1800.00,3600.00,9.00,18.00,4000.00,44,4,1800.00,9.00,23600.00),(56,1,0.00,0.00,0.00,0.00,9.00,18.00,0.00,43,3,0.00,9.00,0.00),(55,5,20000.00,23600.00,1800.00,3600.00,9.00,18.00,4000.00,43,4,1800.00,9.00,23600.00),(54,1,20000.00,23600.00,1800.00,3600.00,9.00,18.00,20000.00,42,3,1800.00,9.00,23600.00),(53,10,40000.00,47200.00,3600.00,7200.00,9.00,18.00,4000.00,42,4,3600.00,9.00,47200.00),(52,1,20000.00,23600.00,1800.00,3600.00,9.00,18.00,20000.00,41,3,1800.00,9.00,23600.00),(51,10,40000.00,47200.00,3600.00,7200.00,9.00,18.00,4000.00,41,4,3600.00,9.00,47200.00),(50,1,20000.00,23600.00,1800.00,3600.00,9.00,18.00,20000.00,40,3,1800.00,9.00,23600.00),(49,10,40000.00,47200.00,3600.00,7200.00,9.00,18.00,4000.00,40,4,3600.00,9.00,47200.00),(48,1,20000.00,23600.00,1800.00,3600.00,9.00,18.00,20000.00,39,3,1800.00,9.00,23600.00),(47,10,40000.00,47200.00,3600.00,7200.00,9.00,18.00,4000.00,39,4,3600.00,9.00,47200.00),(46,1,20000.00,23600.00,1800.00,3600.00,9.00,18.00,20000.00,38,3,1800.00,9.00,23600.00),(45,10,40000.00,47200.00,3600.00,7200.00,9.00,18.00,4000.00,38,4,3600.00,9.00,47200.00),(67,1,20000.00,23600.00,1800.00,3600.00,9.00,18.00,20000.00,49,3,1800.00,9.00,23600.00),(68,10,35000.00,41300.00,3150.00,6300.00,9.00,18.00,3500.00,50,4,3150.00,9.00,41300.00),(69,1,20000.00,23600.00,1800.00,3600.00,9.00,18.00,20000.00,50,3,1800.00,9.00,23600.00),(70,5,17500.00,20650.00,1575.00,3150.00,9.00,18.00,3500.00,51,4,1575.00,9.00,20650.00),(71,1,0.00,0.00,0.00,0.00,9.00,18.00,0.00,51,3,0.00,9.00,0.00),(72,10,35000.00,41300.00,3150.00,6300.00,9.00,18.00,3500.00,52,4,3150.00,9.00,41300.00),(73,1,20000.00,23600.00,1800.00,3600.00,9.00,18.00,20000.00,52,3,1800.00,9.00,23600.00),(74,10,35000.00,41300.00,3150.00,6300.00,9.00,18.00,3500.00,53,4,3150.00,9.00,41300.00),(75,1,20000.00,23600.00,1800.00,3600.00,9.00,18.00,20000.00,53,3,1800.00,9.00,23600.00),(76,1,0.00,0.00,0.00,0.00,9.00,18.00,0.00,54,3,0.00,9.00,0.00),(77,10,45000.00,53100.00,4050.00,8100.00,9.00,18.00,4500.00,54,4,4050.00,9.00,53100.00),(78,20,90000.00,106200.00,8100.00,16200.00,9.00,18.00,4500.00,55,4,8100.00,9.00,106200.00),(79,1,20000.00,23600.00,1800.00,3600.00,9.00,18.00,20000.00,56,3,1800.00,9.00,23600.00),(80,10,45000.00,53100.00,4050.00,8100.00,9.00,18.00,4500.00,56,4,4050.00,9.00,53100.00),(81,20,90000.00,106200.00,8100.00,16200.00,9.00,18.00,4500.00,57,4,8100.00,9.00,106200.00),(82,1,20000.00,23600.00,1800.00,3600.00,9.00,18.00,20000.00,57,3,1800.00,9.00,23600.00),(83,1,20000.00,23600.00,1800.00,3600.00,9.00,18.00,20000.00,58,3,1800.00,9.00,23600.00),(84,1,20000.00,23600.00,1800.00,3600.00,9.00,18.00,20000.00,59,3,1800.00,9.00,23600.00),(85,10,45000.00,53100.00,4050.00,8100.00,9.00,18.00,4500.00,60,4,4050.00,9.00,53100.00),(86,5,22500.00,26550.00,2025.00,4050.00,9.00,18.00,4500.00,61,4,2025.00,9.00,26550.00),(87,1,20000.00,23600.00,1800.00,3600.00,9.00,18.00,20000.00,61,3,1800.00,9.00,23600.00),(88,5,22500.00,26550.00,2025.00,4050.00,9.00,18.00,4500.00,62,4,2025.00,9.00,26550.00),(89,1,20000.00,23600.00,1800.00,3600.00,9.00,18.00,20000.00,62,3,1800.00,9.00,23600.00),(90,1,20000.00,23600.00,1800.00,3600.00,9.00,18.00,20000.00,63,3,1800.00,9.00,23600.00),(91,5,22500.00,26550.00,2025.00,4050.00,9.00,18.00,4500.00,64,4,2025.00,9.00,26550.00),(92,1,20000.00,23600.00,1800.00,3600.00,9.00,18.00,20000.00,65,3,1800.00,9.00,23600.00),(93,5,22500.00,26550.00,2025.00,4050.00,9.00,18.00,4500.00,66,4,2025.00,9.00,26550.00),(94,5,22500.00,26550.00,2025.00,4050.00,9.00,18.00,4500.00,67,4,2025.00,9.00,26550.00),(95,5,22500.00,26550.00,2025.00,4050.00,9.00,18.00,4500.00,68,4,2025.00,9.00,26550.00),(96,1,20000.00,23600.00,1800.00,3600.00,9.00,18.00,20000.00,69,3,1800.00,9.00,23600.00),(97,10,45000.00,53100.00,4050.00,8100.00,9.00,18.00,4500.00,69,4,4050.00,9.00,53100.00),(98,10,45000.00,53100.00,4050.00,8100.00,9.00,18.00,4500.00,70,4,4050.00,9.00,53100.00),(99,1,20000.00,23600.00,1800.00,3600.00,9.00,18.00,20000.00,71,3,1800.00,9.00,23600.00),(100,10,45000.00,53100.00,4050.00,8100.00,9.00,18.00,4500.00,71,4,4050.00,9.00,53100.00),(101,1,20000.00,23600.00,1800.00,3600.00,9.00,18.00,20000.00,72,3,1800.00,9.00,23600.00),(102,10,45000.00,53100.00,4050.00,8100.00,9.00,18.00,4500.00,72,4,4050.00,9.00,53100.00),(103,1,15000.00,17700.00,1350.00,2700.00,9.00,18.00,15000.00,73,3,1350.00,9.00,17700.00),(104,10,38000.00,44840.00,3420.00,6840.00,9.00,18.00,3800.00,73,4,3420.00,9.00,44840.00),(105,1,20000.00,23600.00,1800.00,3600.00,9.00,18.00,20000.00,74,3,1800.00,9.00,23600.00),(106,20,90000.00,106200.00,8100.00,16200.00,9.00,18.00,4500.00,74,4,8100.00,9.00,106200.00),(107,20,80000.00,94400.00,7200.00,14400.00,9.00,18.00,4000.00,75,4,7200.00,9.00,94400.00),(108,1,18000.00,21240.00,1620.00,3240.00,9.00,18.00,18000.00,75,3,1620.00,9.00,21240.00),(109,1,18000.00,21240.00,1620.00,3240.00,9.00,18.00,18000.00,76,3,1620.00,9.00,21240.00),(110,20,80000.00,94400.00,7200.00,14400.00,9.00,18.00,4000.00,76,4,7200.00,9.00,94400.00),(111,1,18000.00,21240.00,1620.00,3240.00,9.00,18.00,18000.00,77,3,1620.00,9.00,21240.00),(112,20,80000.00,94400.00,7200.00,14400.00,9.00,18.00,4000.00,77,4,7200.00,9.00,94400.00),(113,1,18000.00,21240.00,1620.00,3240.00,9.00,18.00,18000.00,78,3,1620.00,9.00,21240.00),(114,20,80000.00,94400.00,7200.00,14400.00,9.00,18.00,4000.00,78,4,7200.00,9.00,94400.00),(115,1,18000.00,21240.00,1620.00,3240.00,9.00,18.00,18000.00,79,3,1620.00,9.00,21240.00),(116,20,80000.00,94400.00,7200.00,14400.00,9.00,18.00,4000.00,79,4,7200.00,9.00,94400.00),(117,1,18000.00,21240.00,1620.00,3240.00,9.00,18.00,18000.00,80,3,1620.00,9.00,21240.00),(118,20,80000.00,94400.00,7200.00,14400.00,9.00,18.00,4000.00,80,4,7200.00,9.00,94400.00),(119,1,18000.00,21240.00,1620.00,3240.00,9.00,18.00,18000.00,81,3,1620.00,9.00,21240.00),(120,20,80000.00,94400.00,7200.00,14400.00,9.00,18.00,4000.00,81,4,7200.00,9.00,94400.00),(121,1,18000.00,21240.00,1620.00,3240.00,9.00,18.00,18000.00,82,3,1620.00,9.00,21240.00),(122,20,80000.00,94400.00,7200.00,14400.00,9.00,18.00,4000.00,82,4,7200.00,9.00,94400.00),(123,1,18000.00,21240.00,1620.00,3240.00,9.00,18.00,18000.00,83,3,1620.00,9.00,21240.00),(124,20,80000.00,94400.00,7200.00,14400.00,9.00,18.00,4000.00,83,4,7200.00,9.00,94400.00),(125,1,18000.00,21240.00,1620.00,3240.00,9.00,18.00,18000.00,84,3,1620.00,9.00,21240.00),(126,20,80000.00,94400.00,7200.00,14400.00,9.00,18.00,4000.00,84,4,7200.00,9.00,94400.00),(127,1,17500.00,20650.00,1575.00,3150.00,9.00,18.00,17500.00,85,3,1575.00,9.00,20650.00),(128,20,82000.00,96760.00,7380.00,14760.00,9.00,18.00,4100.00,85,4,7380.00,9.00,96760.00),(129,1,20000.00,23600.00,1800.00,3600.00,9.00,18.00,20000.00,86,3,1800.00,9.00,23600.00),(130,20,90000.00,106200.00,8100.00,16200.00,9.00,18.00,4500.00,86,4,8100.00,9.00,106200.00),(131,10,45000.00,53100.00,4050.00,8100.00,9.00,18.00,4500.00,87,4,4050.00,9.00,53100.00),(132,1,20000.00,23600.00,1800.00,3600.00,9.00,18.00,20000.00,88,3,1800.00,9.00,23600.00),(133,20,90000.00,106200.00,8100.00,16200.00,9.00,18.00,4500.00,88,4,8100.00,9.00,106200.00),(134,1,20000.00,23600.00,1800.00,3600.00,9.00,18.00,20000.00,89,3,1800.00,9.00,23600.00),(135,20,90000.00,106200.00,8100.00,16200.00,9.00,18.00,4500.00,89,4,8100.00,9.00,106200.00),(136,1,20000.00,23600.00,1800.00,3600.00,9.00,18.00,20000.00,90,3,1800.00,9.00,23600.00),(137,20,90000.00,106200.00,8100.00,16200.00,9.00,18.00,4500.00,90,4,8100.00,9.00,106200.00),(138,1,20000.00,23600.00,1800.00,3600.00,9.00,18.00,20000.00,91,3,1800.00,9.00,23600.00),(139,20,90000.00,106200.00,8100.00,16200.00,9.00,18.00,4500.00,91,4,8100.00,9.00,106200.00),(140,1,20000.00,23600.00,1800.00,3600.00,9.00,18.00,20000.00,92,3,1800.00,9.00,23600.00),(141,20,90000.00,106200.00,8100.00,16200.00,9.00,18.00,4500.00,92,4,8100.00,9.00,106200.00),(142,1,20000.00,23600.00,1800.00,3600.00,9.00,18.00,20000.00,93,3,1800.00,9.00,23600.00),(143,3,13500.00,15930.00,1215.00,2430.00,9.00,18.00,4500.00,93,4,1215.00,9.00,15930.00),(144,1,20000.00,23600.00,1800.00,3600.00,9.00,18.00,20000.00,94,3,1800.00,9.00,23600.00),(145,3,13500.00,15930.00,1215.00,2430.00,9.00,18.00,4500.00,94,4,1215.00,9.00,15930.00),(146,1,20000.00,23600.00,1800.00,3600.00,9.00,18.00,20000.00,95,3,1800.00,9.00,23600.00),(147,3,13500.00,15930.00,1215.00,2430.00,9.00,18.00,4500.00,95,4,1215.00,9.00,15930.00),(148,1,20000.00,23600.00,1800.00,3600.00,9.00,18.00,20000.00,96,3,1800.00,9.00,23600.00),(149,3,13500.00,15930.00,1215.00,2430.00,9.00,18.00,4500.00,96,4,1215.00,9.00,15930.00),(150,1,20000.00,23600.00,1800.00,3600.00,9.00,18.00,20000.00,97,3,1800.00,9.00,23600.00),(151,3,13500.00,15930.00,1215.00,2430.00,9.00,18.00,4500.00,97,4,1215.00,9.00,15930.00),(152,1,20000.00,23600.00,1800.00,3600.00,9.00,18.00,20000.00,98,3,1800.00,9.00,23600.00),(153,3,13500.00,15930.00,1215.00,2430.00,9.00,18.00,4500.00,98,4,1215.00,9.00,15930.00),(154,1,20000.00,23600.00,1800.00,3600.00,9.00,18.00,20000.00,99,3,1800.00,9.00,23600.00),(155,3,13500.00,15930.00,1215.00,2430.00,9.00,18.00,4500.00,99,4,1215.00,9.00,15930.00),(156,1,20000.00,23600.00,1800.00,3600.00,9.00,18.00,20000.00,100,3,1800.00,9.00,23600.00),(157,3,13500.00,15930.00,1215.00,2430.00,9.00,18.00,4500.00,100,4,1215.00,9.00,15930.00),(158,1,20000.00,23600.00,1800.00,3600.00,9.00,18.00,20000.00,101,3,1800.00,9.00,23600.00),(159,10,45000.00,53100.00,4050.00,8100.00,9.00,18.00,4500.00,101,4,4050.00,9.00,53100.00),(160,1,20000.00,23600.00,1800.00,3600.00,9.00,18.00,20000.00,102,3,1800.00,9.00,23600.00),(161,20,90000.00,106200.00,8100.00,16200.00,9.00,18.00,4500.00,102,4,8100.00,9.00,106200.00),(162,1,20000.00,23600.00,1800.00,3600.00,9.00,18.00,20000.00,103,3,1800.00,9.00,23600.00),(163,10,45000.00,53100.00,4050.00,8100.00,9.00,18.00,4500.00,103,4,4050.00,9.00,53100.00),(164,1,17000.00,20060.00,1530.00,3060.00,9.00,18.00,17000.00,104,3,1530.00,9.00,20060.00),(165,6,24600.00,29028.00,2214.00,4428.00,9.00,18.00,4100.00,104,4,2214.00,9.00,29028.00),(166,1,17000.00,20060.00,1530.00,3060.00,9.00,18.00,17000.00,105,3,1530.00,9.00,20060.00),(167,8,32800.00,38704.00,2952.00,5904.00,9.00,18.00,4100.00,105,4,2952.00,9.00,38704.00),(168,1,17000.00,20060.00,1530.00,3060.00,9.00,18.00,17000.00,106,3,1530.00,9.00,20060.00),(169,6,24600.00,29028.00,2214.00,4428.00,9.00,18.00,4100.00,106,4,2214.00,9.00,29028.00),(170,2,40000.00,47200.00,3600.00,7200.00,9.00,18.00,20000.00,107,3,3600.00,9.00,47200.00),(171,20,90000.00,106200.00,8100.00,16200.00,9.00,18.00,4500.00,107,4,8100.00,9.00,106200.00),(172,10,35000.00,41300.00,3150.00,6300.00,9.00,18.00,3500.00,108,4,3150.00,9.00,41300.00),(173,10,35000.00,41300.00,3150.00,6300.00,9.00,18.00,3500.00,109,4,3150.00,9.00,41300.00),(174,1,20000.00,23600.00,1800.00,3600.00,9.00,18.00,20000.00,110,3,1800.00,9.00,23600.00),(175,20,90000.00,106200.00,8100.00,16200.00,9.00,18.00,4500.00,110,4,8100.00,9.00,106200.00),(176,10,35000.00,41300.00,3150.00,6300.00,9.00,18.00,3500.00,111,4,3150.00,9.00,41300.00),(177,1,18000.00,21240.00,1620.00,3240.00,9.00,18.00,18000.00,112,3,1620.00,9.00,21240.00),(178,2,8500.00,10030.00,765.00,1530.00,9.00,18.00,4250.00,112,4,765.00,9.00,10030.00),(179,1,18000.00,21240.00,1620.00,3240.00,9.00,18.00,18000.00,113,3,1620.00,9.00,21240.00),(180,2,8500.00,10030.00,765.00,1530.00,9.00,18.00,4250.00,113,4,765.00,9.00,10030.00),(181,4,17000.00,20060.00,1530.00,3060.00,9.00,18.00,4250.00,114,4,1530.00,9.00,20060.00),(182,1,18000.00,21240.00,1620.00,3240.00,9.00,18.00,18000.00,114,3,1620.00,9.00,21240.00),(183,1,18000.00,21240.00,1620.00,3240.00,9.00,18.00,18000.00,115,3,1620.00,9.00,21240.00),(184,2,8500.00,10030.00,765.00,1530.00,9.00,18.00,4250.00,115,4,765.00,9.00,10030.00),(185,1,18000.00,21240.00,1620.00,3240.00,9.00,18.00,18000.00,116,3,1620.00,9.00,21240.00),(186,4,17000.00,20060.00,1530.00,3060.00,9.00,18.00,4250.00,116,4,1530.00,9.00,20060.00),(187,1,20000.00,23600.00,1800.00,3600.00,9.00,18.00,20000.00,117,3,1800.00,9.00,23600.00),(188,7,28700.00,33866.00,2583.00,5166.00,9.00,18.00,4100.00,117,4,2583.00,9.00,33866.00),(189,1,20000.00,23600.00,1800.00,3600.00,9.00,18.00,20000.00,118,3,1800.00,9.00,23600.00),(190,7,28700.00,33866.00,2583.00,5166.00,9.00,18.00,4100.00,118,4,2583.00,9.00,33866.00),(191,1,20000.00,23600.00,1800.00,3600.00,9.00,18.00,20000.00,119,3,1800.00,9.00,23600.00),(192,6,24600.00,29028.00,2214.00,4428.00,9.00,18.00,4100.00,119,4,2214.00,9.00,29028.00),(193,1,18000.00,21240.00,1620.00,3240.00,9.00,18.00,18000.00,120,3,1620.00,9.00,21240.00),(194,10,42500.00,50150.00,3825.00,7650.00,9.00,18.00,4250.00,120,4,3825.00,9.00,50150.00),(195,1,18000.00,21240.00,1620.00,3240.00,9.00,18.00,18000.00,121,3,1620.00,9.00,21240.00),(196,10,42500.00,50150.00,3825.00,7650.00,9.00,18.00,4250.00,121,4,3825.00,9.00,50150.00),(197,2,40000.00,47200.00,3600.00,7200.00,9.00,18.00,20000.00,122,3,3600.00,9.00,47200.00),(198,10,45000.00,53100.00,4050.00,8100.00,9.00,18.00,4500.00,122,4,4050.00,9.00,53100.00),(199,20,90000.00,106200.00,8100.00,16200.00,9.00,18.00,4500.00,123,4,8100.00,9.00,106200.00),(200,1,20000.00,23600.00,1800.00,3600.00,9.00,18.00,20000.00,123,3,1800.00,9.00,23600.00),(201,1,18000.00,21240.00,1620.00,3240.00,9.00,18.00,18000.00,124,3,1620.00,9.00,21240.00),(202,20,82000.00,96760.00,7380.00,14760.00,9.00,18.00,4100.00,124,4,7380.00,9.00,96760.00),(203,1,18000.00,21240.00,1620.00,3240.00,9.00,18.00,18000.00,125,3,1620.00,9.00,21240.00),(204,20,82000.00,96760.00,7380.00,14760.00,9.00,18.00,4100.00,125,4,7380.00,9.00,96760.00),(205,1,18000.00,21240.00,1620.00,3240.00,9.00,18.00,18000.00,126,3,1620.00,9.00,21240.00),(206,20,82000.00,96760.00,7380.00,14760.00,9.00,18.00,4100.00,126,4,7380.00,9.00,96760.00),(207,1,18000.00,21240.00,1620.00,3240.00,9.00,18.00,18000.00,127,3,1620.00,9.00,21240.00),(208,20,82000.00,96760.00,7380.00,14760.00,9.00,18.00,4100.00,127,4,7380.00,9.00,96760.00),(209,1,18000.00,21240.00,1620.00,3240.00,9.00,18.00,18000.00,128,3,1620.00,9.00,21240.00),(210,20,82000.00,96760.00,7380.00,14760.00,9.00,18.00,4100.00,128,4,7380.00,9.00,96760.00),(211,1,18000.00,21240.00,1620.00,3240.00,9.00,18.00,18000.00,129,3,1620.00,9.00,21240.00),(212,20,82000.00,96760.00,7380.00,14760.00,9.00,18.00,4100.00,129,4,7380.00,9.00,96760.00),(213,1,18000.00,21240.00,1620.00,3240.00,9.00,18.00,18000.00,130,3,1620.00,9.00,21240.00),(214,20,82000.00,96760.00,7380.00,14760.00,9.00,18.00,4100.00,130,4,7380.00,9.00,96760.00),(215,1,20000.00,23600.00,1800.00,3600.00,9.00,18.00,20000.00,131,3,1800.00,9.00,23600.00),(216,20,90000.00,106200.00,8100.00,16200.00,9.00,18.00,4500.00,131,4,8100.00,9.00,106200.00),(217,1,20000.00,23600.00,1800.00,3600.00,9.00,18.00,20000.00,132,3,1800.00,9.00,23600.00),(218,20,90000.00,106200.00,8100.00,16200.00,9.00,18.00,4500.00,132,4,8100.00,9.00,106200.00),(219,1,20000.00,23600.00,1800.00,3600.00,9.00,18.00,20000.00,133,3,1800.00,9.00,23600.00),(220,20,90000.00,106200.00,8100.00,16200.00,9.00,18.00,4500.00,133,4,8100.00,9.00,106200.00),(221,20,70000.00,82600.00,6300.00,12600.00,9.00,18.00,3500.00,134,4,6300.00,9.00,82600.00),(222,1,18000.00,21240.00,1620.00,3240.00,9.00,18.00,18000.00,135,3,1620.00,9.00,21240.00),(223,3,13500.00,15930.00,1215.00,2430.00,9.00,18.00,4500.00,135,4,1215.00,9.00,15930.00),(224,1,18000.00,21240.00,1620.00,3240.00,9.00,18.00,18000.00,136,3,1620.00,9.00,21240.00),(225,3,13500.00,15930.00,1215.00,2430.00,9.00,18.00,4500.00,136,4,1215.00,9.00,15930.00),(226,1,20000.00,23600.00,1800.00,3600.00,9.00,18.00,20000.00,137,3,1800.00,9.00,23600.00),(227,4,18000.00,21240.00,1620.00,3240.00,9.00,18.00,4500.00,137,4,1620.00,9.00,21240.00),(228,1,20000.00,23600.00,1800.00,3600.00,9.00,18.00,20000.00,138,3,1800.00,9.00,23600.00),(229,4,18000.00,21240.00,1620.00,3240.00,9.00,18.00,4500.00,138,4,1620.00,9.00,21240.00),(230,1,20000.00,23600.00,1800.00,3600.00,9.00,18.00,20000.00,139,3,1800.00,9.00,23600.00),(231,2,9000.00,10620.00,810.00,1620.00,9.00,18.00,4500.00,139,4,810.00,9.00,10620.00),(232,1,20000.00,23600.00,1800.00,3600.00,9.00,18.00,20000.00,140,3,1800.00,9.00,23600.00),(233,3,13500.00,15930.00,1215.00,2430.00,9.00,18.00,4500.00,140,4,1215.00,9.00,15930.00),(234,1,20000.00,23600.00,1800.00,3600.00,9.00,18.00,20000.00,141,3,1800.00,9.00,23600.00),(235,2,9000.00,10620.00,810.00,1620.00,9.00,18.00,4500.00,141,4,810.00,9.00,10620.00),(236,10,42500.00,50150.00,3825.00,7650.00,9.00,18.00,4250.00,142,4,3825.00,9.00,50150.00),(237,10,45000.00,53100.00,4050.00,8100.00,9.00,18.00,4500.00,143,4,4050.00,9.00,53100.00),(238,10,35000.00,41300.00,3150.00,6300.00,9.00,18.00,3500.00,144,4,3150.00,9.00,41300.00),(239,10,35000.00,41300.00,3150.00,6300.00,9.00,18.00,3500.00,145,4,3150.00,9.00,41300.00),(240,1,20000.00,23600.00,1800.00,3600.00,9.00,18.00,20000.00,146,3,1800.00,9.00,23600.00),(241,5,20500.00,24190.00,1845.00,3690.00,9.00,18.00,4100.00,146,4,1845.00,9.00,24190.00),(242,1,20000.00,23600.00,1800.00,3600.00,9.00,18.00,20000.00,147,3,1800.00,9.00,23600.00),(243,5,20500.00,24190.00,1845.00,3690.00,9.00,18.00,4100.00,147,4,1845.00,9.00,24190.00),(244,1,20000.00,23600.00,1800.00,3600.00,9.00,18.00,20000.00,148,3,1800.00,9.00,23600.00),(245,20,90000.00,106200.00,8100.00,16200.00,9.00,18.00,4500.00,148,4,8100.00,9.00,106200.00),(246,1,18000.00,21240.00,1620.00,3240.00,9.00,18.00,18000.00,149,3,1620.00,9.00,21240.00),(247,5,21250.00,25075.00,1912.50,3825.00,9.00,18.00,4250.00,149,4,1912.50,9.00,25075.00),(248,1,18000.00,21240.00,1620.00,3240.00,9.00,18.00,18000.00,150,3,1620.00,9.00,21240.00),(249,5,21250.00,25075.00,1912.50,3825.00,9.00,18.00,4250.00,150,4,1912.50,9.00,25075.00),(250,1,18000.00,21240.00,1620.00,3240.00,9.00,18.00,18000.00,151,3,1620.00,9.00,21240.00),(251,5,21250.00,25075.00,1912.50,3825.00,9.00,18.00,4250.00,151,4,1912.50,9.00,25075.00),(252,1,18000.00,21240.00,1620.00,3240.00,9.00,18.00,18000.00,152,3,1620.00,9.00,21240.00),(253,5,21250.00,25075.00,1912.50,3825.00,9.00,18.00,4250.00,152,4,1912.50,9.00,25075.00),(257,5,22500.00,26550.00,2025.00,4050.00,9.00,18.00,4500.00,155,4,2025.00,9.00,26550.00),(256,5,22500.00,26550.00,2025.00,4050.00,9.00,18.00,4500.00,154,4,2025.00,9.00,26550.00),(258,20,90000.00,106200.00,8100.00,16200.00,9.00,18.00,4500.00,156,4,8100.00,9.00,106200.00),(259,1,18000.00,21240.00,1620.00,3240.00,9.00,18.00,18000.00,157,3,1620.00,9.00,21240.00),(260,10,42500.00,50150.00,3825.00,7650.00,9.00,18.00,4250.00,157,4,3825.00,9.00,50150.00),(261,1,18000.00,21240.00,1620.00,3240.00,9.00,18.00,18000.00,158,3,1620.00,9.00,21240.00),(262,10,42500.00,50150.00,3825.00,7650.00,9.00,18.00,4250.00,158,4,3825.00,9.00,50150.00),(263,1,18000.00,21240.00,1620.00,3240.00,9.00,18.00,18000.00,159,3,1620.00,9.00,21240.00),(264,10,45000.00,53100.00,4050.00,8100.00,9.00,18.00,4500.00,159,4,4050.00,9.00,53100.00),(265,5,22500.00,26550.00,2025.00,4050.00,9.00,18.00,4500.00,160,4,2025.00,9.00,26550.00),(266,5,22500.00,26550.00,2025.00,4050.00,9.00,18.00,4500.00,161,4,2025.00,9.00,26550.00),(267,5,22500.00,26550.00,2025.00,4050.00,9.00,18.00,4500.00,162,4,2025.00,9.00,26550.00),(268,5,22500.00,26550.00,2025.00,4050.00,9.00,18.00,4500.00,163,4,2025.00,9.00,26550.00),(269,10,45000.00,53100.00,4050.00,8100.00,9.00,18.00,4500.00,164,4,4050.00,9.00,53100.00),(270,1,20000.00,23600.00,1800.00,3600.00,9.00,18.00,20000.00,165,3,1800.00,9.00,23600.00),(271,20,90000.00,106200.00,8100.00,16200.00,9.00,18.00,4500.00,165,4,8100.00,9.00,106200.00);
/*!40000 ALTER TABLE `services_productquantity` ENABLE KEYS */;
UNLOCK TABLES;

--
-- Table structure for table `services_productquantityunitdisplay`
--

DROP TABLE IF EXISTS `services_productquantityunitdisplay`;
/*!40101 SET @saved_cs_client     = @@character_set_client */;
/*!40101 SET character_set_client = utf8 */;
CREATE TABLE `services_productquantityunitdisplay` (
  `id` int(11) NOT NULL AUTO_INCREMENT,
  `unit` int(11) NOT NULL,
  `product_id` int(11) NOT NULL,
  PRIMARY KEY (`id`),
  KEY `services_productquantityunitdisplay_9bea82de` (`product_id`)
) ENGINE=MyISAM DEFAULT CHARSET=latin1;
/*!40101 SET character_set_client = @saved_cs_client */;

--
-- Dumping data for table `services_productquantityunitdisplay`
--

LOCK TABLES `services_productquantityunitdisplay` WRITE;
/*!40000 ALTER TABLE `services_productquantityunitdisplay` DISABLE KEYS */;
/*!40000 ALTER TABLE `services_productquantityunitdisplay` ENABLE KEYS */;
UNLOCK TABLES;

--
-- Table structure for table `services_productsegmentprice`
--

DROP TABLE IF EXISTS `services_productsegmentprice`;
/*!40101 SET @saved_cs_client     = @@character_set_client */;
/*!40101 SET character_set_client = utf8 */;
CREATE TABLE `services_productsegmentprice` (
  `id` int(11) NOT NULL AUTO_INCREMENT,
  `vehicle_category` int(11) DEFAULT NULL,
  `base_price` decimal(10,2) NOT NULL,
  `active` tinyint(1) NOT NULL,
  `product_id` int(11) NOT NULL,
  `segment_id` int(11) DEFAULT NULL,
  PRIMARY KEY (`id`),
  KEY `services_productsegmentprice_9bea82de` (`product_id`),
  KEY `services_productsegmentprice_3e8e3332` (`segment_id`)
) ENGINE=MyISAM AUTO_INCREMENT=11 DEFAULT CHARSET=latin1;
/*!40101 SET character_set_client = @saved_cs_client */;

--
-- Dumping data for table `services_productsegmentprice`
--

LOCK TABLES `services_productsegmentprice` WRITE;
/*!40000 ALTER TABLE `services_productsegmentprice` DISABLE KEYS */;
INSERT INTO `services_productsegmentprice` VALUES (1,NULL,1200.00,1,1,1),(2,NULL,1200.00,1,1,2),(3,NULL,1200.00,1,1,3),(4,NULL,1200.00,1,1,4),(5,1,800.00,1,1,5),(6,2,800.00,1,1,5),(7,3,800.00,1,1,5),(8,4,1600.00,1,1,5),(9,5,2000.00,1,1,5),(10,NULL,500.00,1,2,NULL);
/*!40000 ALTER TABLE `services_productsegmentprice` ENABLE KEYS */;
UNLOCK TABLES;

--
-- Table structure for table `services_proformabooking`
--

DROP TABLE IF EXISTS `services_proformabooking`;
/*!40101 SET @saved_cs_client     = @@character_set_client */;
/*!40101 SET character_set_client = utf8 */;
CREATE TABLE `services_proformabooking` (
  `id` int(11) NOT NULL AUTO_INCREMENT,
  `gross_amount` decimal(30,2) NOT NULL,
  `amount` decimal(30,2) NOT NULL,
  `SGST_amount` decimal(30,2) NOT NULL,
  `CGST_amount` decimal(30,2) NOT NULL,
  `IGST_amount` decimal(30,2) NOT NULL,
  `is_IGST` tinyint(1) NOT NULL,
  `contact_number` varchar(10) DEFAULT NULL,
  `created_date` date NOT NULL,
  `updated` date NOT NULL,
  `createdBy_id` int(11) NOT NULL,
  `created_For_id` int(11) NOT NULL,
  `updated_By_id` int(11) NOT NULL,
  `cancel_reason` varchar(255),
  `is_cancelled` tinyint(1) NOT NULL,
  PRIMARY KEY (`id`),
  KEY `services_proformabooking_c35609d3` (`createdBy_id`),
  KEY `services_proformabooking_7e9a7af7` (`created_For_id`),
  KEY `services_proformabooking_c9cfac4a` (`updated_By_id`)
) ENGINE=MyISAM AUTO_INCREMENT=160 DEFAULT CHARSET=latin1;
/*!40101 SET character_set_client = @saved_cs_client */;

--
-- Dumping data for table `services_proformabooking`
--

LOCK TABLES `services_proformabooking` WRITE;
/*!40000 ALTER TABLE `services_proformabooking` DISABLE KEYS */;
INSERT INTO `services_proformabooking` VALUES (23,45000.00,53100.00,4050.00,4050.00,8100.00,1,NULL,'2018-01-08','2018-01-08',57,83,57,NULL,0),(22,65000.00,76700.00,5850.00,5850.00,11700.00,1,NULL,'2018-01-08','2018-01-08',57,82,57,NULL,0),(21,90000.00,106200.00,8100.00,8100.00,16200.00,1,NULL,'2018-01-08','2018-01-08',57,81,57,NULL,0),(20,110000.00,129800.00,9900.00,9900.00,19800.00,0,NULL,'2018-01-03','2018-01-03',36,79,36,NULL,0),(19,110000.00,129800.00,9900.00,9900.00,19800.00,0,NULL,'2018-01-03','2018-01-03',36,78,36,NULL,0),(18,110000.00,129800.00,9900.00,9900.00,19800.00,0,NULL,'2018-01-03','2018-01-03',36,77,36,NULL,0),(17,90000.00,106200.00,8100.00,8100.00,16200.00,1,NULL,'2018-01-03','2018-01-03',63,76,63,NULL,0),(16,90000.00,106200.00,8100.00,8100.00,16200.00,1,NULL,'2018-01-02','2018-01-02',2,76,2,NULL,0),(15,90000.00,115200.00,8100.00,8100.00,25200.00,1,NULL,'2018-01-02','2018-01-02',63,76,63,NULL,0),(24,45000.00,53100.00,4050.00,4050.00,8100.00,1,NULL,'2018-01-25','2018-01-25',57,80,57,NULL,0),(25,65000.00,76700.00,5850.00,5850.00,11700.00,1,NULL,'2018-01-25','2018-01-25',67,84,67,NULL,0),(26,65000.00,76700.00,5850.00,5850.00,11700.00,1,NULL,'2018-01-27','2018-01-27',67,85,67,NULL,0),(27,65000.00,76700.00,5850.00,5850.00,11700.00,1,NULL,'2018-01-27','2018-01-27',67,86,67,NULL,0),(28,110000.00,129800.00,9900.00,9900.00,19800.00,0,NULL,'2018-01-29','2018-01-29',36,87,36,NULL,0),(29,110000.00,129800.00,9900.00,9900.00,19800.00,0,NULL,'2018-01-29','2018-01-29',36,88,36,NULL,0),(30,110000.00,129800.00,9900.00,9900.00,19800.00,1,NULL,'2018-01-30','2018-01-30',68,89,68,NULL,0),(31,110000.00,129800.00,9900.00,9900.00,19800.00,1,NULL,'2018-01-30','2018-01-30',68,90,57,'Wrong address typed on the invoice.',1),(32,110000.00,129800.00,9900.00,9900.00,19800.00,1,NULL,'2018-01-30','2018-01-30',68,91,57,'Wrong address typed on the invoice.',1),(33,110000.00,129800.00,9900.00,9900.00,19800.00,1,NULL,'2018-01-30','2018-01-30',68,93,57,'Wrong address typed on the invoice.',1),(34,110000.00,129800.00,9900.00,9900.00,19800.00,1,NULL,'2018-01-30','2018-01-30',68,95,68,NULL,0),(35,110000.00,129800.00,9900.00,9900.00,19800.00,1,NULL,'2018-01-30','2018-01-30',68,92,68,NULL,0),(36,110000.00,129800.00,9900.00,9900.00,19800.00,1,NULL,'2018-01-30','2018-01-30',62,96,62,NULL,0),(37,65000.00,76700.00,5850.00,5850.00,11700.00,1,NULL,'2018-01-30','2018-01-30',66,94,66,NULL,0),(38,110000.00,129800.00,9900.00,9900.00,19800.00,1,NULL,'2018-01-30','2018-01-30',68,90,57,'Wrong address typed on the invoice.',1),(39,110000.00,129800.00,9900.00,9900.00,19800.00,1,NULL,'2018-01-30','2018-01-30',57,90,57,NULL,0),(40,110000.00,129800.00,9900.00,9900.00,19800.00,1,NULL,'2018-01-30','2018-01-30',68,91,68,NULL,0),(41,110000.00,129800.00,9900.00,9900.00,19800.00,1,NULL,'2018-01-30','2018-01-30',68,93,68,NULL,0),(42,110000.00,129800.00,9900.00,9900.00,19800.00,1,NULL,'2018-01-30','2018-01-30',59,97,59,NULL,0),(43,65000.00,76700.00,5850.00,5850.00,11700.00,1,NULL,'2018-01-30','2018-01-30',59,97,59,NULL,0),(44,110000.00,129800.00,9900.00,9900.00,19800.00,1,NULL,'2018-01-30','2018-01-30',59,98,59,NULL,0),(45,110000.00,129800.00,9900.00,9900.00,19800.00,1,NULL,'2018-01-31','2018-01-31',36,99,36,NULL,0),(46,110000.00,129800.00,9900.00,9900.00,19800.00,1,NULL,'2018-01-31','2018-01-31',36,99,36,NULL,0),(47,65000.00,76700.00,5850.00,5850.00,11700.00,1,NULL,'2018-01-31','2018-01-31',59,98,59,NULL,0),(48,65000.00,76700.00,5850.00,5850.00,11700.00,1,NULL,'2018-01-31','2018-01-31',67,100,67,NULL,0),(49,20000.00,23600.00,1800.00,1800.00,3600.00,1,NULL,'2018-01-31','2018-01-31',59,98,59,NULL,0),(50,65000.00,76700.00,5850.00,5850.00,11700.00,1,NULL,'2018-02-01','2018-02-01',59,102,59,NULL,0),(51,110000.00,129800.00,9900.00,9900.00,19800.00,1,NULL,'2018-02-02','2018-02-06',68,110,57,'Wrong company name on the invoice.',1),(52,100000.00,118000.00,9000.00,9000.00,18000.00,1,NULL,'2018-02-02','2018-02-02',64,122,64,NULL,0),(53,100000.00,118000.00,9000.00,9000.00,18000.00,1,NULL,'2018-02-02','2018-02-02',64,109,64,NULL,0),(54,100000.00,118000.00,9000.00,9000.00,18000.00,1,NULL,'2018-02-02','2018-02-02',64,117,64,NULL,0),(55,100000.00,118000.00,9000.00,9000.00,18000.00,1,NULL,'2018-02-02','2018-02-02',64,111,64,NULL,0),(56,100000.00,118000.00,9000.00,9000.00,18000.00,1,NULL,'2018-02-02','2018-02-02',64,119,64,NULL,0),(57,100000.00,118000.00,9000.00,9000.00,18000.00,1,NULL,'2018-02-02','2018-02-02',64,113,64,NULL,0),(58,100000.00,118000.00,9000.00,9000.00,18000.00,1,NULL,'2018-02-02','2018-02-02',64,120,64,NULL,0),(59,110000.00,129800.00,9900.00,9900.00,19800.00,1,NULL,'2018-02-03','2018-02-03',62,104,62,NULL,0),(60,110000.00,129800.00,9900.00,9900.00,19800.00,1,NULL,'2018-02-03','2018-02-03',62,108,62,NULL,0),(61,20000.00,23600.00,1800.00,1800.00,3600.00,0,NULL,'2018-02-03','2018-02-03',36,105,36,NULL,0),(62,20000.00,23600.00,1800.00,1800.00,3600.00,0,NULL,'2018-02-03','2018-02-03',36,106,36,NULL,0),(63,20000.00,23600.00,1800.00,1800.00,3600.00,0,NULL,'2018-02-03','2018-02-03',36,107,36,NULL,0),(64,33500.00,39530.00,3015.00,3015.00,6030.00,1,NULL,'2018-02-03','2018-02-03',59,118,59,NULL,0),(65,33500.00,39530.00,3015.00,3015.00,6030.00,1,NULL,'2018-02-03','2018-02-03',59,112,59,NULL,0),(66,33500.00,39530.00,3015.00,3015.00,6030.00,1,NULL,'2018-02-03','2018-02-03',59,121,59,NULL,0),(67,33500.00,39530.00,3015.00,3015.00,6030.00,1,NULL,'2018-02-03','2018-02-03',59,116,59,NULL,0),(68,33500.00,39530.00,3015.00,3015.00,6030.00,1,NULL,'2018-02-03','2018-02-03',59,98,59,NULL,0),(69,33500.00,39530.00,3015.00,3015.00,6030.00,1,NULL,'2018-02-03','2018-02-03',59,97,59,NULL,0),(70,33500.00,39530.00,3015.00,3015.00,6030.00,1,NULL,'2018-02-03','2018-02-03',59,123,59,NULL,0),(71,33500.00,39530.00,3015.00,3015.00,6030.00,1,NULL,'2018-02-03','2018-02-03',59,114,59,NULL,0),(72,110000.00,129800.00,9900.00,9900.00,19800.00,1,NULL,'2018-02-03','2018-02-03',68,110,68,NULL,0),(73,110000.00,129800.00,9900.00,9900.00,19800.00,1,NULL,'2018-02-03','2018-02-03',65,125,65,NULL,0),(74,110000.00,129800.00,9900.00,9900.00,19800.00,1,NULL,'2018-02-03','2018-02-03',68,115,68,NULL,0),(75,110000.00,129800.00,9900.00,9900.00,19800.00,1,NULL,'2018-02-03','2018-02-03',68,124,68,NULL,0),(76,65000.00,76700.00,5850.00,5850.00,11700.00,1,NULL,'2018-02-04','2018-02-06',68,94,57,'Wrong entry. Repeated pro forma invoice.',1),(77,42500.00,50150.00,3825.00,3825.00,7650.00,1,NULL,'2018-02-05','2018-02-05',59,126,59,NULL,0),(78,100000.00,118000.00,9000.00,9000.00,18000.00,1,NULL,'2018-02-05','2018-02-05',67,131,67,NULL,0),(79,100000.00,118000.00,9000.00,9000.00,18000.00,1,NULL,'2018-02-05','2018-02-05',67,130,67,NULL,0),(80,100000.00,118000.00,9000.00,9000.00,18000.00,1,NULL,'2018-02-05','2018-02-05',67,127,67,NULL,0),(81,100000.00,118000.00,9000.00,9000.00,18000.00,1,NULL,'2018-02-05','2018-02-05',67,128,67,NULL,0),(82,100000.00,118000.00,9000.00,9000.00,18000.00,1,NULL,'2018-02-05','2018-02-05',67,132,67,NULL,0),(83,100000.00,118000.00,9000.00,9000.00,18000.00,1,NULL,'2018-02-05','2018-02-05',67,132,67,NULL,0),(84,100000.00,118000.00,9000.00,9000.00,18000.00,1,NULL,'2018-02-05','2018-02-05',67,129,67,NULL,0),(85,100000.00,118000.00,9000.00,9000.00,18000.00,1,NULL,'2018-02-05','2018-02-05',67,133,67,NULL,0),(86,110000.00,129800.00,9900.00,9900.00,19800.00,1,NULL,'2018-02-06','2018-02-06',68,135,68,NULL,0),(87,110000.00,129800.00,9900.00,9900.00,19800.00,1,NULL,'2018-02-07','2018-02-07',68,148,68,NULL,0),(88,98000.00,115640.00,8820.00,8820.00,17640.00,1,NULL,'2018-02-07','2018-02-07',57,142,57,NULL,0),(89,110000.00,129800.00,9900.00,9900.00,19800.00,1,NULL,'2018-02-08','2018-02-08',63,149,63,NULL,0),(90,65000.00,76700.00,5850.00,5850.00,11700.00,1,NULL,'2018-02-08','2018-02-08',66,150,66,NULL,0),(91,110000.00,129800.00,9900.00,9900.00,19800.00,1,NULL,'2018-02-08','2018-02-08',57,110,57,NULL,0),(92,110000.00,129800.00,9900.00,9900.00,19800.00,1,NULL,'2018-02-08','2018-02-08',68,152,68,NULL,0),(93,65000.00,76700.00,5850.00,5850.00,11700.00,1,NULL,'2018-02-08','2018-02-08',57,149,57,NULL,0),(94,110000.00,129800.00,9900.00,9900.00,19800.00,1,NULL,'2018-02-08','2018-02-08',68,110,68,NULL,0),(95,110000.00,129800.00,9900.00,9900.00,19800.00,1,NULL,'2018-02-08','2018-02-08',68,124,68,NULL,0),(96,110000.00,129800.00,9900.00,9900.00,19800.00,1,NULL,'2018-02-08','2018-02-08',68,115,68,NULL,0),(97,110000.00,129800.00,9900.00,9900.00,19800.00,1,NULL,'2018-02-09','2018-02-09',63,153,63,NULL,0),(98,98000.00,115640.00,8820.00,8820.00,17640.00,1,NULL,'2018-02-09','2018-02-09',63,138,63,NULL,0),(99,98000.00,115640.00,8820.00,8820.00,17640.00,1,NULL,'2018-02-09','2018-02-09',63,139,63,NULL,0),(100,98000.00,115640.00,8820.00,8820.00,17640.00,1,NULL,'2018-02-09','2018-02-09',63,144,63,NULL,0),(101,98000.00,115640.00,8820.00,8820.00,17640.00,1,NULL,'2018-02-09','2018-02-09',63,145,63,NULL,0),(102,98000.00,115640.00,8820.00,8820.00,17640.00,1,NULL,'2018-02-09','2018-02-09',63,140,63,NULL,0),(103,98000.00,115640.00,8820.00,8820.00,17640.00,1,NULL,'2018-02-09','2018-02-09',63,146,63,NULL,0),(104,98000.00,115640.00,8820.00,8820.00,17640.00,1,NULL,'2018-02-09','2018-02-09',63,141,63,NULL,0),(105,98000.00,115640.00,8820.00,8820.00,17640.00,1,NULL,'2018-02-09','2018-02-09',63,143,63,NULL,0),(106,98000.00,115640.00,8820.00,8820.00,17640.00,1,NULL,'2018-02-09','2018-02-09',63,147,63,NULL,0),(107,65000.00,76700.00,5850.00,5850.00,11700.00,1,NULL,'2018-02-10','2018-02-10',59,158,59,NULL,0),(108,65000.00,76700.00,5850.00,5850.00,11700.00,1,NULL,'2018-02-12','2018-02-12',66,159,66,NULL,0),(109,45000.00,53100.00,4050.00,4050.00,8100.00,1,NULL,'2018-02-13','2018-02-13',63,76,63,NULL,0),(110,110000.00,129800.00,9900.00,9900.00,19800.00,1,NULL,'2018-02-14','2018-02-14',67,157,67,NULL,0),(111,110000.00,129800.00,9900.00,9900.00,19800.00,1,NULL,'2018-02-14','2018-02-14',67,155,67,NULL,0),(112,110000.00,129800.00,9900.00,9900.00,19800.00,1,NULL,'2018-02-14','2018-02-14',67,156,67,NULL,0),(113,110000.00,129800.00,9900.00,9900.00,19800.00,1,NULL,'2018-02-14','2018-02-14',67,154,67,NULL,0),(114,110000.00,129800.00,9900.00,9900.00,19800.00,1,NULL,'2018-02-14','2018-02-14',68,160,68,NULL,0),(115,110000.00,129800.00,9900.00,9900.00,19800.00,1,NULL,'2018-02-15','2018-02-15',64,161,64,NULL,0),(116,110000.00,129800.00,9900.00,9900.00,19800.00,1,NULL,'2018-02-16','2018-02-16',66,162,66,NULL,0),(117,85000.00,100300.00,7650.00,7650.00,15300.00,1,NULL,'2018-02-16','2018-02-16',59,126,59,NULL,0),(118,61000.00,71980.00,5490.00,5490.00,10980.00,1,NULL,'2018-02-16','2018-02-16',36,163,36,NULL,0),(119,61000.00,71980.00,5490.00,5490.00,10980.00,1,NULL,'2018-02-16','2018-02-16',36,164,36,NULL,0),(120,49800.00,58764.00,4482.00,4482.00,8964.00,1,NULL,'2018-02-17','2018-02-17',66,162,66,NULL,0),(121,41600.00,49088.00,3744.00,3744.00,7488.00,1,NULL,'2018-02-17','2018-02-17',66,166,66,NULL,0),(122,41600.00,49088.00,3744.00,3744.00,7488.00,1,NULL,'2018-02-17','2018-02-17',66,167,66,NULL,0),(123,29000.00,34220.00,2610.00,2610.00,5220.00,1,NULL,'2018-02-20','2018-02-20',67,154,67,NULL,0),(124,33500.00,39530.00,3015.00,3015.00,6030.00,1,NULL,'2018-02-20','2018-02-20',67,157,67,NULL,0),(125,33500.00,39530.00,3015.00,3015.00,6030.00,1,NULL,'2018-02-20','2018-02-20',67,155,67,NULL,0),(126,29000.00,34220.00,2610.00,2610.00,5220.00,1,NULL,'2018-02-20','2018-02-20',67,156,67,NULL,0),(127,110000.00,129800.00,9900.00,9900.00,19800.00,1,NULL,'2018-02-20','2018-02-20',62,169,62,NULL,0),(128,110000.00,129800.00,9900.00,9900.00,19800.00,1,NULL,'2018-02-20','2018-02-20',62,170,62,NULL,0),(129,110000.00,129800.00,9900.00,9900.00,19800.00,1,NULL,'2018-02-20','2018-02-20',62,171,62,NULL,0),(130,65000.00,76700.00,5850.00,5850.00,11700.00,1,NULL,'2018-02-24','2018-02-24',59,173,59,NULL,0),(131,65000.00,76700.00,5850.00,5850.00,11700.00,1,NULL,'2018-02-24','2018-02-24',59,172,59,NULL,0),(132,33500.00,39530.00,3015.00,3015.00,6030.00,1,NULL,'2018-02-24','2018-02-24',59,168,59,NULL,0),(133,33500.00,39530.00,3015.00,3015.00,6030.00,1,NULL,'2018-02-24','2018-02-24',59,126,59,NULL,0),(134,31500.00,37170.00,2835.00,2835.00,5670.00,1,NULL,'2018-02-24','2018-02-24',59,168,59,NULL,0),(135,31500.00,37170.00,2835.00,2835.00,5670.00,1,NULL,'2018-02-24','2018-02-24',59,126,59,NULL,0),(136,60500.00,71390.00,5445.00,5445.00,10890.00,1,NULL,'2018-02-27','2018-02-27',63,149,63,NULL,0),(137,42500.00,50150.00,3825.00,3825.00,7650.00,1,NULL,'2018-02-27','2018-02-27',63,153,63,NULL,0),(138,60500.00,71390.00,5445.00,5445.00,10890.00,1,NULL,'2018-02-27','2018-02-27',63,175,63,NULL,0),(139,60500.00,71390.00,5445.00,5445.00,10890.00,1,NULL,'2018-02-27','2018-02-27',63,174,63,NULL,0),(140,60500.00,71390.00,5445.00,5445.00,10890.00,1,NULL,'2018-02-27','2018-02-27',63,176,63,NULL,0),(141,110000.00,129800.00,9900.00,9900.00,19800.00,1,NULL,'2018-02-28','2018-02-28',66,178,66,NULL,0),(142,38000.00,44840.00,3420.00,3420.00,6840.00,1,NULL,'2018-02-28','2018-02-28',67,165,67,NULL,0),(143,38000.00,44840.00,3420.00,3420.00,6840.00,1,NULL,'2018-02-28','2018-02-28',67,180,67,NULL,0),(144,29000.00,34220.00,2610.00,2610.00,5220.00,1,NULL,'2018-02-28','2018-02-28',67,179,67,NULL,0),(145,110000.00,129800.00,9900.00,9900.00,19800.00,1,NULL,'2018-03-01','2018-03-01',64,177,64,NULL,0),(146,110000.00,129800.00,9900.00,9900.00,19800.00,1,NULL,'2018-03-02','2018-03-02',64,117,64,NULL,0),(147,110000.00,129800.00,9900.00,9900.00,19800.00,1,NULL,'2018-03-07','2018-03-07',66,186,66,NULL,0),(148,110000.00,129800.00,9900.00,9900.00,19800.00,1,NULL,'2018-03-07','2018-03-07',66,187,66,NULL,0),(149,110000.00,129800.00,9900.00,9900.00,19800.00,1,NULL,'2018-03-07','2018-03-07',66,188,66,NULL,0),(150,65000.00,76700.00,5850.00,5850.00,11700.00,1,NULL,'2018-03-12','2018-03-12',65,190,65,NULL,0),(151,110000.00,129800.00,9900.00,9900.00,19800.00,1,NULL,'2018-03-13','2018-03-13',62,191,62,NULL,0),(152,42500.00,50150.00,3825.00,3825.00,7650.00,1,NULL,'2018-03-14','2018-03-14',62,104,62,NULL,0),(153,100000.00,118000.00,9000.00,9000.00,18000.00,1,NULL,'2018-03-14','2018-03-14',64,192,64,NULL,0),(154,39250.00,46315.00,3532.50,3532.50,7065.00,1,NULL,'2018-03-14','2018-03-14',66,151,66,NULL,0),(155,39250.00,46315.00,3532.50,3532.50,7065.00,1,NULL,'2018-03-14','2018-03-14',66,193,66,NULL,0),(156,39250.00,46315.00,3532.50,3532.50,7065.00,1,NULL,'2018-03-14','2018-03-14',66,194,66,NULL,0),(157,39250.00,46315.00,3532.50,3532.50,7065.00,1,NULL,'2018-03-14','2018-03-14',66,195,66,NULL,0),(158,63000.00,74340.00,5670.00,5670.00,11340.00,1,NULL,'2018-03-15','2018-03-15',65,196,65,NULL,0),(159,110000.00,129800.00,9900.00,9900.00,19800.00,0,NULL,'2018-03-19','2018-03-19',36,189,36,NULL,0);
/*!40000 ALTER TABLE `services_proformabooking` ENABLE KEYS */;
UNLOCK TABLES;

--
-- Table structure for table `services_proformaproductquantity`
--

DROP TABLE IF EXISTS `services_proformaproductquantity`;
/*!40101 SET @saved_cs_client     = @@character_set_client */;
/*!40101 SET character_set_client = utf8 */;
CREATE TABLE `services_proformaproductquantity` (
  `id` int(11) NOT NULL AUTO_INCREMENT,
  `quantity` int(11) NOT NULL,
  `gross_amount` decimal(30,2) NOT NULL,
  `amount` decimal(10,2) NOT NULL,
  `amount_igst` decimal(10,2) NOT NULL,
  `SGST_amount` decimal(30,2) NOT NULL,
  `CGST_amount` decimal(30,2) NOT NULL,
  `IGST_amount` decimal(30,2) NOT NULL,
  `SGST_percentage` decimal(4,2) NOT NULL,
  `CGST_percentage` decimal(4,2) NOT NULL,
  `IGST_percentage` decimal(4,2) NOT NULL,
  `base_price` decimal(10,2) NOT NULL,
  `booking_id` int(11) NOT NULL,
  `product_id` int(11) NOT NULL,
  PRIMARY KEY (`id`),
  KEY `services_proformaproductquantity_b0060af7` (`booking_id`),
  KEY `services_proformaproductquantity_9bea82de` (`product_id`)
) ENGINE=MyISAM AUTO_INCREMENT=294 DEFAULT CHARSET=latin1;
/*!40101 SET character_set_client = @saved_cs_client */;

--
-- Dumping data for table `services_proformaproductquantity`
--

LOCK TABLES `services_proformaproductquantity` WRITE;
/*!40000 ALTER TABLE `services_proformaproductquantity` DISABLE KEYS */;
INSERT INTO `services_proformaproductquantity` VALUES (28,1,0.00,0.00,0.00,0.00,0.00,0.00,9.00,9.00,18.00,0.00,23,3),(27,10,45000.00,53100.00,53100.00,4050.00,4050.00,8100.00,9.00,9.00,18.00,4500.00,23,4),(26,1,20000.00,23600.00,23600.00,1800.00,1800.00,3600.00,9.00,9.00,18.00,20000.00,22,3),(25,10,45000.00,53100.00,53100.00,4050.00,4050.00,8100.00,9.00,9.00,18.00,4500.00,22,4),(24,20,90000.00,106200.00,106200.00,8100.00,8100.00,16200.00,9.00,9.00,18.00,4500.00,21,4),(23,1,20000.00,23600.00,23600.00,1800.00,1800.00,3600.00,9.00,9.00,18.00,20000.00,20,3),(22,20,90000.00,106200.00,106200.00,8100.00,8100.00,16200.00,9.00,9.00,18.00,4500.00,20,4),(21,1,20000.00,23600.00,23600.00,1800.00,1800.00,3600.00,9.00,9.00,18.00,20000.00,19,3),(20,20,90000.00,106200.00,106200.00,8100.00,8100.00,16200.00,9.00,9.00,18.00,4500.00,19,4),(19,20,90000.00,106200.00,106200.00,8100.00,8100.00,16200.00,9.00,9.00,18.00,4500.00,18,4),(18,1,20000.00,23600.00,23600.00,1800.00,1800.00,3600.00,9.00,9.00,18.00,20000.00,18,3),(17,20,90000.00,106200.00,106200.00,8100.00,8100.00,16200.00,9.00,9.00,18.00,4500.00,17,4),(16,20,90000.00,106200.00,106200.00,8100.00,8100.00,16200.00,9.00,9.00,18.00,4500.00,16,4),(15,20,90000.00,106200.00,115200.00,8100.00,8100.00,25200.00,9.00,9.00,28.00,4500.00,15,4),(29,10,45000.00,53100.00,53100.00,4050.00,4050.00,8100.00,9.00,9.00,18.00,4500.00,24,4),(30,1,20000.00,23600.00,23600.00,1800.00,1800.00,3600.00,9.00,9.00,18.00,20000.00,25,3),(31,10,45000.00,53100.00,53100.00,4050.00,4050.00,8100.00,9.00,9.00,18.00,4500.00,25,4),(32,1,20000.00,23600.00,23600.00,1800.00,1800.00,3600.00,9.00,9.00,18.00,20000.00,26,3),(33,10,45000.00,53100.00,53100.00,4050.00,4050.00,8100.00,9.00,9.00,18.00,4500.00,26,4),(34,1,20000.00,23600.00,23600.00,1800.00,1800.00,3600.00,9.00,9.00,18.00,20000.00,27,3),(35,10,45000.00,53100.00,53100.00,4050.00,4050.00,8100.00,9.00,9.00,18.00,4500.00,27,4),(36,1,20000.00,23600.00,23600.00,1800.00,1800.00,3600.00,9.00,9.00,18.00,20000.00,28,3),(37,20,90000.00,106200.00,106200.00,8100.00,8100.00,16200.00,9.00,9.00,18.00,4500.00,28,4),(38,1,20000.00,23600.00,23600.00,1800.00,1800.00,3600.00,9.00,9.00,18.00,20000.00,29,3),(39,20,90000.00,106200.00,106200.00,8100.00,8100.00,16200.00,9.00,9.00,18.00,4500.00,29,4),(40,1,20000.00,23600.00,23600.00,1800.00,1800.00,3600.00,9.00,9.00,18.00,20000.00,30,3),(41,20,90000.00,106200.00,106200.00,8100.00,8100.00,16200.00,9.00,9.00,18.00,4500.00,30,4),(42,1,20000.00,23600.00,23600.00,1800.00,1800.00,3600.00,9.00,9.00,18.00,20000.00,31,3),(43,20,90000.00,106200.00,106200.00,8100.00,8100.00,16200.00,9.00,9.00,18.00,4500.00,31,4),(44,1,20000.00,23600.00,23600.00,1800.00,1800.00,3600.00,9.00,9.00,18.00,20000.00,32,3),(45,20,90000.00,106200.00,106200.00,8100.00,8100.00,16200.00,9.00,9.00,18.00,4500.00,32,4),(46,1,20000.00,23600.00,23600.00,1800.00,1800.00,3600.00,9.00,9.00,18.00,20000.00,33,3),(47,20,90000.00,106200.00,106200.00,8100.00,8100.00,16200.00,9.00,9.00,18.00,4500.00,33,4),(48,1,20000.00,23600.00,23600.00,1800.00,1800.00,3600.00,9.00,9.00,18.00,20000.00,34,3),(49,20,90000.00,106200.00,106200.00,8100.00,8100.00,16200.00,9.00,9.00,18.00,4500.00,34,4),(50,1,20000.00,23600.00,23600.00,1800.00,1800.00,3600.00,9.00,9.00,18.00,20000.00,35,3),(51,20,90000.00,106200.00,106200.00,8100.00,8100.00,16200.00,9.00,9.00,18.00,4500.00,35,4),(52,1,20000.00,23600.00,23600.00,1800.00,1800.00,3600.00,9.00,9.00,18.00,20000.00,36,3),(53,20,90000.00,106200.00,106200.00,8100.00,8100.00,16200.00,9.00,9.00,18.00,4500.00,36,4),(54,1,20000.00,23600.00,23600.00,1800.00,1800.00,3600.00,9.00,9.00,18.00,20000.00,37,3),(55,10,45000.00,53100.00,53100.00,4050.00,4050.00,8100.00,9.00,9.00,18.00,4500.00,37,4),(56,1,20000.00,23600.00,23600.00,1800.00,1800.00,3600.00,9.00,9.00,18.00,20000.00,38,3),(57,20,90000.00,106200.00,106200.00,8100.00,8100.00,16200.00,9.00,9.00,18.00,4500.00,38,4),(58,1,20000.00,23600.00,23600.00,1800.00,1800.00,3600.00,9.00,9.00,18.00,20000.00,39,3),(59,20,90000.00,106200.00,106200.00,8100.00,8100.00,16200.00,9.00,9.00,18.00,4500.00,39,4),(60,1,20000.00,23600.00,23600.00,1800.00,1800.00,3600.00,9.00,9.00,18.00,20000.00,40,3),(61,20,90000.00,106200.00,106200.00,8100.00,8100.00,16200.00,9.00,9.00,18.00,4500.00,40,4),(62,1,20000.00,23600.00,23600.00,1800.00,1800.00,3600.00,9.00,9.00,18.00,20000.00,41,3),(63,20,90000.00,106200.00,106200.00,8100.00,8100.00,16200.00,9.00,9.00,18.00,4500.00,41,4),(64,1,20000.00,23600.00,23600.00,1800.00,1800.00,3600.00,9.00,9.00,18.00,20000.00,42,3),(65,20,90000.00,106200.00,106200.00,8100.00,8100.00,16200.00,9.00,9.00,18.00,4500.00,42,4),(66,1,20000.00,23600.00,23600.00,1800.00,1800.00,3600.00,9.00,9.00,18.00,20000.00,43,3),(67,10,45000.00,53100.00,53100.00,4050.00,4050.00,8100.00,9.00,9.00,18.00,4500.00,43,4),(68,1,20000.00,23600.00,23600.00,1800.00,1800.00,3600.00,9.00,9.00,18.00,20000.00,44,3),(69,20,90000.00,106200.00,106200.00,8100.00,8100.00,16200.00,9.00,9.00,18.00,4500.00,44,4),(70,1,20000.00,23600.00,23600.00,1800.00,1800.00,3600.00,9.00,9.00,18.00,20000.00,45,3),(71,20,90000.00,106200.00,106200.00,8100.00,8100.00,16200.00,9.00,9.00,18.00,4500.00,45,4),(72,1,20000.00,23600.00,23600.00,1800.00,1800.00,3600.00,9.00,9.00,18.00,20000.00,46,3),(73,20,90000.00,106200.00,106200.00,8100.00,8100.00,16200.00,9.00,9.00,18.00,4500.00,46,4),(74,1,20000.00,23600.00,23600.00,1800.00,1800.00,3600.00,9.00,9.00,18.00,20000.00,47,3),(75,10,45000.00,53100.00,53100.00,4050.00,4050.00,8100.00,9.00,9.00,18.00,4500.00,47,4),(76,1,20000.00,23600.00,23600.00,1800.00,1800.00,3600.00,9.00,9.00,18.00,20000.00,48,3),(77,10,45000.00,53100.00,53100.00,4050.00,4050.00,8100.00,9.00,9.00,18.00,4500.00,48,4),(78,1,20000.00,23600.00,23600.00,1800.00,1800.00,3600.00,9.00,9.00,18.00,20000.00,49,3),(79,1,20000.00,23600.00,23600.00,1800.00,1800.00,3600.00,9.00,9.00,18.00,20000.00,50,3),(80,10,45000.00,53100.00,53100.00,4050.00,4050.00,8100.00,9.00,9.00,18.00,4500.00,50,4),(81,1,20000.00,23600.00,23600.00,1800.00,1800.00,3600.00,9.00,9.00,18.00,20000.00,51,3),(82,20,90000.00,106200.00,106200.00,8100.00,8100.00,16200.00,9.00,9.00,18.00,4500.00,51,4),(83,20,82000.00,96760.00,96760.00,7380.00,7380.00,14760.00,9.00,9.00,18.00,4100.00,52,4),(84,1,18000.00,21240.00,21240.00,1620.00,1620.00,3240.00,9.00,9.00,18.00,18000.00,52,3),(85,20,82000.00,96760.00,96760.00,7380.00,7380.00,14760.00,9.00,9.00,18.00,4100.00,53,4),(86,1,18000.00,21240.00,21240.00,1620.00,1620.00,3240.00,9.00,9.00,18.00,18000.00,53,3),(87,20,82000.00,96760.00,96760.00,7380.00,7380.00,14760.00,9.00,9.00,18.00,4100.00,54,4),(88,1,18000.00,21240.00,21240.00,1620.00,1620.00,3240.00,9.00,9.00,18.00,18000.00,54,3),(89,20,82000.00,96760.00,96760.00,7380.00,7380.00,14760.00,9.00,9.00,18.00,4100.00,55,4),(90,1,18000.00,21240.00,21240.00,1620.00,1620.00,3240.00,9.00,9.00,18.00,18000.00,55,3),(91,20,82000.00,96760.00,96760.00,7380.00,7380.00,14760.00,9.00,9.00,18.00,4100.00,56,4),(92,1,18000.00,21240.00,21240.00,1620.00,1620.00,3240.00,9.00,9.00,18.00,18000.00,56,3),(93,20,82000.00,96760.00,96760.00,7380.00,7380.00,14760.00,9.00,9.00,18.00,4100.00,57,4),(94,1,18000.00,21240.00,21240.00,1620.00,1620.00,3240.00,9.00,9.00,18.00,18000.00,57,3),(95,20,82000.00,96760.00,96760.00,7380.00,7380.00,14760.00,9.00,9.00,18.00,4100.00,58,4),(96,1,18000.00,21240.00,21240.00,1620.00,1620.00,3240.00,9.00,9.00,18.00,18000.00,58,3),(97,1,20000.00,23600.00,23600.00,1800.00,1800.00,3600.00,9.00,9.00,18.00,20000.00,59,3),(98,20,90000.00,106200.00,106200.00,8100.00,8100.00,16200.00,9.00,9.00,18.00,4500.00,59,4),(99,1,20000.00,23600.00,23600.00,1800.00,1800.00,3600.00,9.00,9.00,18.00,20000.00,60,3),(100,20,90000.00,106200.00,106200.00,8100.00,8100.00,16200.00,9.00,9.00,18.00,4500.00,60,4),(101,1,20000.00,23600.00,23600.00,1800.00,1800.00,3600.00,9.00,9.00,18.00,20000.00,61,3),(102,1,20000.00,23600.00,23600.00,1800.00,1800.00,3600.00,9.00,9.00,18.00,20000.00,62,3),(103,1,20000.00,23600.00,23600.00,1800.00,1800.00,3600.00,9.00,9.00,18.00,20000.00,63,3),(104,1,20000.00,23600.00,23600.00,1800.00,1800.00,3600.00,9.00,9.00,18.00,20000.00,64,3),(105,3,13500.00,15930.00,15930.00,1215.00,1215.00,2430.00,9.00,9.00,18.00,4500.00,64,4),(106,1,20000.00,23600.00,23600.00,1800.00,1800.00,3600.00,9.00,9.00,18.00,20000.00,65,3),(107,3,13500.00,15930.00,15930.00,1215.00,1215.00,2430.00,9.00,9.00,18.00,4500.00,65,4),(108,1,20000.00,23600.00,23600.00,1800.00,1800.00,3600.00,9.00,9.00,18.00,20000.00,66,3),(109,3,13500.00,15930.00,15930.00,1215.00,1215.00,2430.00,9.00,9.00,18.00,4500.00,66,4),(110,1,20000.00,23600.00,23600.00,1800.00,1800.00,3600.00,9.00,9.00,18.00,20000.00,67,3),(111,3,13500.00,15930.00,15930.00,1215.00,1215.00,2430.00,9.00,9.00,18.00,4500.00,67,4),(112,1,20000.00,23600.00,23600.00,1800.00,1800.00,3600.00,9.00,9.00,18.00,20000.00,68,3),(113,3,13500.00,15930.00,15930.00,1215.00,1215.00,2430.00,9.00,9.00,18.00,4500.00,68,4),(114,1,20000.00,23600.00,23600.00,1800.00,1800.00,3600.00,9.00,9.00,18.00,20000.00,69,3),(115,3,13500.00,15930.00,15930.00,1215.00,1215.00,2430.00,9.00,9.00,18.00,4500.00,69,4),(116,1,20000.00,23600.00,23600.00,1800.00,1800.00,3600.00,9.00,9.00,18.00,20000.00,70,3),(117,3,13500.00,15930.00,15930.00,1215.00,1215.00,2430.00,9.00,9.00,18.00,4500.00,70,4),(118,1,20000.00,23600.00,23600.00,1800.00,1800.00,3600.00,9.00,9.00,18.00,20000.00,71,3),(119,3,13500.00,15930.00,15930.00,1215.00,1215.00,2430.00,9.00,9.00,18.00,4500.00,71,4),(120,1,20000.00,23600.00,23600.00,1800.00,1800.00,3600.00,9.00,9.00,18.00,20000.00,72,3),(121,20,90000.00,106200.00,106200.00,8100.00,8100.00,16200.00,9.00,9.00,18.00,4500.00,72,4),(122,1,20000.00,23600.00,23600.00,1800.00,1800.00,3600.00,9.00,9.00,18.00,20000.00,73,3),(123,20,90000.00,106200.00,106200.00,8100.00,8100.00,16200.00,9.00,9.00,18.00,4500.00,73,4),(124,1,20000.00,23600.00,23600.00,1800.00,1800.00,3600.00,9.00,9.00,18.00,20000.00,74,3),(125,20,90000.00,106200.00,106200.00,8100.00,8100.00,16200.00,9.00,9.00,18.00,4500.00,74,4),(126,1,20000.00,23600.00,23600.00,1800.00,1800.00,3600.00,9.00,9.00,18.00,20000.00,75,3),(127,20,90000.00,106200.00,106200.00,8100.00,8100.00,16200.00,9.00,9.00,18.00,4500.00,75,4),(128,1,20000.00,23600.00,23600.00,1800.00,1800.00,3600.00,9.00,9.00,18.00,20000.00,76,3),(129,10,45000.00,53100.00,53100.00,4050.00,4050.00,8100.00,9.00,9.00,18.00,4500.00,76,4),(130,1,20000.00,23600.00,23600.00,1800.00,1800.00,3600.00,9.00,9.00,18.00,20000.00,77,3),(131,5,22500.00,26550.00,26550.00,2025.00,2025.00,4050.00,9.00,9.00,18.00,4500.00,77,4),(132,1,18000.00,21240.00,21240.00,1620.00,1620.00,3240.00,9.00,9.00,18.00,18000.00,78,3),(133,20,82000.00,96760.00,96760.00,7380.00,7380.00,14760.00,9.00,9.00,18.00,4100.00,78,4),(134,1,18000.00,21240.00,21240.00,1620.00,1620.00,3240.00,9.00,9.00,18.00,18000.00,79,3),(135,20,82000.00,96760.00,96760.00,7380.00,7380.00,14760.00,9.00,9.00,18.00,4100.00,79,4),(136,1,18000.00,21240.00,21240.00,1620.00,1620.00,3240.00,9.00,9.00,18.00,18000.00,80,3),(137,20,82000.00,96760.00,96760.00,7380.00,7380.00,14760.00,9.00,9.00,18.00,4100.00,80,4),(138,1,18000.00,21240.00,21240.00,1620.00,1620.00,3240.00,9.00,9.00,18.00,18000.00,81,3),(139,20,82000.00,96760.00,96760.00,7380.00,7380.00,14760.00,9.00,9.00,18.00,4100.00,81,4),(140,1,18000.00,21240.00,21240.00,1620.00,1620.00,3240.00,9.00,9.00,18.00,18000.00,82,3),(141,20,82000.00,96760.00,96760.00,7380.00,7380.00,14760.00,9.00,9.00,18.00,4100.00,82,4),(142,1,18000.00,21240.00,21240.00,1620.00,1620.00,3240.00,9.00,9.00,18.00,18000.00,83,3),(143,20,82000.00,96760.00,96760.00,7380.00,7380.00,14760.00,9.00,9.00,18.00,4100.00,83,4),(144,1,18000.00,21240.00,21240.00,1620.00,1620.00,3240.00,9.00,9.00,18.00,18000.00,84,3),(145,20,82000.00,96760.00,96760.00,7380.00,7380.00,14760.00,9.00,9.00,18.00,4100.00,84,4),(146,1,18000.00,21240.00,21240.00,1620.00,1620.00,3240.00,9.00,9.00,18.00,18000.00,85,3),(147,20,82000.00,96760.00,96760.00,7380.00,7380.00,14760.00,9.00,9.00,18.00,4100.00,85,4),(148,1,20000.00,23600.00,23600.00,1800.00,1800.00,3600.00,9.00,9.00,18.00,20000.00,86,3),(149,20,90000.00,106200.00,106200.00,8100.00,8100.00,16200.00,9.00,9.00,18.00,4500.00,86,4),(150,1,20000.00,23600.00,23600.00,1800.00,1800.00,3600.00,9.00,9.00,18.00,20000.00,87,3),(151,20,90000.00,106200.00,106200.00,8100.00,8100.00,16200.00,9.00,9.00,18.00,4500.00,87,4),(152,1,18000.00,21240.00,21240.00,1620.00,1620.00,3240.00,9.00,9.00,18.00,18000.00,88,3),(153,20,80000.00,94400.00,94400.00,7200.00,7200.00,14400.00,9.00,9.00,18.00,4000.00,88,4),(154,1,20000.00,23600.00,23600.00,1800.00,1800.00,3600.00,9.00,9.00,18.00,20000.00,89,3),(155,20,90000.00,106200.00,106200.00,8100.00,8100.00,16200.00,9.00,9.00,18.00,4500.00,89,4),(156,1,20000.00,23600.00,23600.00,1800.00,1800.00,3600.00,9.00,9.00,18.00,20000.00,90,3),(157,10,45000.00,53100.00,53100.00,4050.00,4050.00,8100.00,9.00,9.00,18.00,4500.00,90,4),(158,1,20000.00,23600.00,23600.00,1800.00,1800.00,3600.00,9.00,9.00,18.00,20000.00,91,3),(159,20,90000.00,106200.00,106200.00,8100.00,8100.00,16200.00,9.00,9.00,18.00,4500.00,91,4),(160,1,20000.00,23600.00,23600.00,1800.00,1800.00,3600.00,9.00,9.00,18.00,20000.00,92,3),(161,20,90000.00,106200.00,106200.00,8100.00,8100.00,16200.00,9.00,9.00,18.00,4500.00,92,4),(162,1,20000.00,23600.00,23600.00,1800.00,1800.00,3600.00,9.00,9.00,18.00,20000.00,93,3),(163,10,45000.00,53100.00,53100.00,4050.00,4050.00,8100.00,9.00,9.00,18.00,4500.00,93,4),(164,1,20000.00,23600.00,23600.00,1800.00,1800.00,3600.00,9.00,9.00,18.00,20000.00,94,3),(165,20,90000.00,106200.00,106200.00,8100.00,8100.00,16200.00,9.00,9.00,18.00,4500.00,94,4),(166,1,20000.00,23600.00,23600.00,1800.00,1800.00,3600.00,9.00,9.00,18.00,20000.00,95,3),(167,20,90000.00,106200.00,106200.00,8100.00,8100.00,16200.00,9.00,9.00,18.00,4500.00,95,4),(168,1,20000.00,23600.00,23600.00,1800.00,1800.00,3600.00,9.00,9.00,18.00,20000.00,96,3),(169,20,90000.00,106200.00,106200.00,8100.00,8100.00,16200.00,9.00,9.00,18.00,4500.00,96,4),(170,1,20000.00,23600.00,23600.00,1800.00,1800.00,3600.00,9.00,9.00,18.00,20000.00,97,3),(171,20,90000.00,106200.00,106200.00,8100.00,8100.00,16200.00,9.00,9.00,18.00,4500.00,97,4),(172,1,18000.00,21240.00,21240.00,1620.00,1620.00,3240.00,9.00,9.00,18.00,18000.00,98,3),(173,20,80000.00,94400.00,94400.00,7200.00,7200.00,14400.00,9.00,9.00,18.00,4000.00,98,4),(174,1,18000.00,21240.00,21240.00,1620.00,1620.00,3240.00,9.00,9.00,18.00,18000.00,99,3),(175,20,80000.00,94400.00,94400.00,7200.00,7200.00,14400.00,9.00,9.00,18.00,4000.00,99,4),(176,1,18000.00,21240.00,21240.00,1620.00,1620.00,3240.00,9.00,9.00,18.00,18000.00,100,3),(177,20,80000.00,94400.00,94400.00,7200.00,7200.00,14400.00,9.00,9.00,18.00,4000.00,100,4),(178,1,18000.00,21240.00,21240.00,1620.00,1620.00,3240.00,9.00,9.00,18.00,18000.00,101,3),(179,20,80000.00,94400.00,94400.00,7200.00,7200.00,14400.00,9.00,9.00,18.00,4000.00,101,4),(180,1,18000.00,21240.00,21240.00,1620.00,1620.00,3240.00,9.00,9.00,18.00,18000.00,102,3),(181,20,80000.00,94400.00,94400.00,7200.00,7200.00,14400.00,9.00,9.00,18.00,4000.00,102,4),(182,1,18000.00,21240.00,21240.00,1620.00,1620.00,3240.00,9.00,9.00,18.00,18000.00,103,3),(183,20,80000.00,94400.00,94400.00,7200.00,7200.00,14400.00,9.00,9.00,18.00,4000.00,103,4),(184,1,18000.00,21240.00,21240.00,1620.00,1620.00,3240.00,9.00,9.00,18.00,18000.00,104,3),(185,20,80000.00,94400.00,94400.00,7200.00,7200.00,14400.00,9.00,9.00,18.00,4000.00,104,4),(186,1,18000.00,21240.00,21240.00,1620.00,1620.00,3240.00,9.00,9.00,18.00,18000.00,105,3),(187,20,80000.00,94400.00,94400.00,7200.00,7200.00,14400.00,9.00,9.00,18.00,4000.00,105,4),(188,1,18000.00,21240.00,21240.00,1620.00,1620.00,3240.00,9.00,9.00,18.00,18000.00,106,3),(189,20,80000.00,94400.00,94400.00,7200.00,7200.00,14400.00,9.00,9.00,18.00,4000.00,106,4),(190,1,20000.00,23600.00,23600.00,1800.00,1800.00,3600.00,9.00,9.00,18.00,20000.00,107,3),(191,10,45000.00,53100.00,53100.00,4050.00,4050.00,8100.00,9.00,9.00,18.00,4500.00,107,4),(192,1,20000.00,23600.00,23600.00,1800.00,1800.00,3600.00,9.00,9.00,18.00,20000.00,108,3),(193,10,45000.00,53100.00,53100.00,4050.00,4050.00,8100.00,9.00,9.00,18.00,4500.00,108,4),(194,10,45000.00,53100.00,53100.00,4050.00,4050.00,8100.00,9.00,9.00,18.00,4500.00,109,4),(195,1,20000.00,23600.00,23600.00,1800.00,1800.00,3600.00,9.00,9.00,18.00,20000.00,110,3),(196,20,90000.00,106200.00,106200.00,8100.00,8100.00,16200.00,9.00,9.00,18.00,4500.00,110,4),(197,1,20000.00,23600.00,23600.00,1800.00,1800.00,3600.00,9.00,9.00,18.00,20000.00,111,3),(198,20,90000.00,106200.00,106200.00,8100.00,8100.00,16200.00,9.00,9.00,18.00,4500.00,111,4),(199,1,20000.00,23600.00,23600.00,1800.00,1800.00,3600.00,9.00,9.00,18.00,20000.00,112,3),(200,20,90000.00,106200.00,106200.00,8100.00,8100.00,16200.00,9.00,9.00,18.00,4500.00,112,4),(201,1,20000.00,23600.00,23600.00,1800.00,1800.00,3600.00,9.00,9.00,18.00,20000.00,113,3),(202,20,90000.00,106200.00,106200.00,8100.00,8100.00,16200.00,9.00,9.00,18.00,4500.00,113,4),(203,1,20000.00,23600.00,23600.00,1800.00,1800.00,3600.00,9.00,9.00,18.00,20000.00,114,3),(204,20,90000.00,106200.00,106200.00,8100.00,8100.00,16200.00,9.00,9.00,18.00,4500.00,114,4),(205,1,20000.00,23600.00,23600.00,1800.00,1800.00,3600.00,9.00,9.00,18.00,20000.00,115,3),(206,20,90000.00,106200.00,106200.00,8100.00,8100.00,16200.00,9.00,9.00,18.00,4500.00,115,4),(207,1,20000.00,23600.00,23600.00,1800.00,1800.00,3600.00,9.00,9.00,18.00,20000.00,116,3),(208,20,90000.00,106200.00,106200.00,8100.00,8100.00,16200.00,9.00,9.00,18.00,4500.00,116,4),(209,2,40000.00,47200.00,47200.00,3600.00,3600.00,7200.00,9.00,9.00,18.00,20000.00,117,3),(210,10,45000.00,53100.00,53100.00,4050.00,4050.00,8100.00,9.00,9.00,18.00,4500.00,117,4),(211,1,20000.00,23600.00,23600.00,1800.00,1800.00,3600.00,9.00,9.00,18.00,20000.00,118,3),(212,10,41000.00,48380.00,48380.00,3690.00,3690.00,7380.00,9.00,9.00,18.00,4100.00,118,4),(213,1,20000.00,23600.00,23600.00,1800.00,1800.00,3600.00,9.00,9.00,18.00,20000.00,119,3),(214,10,41000.00,48380.00,48380.00,3690.00,3690.00,7380.00,9.00,9.00,18.00,4100.00,119,4),(215,1,17000.00,20060.00,20060.00,1530.00,1530.00,3060.00,9.00,9.00,18.00,17000.00,120,3),(216,8,32800.00,38704.00,38704.00,2952.00,2952.00,5904.00,9.00,9.00,18.00,4100.00,120,4),(217,1,17000.00,20060.00,20060.00,1530.00,1530.00,3060.00,9.00,9.00,18.00,17000.00,121,3),(218,6,24600.00,29028.00,29028.00,2214.00,2214.00,4428.00,9.00,9.00,18.00,4100.00,121,4),(219,1,17000.00,20060.00,20060.00,1530.00,1530.00,3060.00,9.00,9.00,18.00,17000.00,122,3),(220,6,24600.00,29028.00,29028.00,2214.00,2214.00,4428.00,9.00,9.00,18.00,4100.00,122,4),(221,1,20000.00,23600.00,23600.00,1800.00,1800.00,3600.00,9.00,9.00,18.00,20000.00,123,3),(222,2,9000.00,10620.00,10620.00,810.00,810.00,1620.00,9.00,9.00,18.00,4500.00,123,4),(223,1,20000.00,23600.00,23600.00,1800.00,1800.00,3600.00,9.00,9.00,18.00,20000.00,124,3),(224,3,13500.00,15930.00,15930.00,1215.00,1215.00,2430.00,9.00,9.00,18.00,4500.00,124,4),(225,1,20000.00,23600.00,23600.00,1800.00,1800.00,3600.00,9.00,9.00,18.00,20000.00,125,3),(226,3,13500.00,15930.00,15930.00,1215.00,1215.00,2430.00,9.00,9.00,18.00,4500.00,125,4),(227,1,20000.00,23600.00,23600.00,1800.00,1800.00,3600.00,9.00,9.00,18.00,20000.00,126,3),(228,2,9000.00,10620.00,10620.00,810.00,810.00,1620.00,9.00,9.00,18.00,4500.00,126,4),(229,1,20000.00,23600.00,23600.00,1800.00,1800.00,3600.00,9.00,9.00,18.00,20000.00,127,3),(230,20,90000.00,106200.00,106200.00,8100.00,8100.00,16200.00,9.00,9.00,18.00,4500.00,127,4),(231,1,20000.00,23600.00,23600.00,1800.00,1800.00,3600.00,9.00,9.00,18.00,20000.00,128,3),(232,20,90000.00,106200.00,106200.00,8100.00,8100.00,16200.00,9.00,9.00,18.00,4500.00,128,4),(233,1,20000.00,23600.00,23600.00,1800.00,1800.00,3600.00,9.00,9.00,18.00,20000.00,129,3),(234,20,90000.00,106200.00,106200.00,8100.00,8100.00,16200.00,9.00,9.00,18.00,4500.00,129,4),(235,1,20000.00,23600.00,23600.00,1800.00,1800.00,3600.00,9.00,9.00,18.00,20000.00,130,3),(236,10,45000.00,53100.00,53100.00,4050.00,4050.00,8100.00,9.00,9.00,18.00,4500.00,130,4),(237,1,20000.00,23600.00,23600.00,1800.00,1800.00,3600.00,9.00,9.00,18.00,20000.00,131,3),(238,10,45000.00,53100.00,53100.00,4050.00,4050.00,8100.00,9.00,9.00,18.00,4500.00,131,4),(239,1,20000.00,23600.00,23600.00,1800.00,1800.00,3600.00,9.00,9.00,18.00,20000.00,132,3),(240,3,13500.00,15930.00,15930.00,1215.00,1215.00,2430.00,9.00,9.00,18.00,4500.00,132,4),(241,1,20000.00,23600.00,23600.00,1800.00,1800.00,3600.00,9.00,9.00,18.00,20000.00,133,3),(242,3,13500.00,15930.00,15930.00,1215.00,1215.00,2430.00,9.00,9.00,18.00,4500.00,133,4),(243,1,18000.00,21240.00,21240.00,1620.00,1620.00,3240.00,9.00,9.00,18.00,18000.00,134,3),(244,3,13500.00,15930.00,15930.00,1215.00,1215.00,2430.00,9.00,9.00,18.00,4500.00,134,4),(245,1,18000.00,21240.00,21240.00,1620.00,1620.00,3240.00,9.00,9.00,18.00,18000.00,135,3),(246,3,13500.00,15930.00,15930.00,1215.00,1215.00,2430.00,9.00,9.00,18.00,4500.00,135,4),(247,1,18000.00,21240.00,21240.00,1620.00,1620.00,3240.00,9.00,9.00,18.00,18000.00,136,3),(248,10,42500.00,50150.00,50150.00,3825.00,3825.00,7650.00,9.00,9.00,18.00,4250.00,136,4),(249,10,42500.00,50150.00,50150.00,3825.00,3825.00,7650.00,9.00,9.00,18.00,4250.00,137,4),(250,1,18000.00,21240.00,21240.00,1620.00,1620.00,3240.00,9.00,9.00,18.00,18000.00,138,3),(251,10,42500.00,50150.00,50150.00,3825.00,3825.00,7650.00,9.00,9.00,18.00,4250.00,138,4),(252,1,18000.00,21240.00,21240.00,1620.00,1620.00,3240.00,9.00,9.00,18.00,18000.00,139,3),(253,10,42500.00,50150.00,50150.00,3825.00,3825.00,7650.00,9.00,9.00,18.00,4250.00,139,4),(254,1,18000.00,21240.00,21240.00,1620.00,1620.00,3240.00,9.00,9.00,18.00,18000.00,140,3),(255,10,42500.00,50150.00,50150.00,3825.00,3825.00,7650.00,9.00,9.00,18.00,4250.00,140,4),(256,1,20000.00,23600.00,23600.00,1800.00,1800.00,3600.00,9.00,9.00,18.00,20000.00,141,3),(257,20,90000.00,106200.00,106200.00,8100.00,8100.00,16200.00,9.00,9.00,18.00,4500.00,141,4),(258,1,20000.00,23600.00,23600.00,1800.00,1800.00,3600.00,9.00,9.00,18.00,20000.00,142,3),(259,4,18000.00,21240.00,21240.00,1620.00,1620.00,3240.00,9.00,9.00,18.00,4500.00,142,4),(260,1,20000.00,23600.00,23600.00,1800.00,1800.00,3600.00,9.00,9.00,18.00,20000.00,143,3),(261,4,18000.00,21240.00,21240.00,1620.00,1620.00,3240.00,9.00,9.00,18.00,4500.00,143,4),(262,1,20000.00,23600.00,23600.00,1800.00,1800.00,3600.00,9.00,9.00,18.00,20000.00,144,3),(263,2,9000.00,10620.00,10620.00,810.00,810.00,1620.00,9.00,9.00,18.00,4500.00,144,4),(264,20,90000.00,106200.00,106200.00,8100.00,8100.00,16200.00,9.00,9.00,18.00,4500.00,145,4),(265,1,20000.00,23600.00,23600.00,1800.00,1800.00,3600.00,9.00,9.00,18.00,20000.00,145,3),(266,20,90000.00,106200.00,106200.00,8100.00,8100.00,16200.00,9.00,9.00,18.00,4500.00,146,4),(267,1,20000.00,23600.00,23600.00,1800.00,1800.00,3600.00,9.00,9.00,18.00,20000.00,146,3),(268,1,20000.00,23600.00,23600.00,1800.00,1800.00,3600.00,9.00,9.00,18.00,20000.00,147,3),(269,20,90000.00,106200.00,106200.00,8100.00,8100.00,16200.00,9.00,9.00,18.00,4500.00,147,4),(270,1,20000.00,23600.00,23600.00,1800.00,1800.00,3600.00,9.00,9.00,18.00,20000.00,148,3),(271,20,90000.00,106200.00,106200.00,8100.00,8100.00,16200.00,9.00,9.00,18.00,4500.00,148,4),(272,1,20000.00,23600.00,23600.00,1800.00,1800.00,3600.00,9.00,9.00,18.00,20000.00,149,3),(273,20,90000.00,106200.00,106200.00,8100.00,8100.00,16200.00,9.00,9.00,18.00,4500.00,149,4),(274,1,20000.00,23600.00,23600.00,1800.00,1800.00,3600.00,9.00,9.00,18.00,20000.00,150,3),(275,10,45000.00,53100.00,53100.00,4050.00,4050.00,8100.00,9.00,9.00,18.00,4500.00,150,4),(276,1,20000.00,23600.00,23600.00,1800.00,1800.00,3600.00,9.00,9.00,18.00,20000.00,151,3),(277,20,90000.00,106200.00,106200.00,8100.00,8100.00,16200.00,9.00,9.00,18.00,4500.00,151,4),(278,1,20000.00,23600.00,23600.00,1800.00,1800.00,3600.00,9.00,9.00,18.00,20000.00,152,3),(279,5,22500.00,26550.00,26550.00,2025.00,2025.00,4050.00,9.00,9.00,18.00,4500.00,152,4),(280,1,18000.00,21240.00,21240.00,1620.00,1620.00,3240.00,9.00,9.00,18.00,18000.00,153,3),(281,20,82000.00,96760.00,96760.00,7380.00,7380.00,14760.00,9.00,9.00,18.00,4100.00,153,4),(282,1,18000.00,21240.00,21240.00,1620.00,1620.00,3240.00,9.00,9.00,18.00,18000.00,154,3),(283,5,21250.00,25075.00,25075.00,1912.50,1912.50,3825.00,9.00,9.00,18.00,4250.00,154,4),(284,1,18000.00,21240.00,21240.00,1620.00,1620.00,3240.00,9.00,9.00,18.00,18000.00,155,3),(285,5,21250.00,25075.00,25075.00,1912.50,1912.50,3825.00,9.00,9.00,18.00,4250.00,155,4),(286,1,18000.00,21240.00,21240.00,1620.00,1620.00,3240.00,9.00,9.00,18.00,18000.00,156,3),(287,5,21250.00,25075.00,25075.00,1912.50,1912.50,3825.00,9.00,9.00,18.00,4250.00,156,4),(288,1,18000.00,21240.00,21240.00,1620.00,1620.00,3240.00,9.00,9.00,18.00,18000.00,157,3),(289,5,21250.00,25075.00,25075.00,1912.50,1912.50,3825.00,9.00,9.00,18.00,4250.00,157,4),(290,1,18000.00,21240.00,21240.00,1620.00,1620.00,3240.00,9.00,9.00,18.00,18000.00,158,3),(291,10,45000.00,53100.00,53100.00,4050.00,4050.00,8100.00,9.00,9.00,18.00,4500.00,158,4),(292,1,20000.00,23600.00,23600.00,1800.00,1800.00,3600.00,9.00,9.00,18.00,20000.00,159,3),(293,20,90000.00,106200.00,106200.00,8100.00,8100.00,16200.00,9.00,9.00,18.00,4500.00,159,4);
/*!40000 ALTER TABLE `services_proformaproductquantity` ENABLE KEYS */;
UNLOCK TABLES;

--
-- Table structure for table `services_reports`
--

DROP TABLE IF EXISTS `services_reports`;
/*!40101 SET @saved_cs_client     = @@character_set_client */;
/*!40101 SET character_set_client = utf8 */;
CREATE TABLE `services_reports` (
  `id` int(11) NOT NULL AUTO_INCREMENT,
  `time_from` time(6) NOT NULL,
  `time_to` time(6) NOT NULL,
  `company` varchar(256) NOT NULL,
  `name` varchar(256) NOT NULL,
  `designation` varchar(256) NOT NULL,
  `contact_number` varchar(10) NOT NULL,
  `discussion_point` longtext NOT NULL,
  `city_id` int(11) NOT NULL,
  `field_emp_id` int(11) NOT NULL,
  `state_id` int(11) NOT NULL,
  PRIMARY KEY (`id`),
  KEY `services_reports_c7141997` (`city_id`),
  KEY `services_reports_b22ead6e` (`field_emp_id`),
  KEY `services_reports_d5582625` (`state_id`)
) ENGINE=MyISAM AUTO_INCREMENT=277 DEFAULT CHARSET=latin1;
/*!40101 SET character_set_client = @saved_cs_client */;

--
-- Dumping data for table `services_reports`
--

LOCK TABLES `services_reports` WRITE;
/*!40000 ALTER TABLE `services_reports` DISABLE KEYS */;
INSERT INTO `services_reports` VALUES (1,'09:30:00.000000','10:30:00.000000','Ravindu Toyota','sridhar','General Manager','9900544331','Discussed on the launch, did demo video, product presentation and awaiting confirmation for the next visit and service advisor training date',1,1,1),(2,'11:00:00.000000','11:30:00.000000','Nandi Toyota','Jose Mathew','VP','9900544444','producdt presentation and demo',1,1,1),(3,'09:00:00.000000','08:00:00.000000','MGF toyota','DEEPAK MISHRA ','REGIONAL MANAGER ','7054411113','GETTING PRACTICALLY TRAINING ON GURGOUN MGF TOYOTA ',98,32,28),(4,'09:00:00.000000','08:00:00.000000','MGF toyota','DEEPAK MISHRA ','REGIONAL MANAGER ','7054411113','GETTING PRACTICALLY TRAINING ON GURGAUN AT MGF TOYOTA ',98,33,28),(5,'09:00:00.000000','06:00:00.000000','ABC','ABC','ABC','1234567890','Worked on Dealer profit sheet and practice.',152,34,4),(6,'09:00:00.000000','18:00:00.000000','xyz','xyz','xyz','1234567891','telescript and face to face meeting practice.',23,35,11),(7,'09:00:00.000000','18:00:00.000000','ABC','ABC','ABC','1234567890','Practice of script ',152,36,4),(8,'09:00:00.000000','18:00:00.000000','xyz','deepak','Relationship manager','7054411113','Discussion on dealer profit margin.',96,37,19),(9,'09:00:00.000000','18:00:00.000000','ABC','ABC','ABC','1234567890','Practice ',152,38,4),(10,'09:00:00.000000','18:00:00.000000','xyz','deepak','Relationship manager','7054411113','some changes in dealer profit',96,39,19),(11,'09:00:00.000000','18:00:00.000000','ABC','ABC','ABC','1234567890','Practice',152,40,4),(12,'09:00:00.000000','18:00:00.000000','xyz','deepak','Relationship manager','7054411113','Practise on gm and demo presentation and read bactakleen presentation.',96,41,19),(13,'09:00:00.000000','18:00:00.000000','ABC','ABC','ABC','1234567890','Practice',152,42,4),(14,'09:00:00.000000','18:00:00.000000','ABC','ABC','ABC','1234567890','Practice',152,43,4),(15,'09:00:00.000000','18:00:00.000000','xyz','deepak','Relationship manager','7054411113','Discussion on final bactakleen presentation.',96,44,19),(16,'09:00:00.000000','18:00:00.000000','xyz','deepak','Relationship manager','7054411113','Discussion with sridar sir on final presentation.',96,45,19),(17,'09:00:00.000000','18:00:00.000000','ABC','ABC','ABC','1234567890','Discussed with Sridhar sir about final presentation and reporting format. ',152,46,4),(18,'09:30:00.000000','06:30:00.000000','Wellnet services','Akhil kaushik','Relationship maneger','9568980117','All steps revised for my memory',114,47,22),(19,'10:00:10.000000','02:00:05.000000','Viva Toyota','Hemanth ','General Manager','9502346701',' Discuss about my product And Demo And Explain company Products We did customer 3 Cars  for DEMO AND we Tell all About my Product And Explain And General Manager  And all Team To Discuss My Product ',1,48,1),(20,'10:00:10.000000','02:00:05.000000','Viva Toyota','Hemanth ','General Manager','9502346701',' Discuss about my product And Demo And Explain company Products We did customer 3 Cars  for DEMO AND we Tell all About my Product And Explain And General Manager  And all Team To Discuss My Product ',1,49,1),(21,'10:00:10.000000','02:00:05.000000','Viva Toyota','Hemanth ','General Manager','9502346701',' Discuss about my product And Demo And Explain company Products We did customer 3 Cars  for DEMO AND we Tell all About my Product And Explain And General Manager  And all Team To Discuss My Product ',1,50,1),(22,'09:00:00.000000','18:00:00.000000','xyz','deepak','Regional manager','7054411113','Practise on gm script.',96,51,19),(23,'09:00:00.000000','18:00:00.000000','ABC','ABC','ABC','1234567890','Practice',152,52,4),(24,'09:00:00.000000','06:30:00.000000','Wellnet services Pvt Ltd','Akhil kaushik','Relationship manager','9568980117','Revised all releted things to GM presentation',114,53,22),(25,'09:00:00.000000','18:00:00.000000','ABC','ABC','ABC','1234567890','Practiced on dealer presentation, SA and Telecallers training module.',152,54,4),(26,'09:00:00.000000','18:00:00.000000','xyz','deepak','Regional manager','7054411113','Practise on demo and presentation.',96,55,19),(27,'09:00:00.000000','18:00:00.000000','xyz','deepak','Regional manager','7054411113','Practice on advisor script.',96,56,19),(28,'09:00:00.000000','18:00:00.000000','ABC','ABC','ABC','1234567890','Practice',152,57,4),(29,'09:30:00.000000','06:30:00.000000','Wellnet services Pvt Ltd','Akhil kaushik','Relationship manager','9568980117','Revised all things',114,58,22),(30,'09:30:00.000000','06:30:00.000000','Wellnet services Pvt Ltd','Akhil kaushik','Relationship manager','9568980117','Revision of telecaller script',114,59,22),(31,'09:00:00.000000','18:00:00.000000','ABC','ABC','ABC','1234567890','Practice',152,60,4),(32,'09:30:00.000000','06:30:00.000000','Wellnet services Pvt Ltd','Mr. SHRIDHAR PRASAD','M.D.','9900544331','Some changes in GM presentation & learn that',114,61,22),(33,'09:00:00.000000','18:00:00.000000','xyz','deepak','Regional manager','7054411113','Practice on advisor script.',96,62,19),(34,'09:00:00.000000','18:00:00.000000','ABC','ABC','ABC','1234567890','Practiced on Training module',152,63,4),(35,'09:30:00.000000','06:30:00.000000','Wellnet services Pvt Ltd','Mr. Shridhar Prasad','MD','9900544331','Revision',114,64,22),(36,'09:00:00.000000','18:33:41.000000','xyz','xyz','xyz','1234567891','practice on presentation  ',27,65,11),(37,'09:00:00.000000','18:00:00.000000','xyz','deepak','Regional manager','7054411113','Practice on telle caller script.',96,66,19),(38,'09:00:00.000000','18:00:00.000000','ABC','ABC','ABC','1234567890','Practice',152,67,4),(39,'09:30:00.000000','06:30:00.000000','Wellnet services Pvt. Ltd.','Mr. Shridhar Prasad ','MD','9900544331','Revision\r\n ',114,68,22),(40,'09:00:00.000000','18:00:00.000000','xyz','xyz','xyz','1234567891','practice on service advisor script.',23,69,11),(41,'09:30:00.000000','06:30:00.000000','Wellnet services Pvt. Ltd.','Mr. Shridhar Prasad ','MD','9900544331','Revision ',114,70,22),(42,'09:00:00.000000','18:00:00.000000','ABC','ABC','ABC','1234567890','Practice',152,71,4),(43,'09:00:00.000000','18:00:00.000000','xyz','deepak','Regional manager','7054411113','Practice on gm script.',96,72,19),(44,'09:00:00.000000','18:00:00.000000','xyz','deepak','Regional manager','7054411113','Read out vcare annexure mail and discussion on it.',96,73,19),(45,'09:30:00.000000','06:30:00.000000','Wellnet services Pvt Ltd','Mr. Shridhar Prasad','MD','9900544331','Revision',114,74,22),(46,'09:30:00.000000','06:30:00.000000','Wellnet services Pvt Ltd','Mr. Shridhar Prasad','MD','9900544331','Revision',114,75,22),(47,'09:00:00.000000','18:00:00.000000','ABC','Sridhar sir','MD','1234567890','Discussed on launching plan. ',152,76,4),(48,'09:00:00.000000','18:00:00.000000','xyz','deepak','Regional manager','7054411113','Read all about the CAF PM2.5.',96,77,19),(49,'09:00:00.000000','18:00:00.000000','xyz','xyz','xyz','1234567891','revision',23,78,11),(50,'09:00:00.000000','18:00:00.000000','ABC','ABC','ABC','1234567890','Practice',152,79,4),(51,'09:00:00.000000','18:00:00.000000','SHAW TOYOTA','MR. Anant Dhumal','Dy General Manager','7887809555','Discussed about V Care, discussed about Bactakleen with Mr. Anant Dhumal, Dy GM, SHAW TOYOTA, Wagholi, Pune.\r\nSecured an appointment on 22nd Jan at 10.30 AM.\r\nDiscussed with Sridhar sir regarding meeting and training.',152,80,4),(52,'09:00:00.000000','18:00:00.000000','xyz','deepak','Regional manager','7054411113','Discussion on mail and bactakleen pricing.',96,81,19),(53,'09:00:00.000000','18:00:00.000000','xyz','xyz','xyz','1234567891','practice\r\n',27,82,11),(54,'09:30:00.000000','06:30:00.000000','Wellnet services Pvt Ltd','Mr. Shridhar Prasad','MD','9900544331','Practice',114,83,22),(55,'09:00:00.000000','18:00:00.000000','xyz','deepak','Regional manager','7054411113','Some discussion on final presentation.',96,84,19),(56,'10:30:00.000000','17:30:00.000000','SHAW TOYOTA','MR. Anant Dhumal','Dy General Manager','7887809555','Discussed on Vcare service, Demo and presentation given. Discussed on dedicated bay facility. Planned Tele-callers training on 23rd Jan.\r\nAlso secured an appointment with CEO of Shaw Toyota at Shivajinagar Branch on 23rd Jan.',152,85,4),(57,'09:30:00.000000','06:30:00.000000','Wellnet services Pvt Ltd','Mr.shridhar prasad','MD','9900544331','Practice & I get the call from Rajpal Toyota Bhopal.Mr. Mukesh (GM) ask to process of Bactakleen',114,86,22),(58,'09:00:00.000000','18:00:00.000000','xyz','xyz','xyz','1234567891','revised presentation and price',23,87,11),(59,'10:30:00.000000','14:30:00.000000','SHAW TOYOTA','PRATAP PALWANKAR','CEO','9881251521','Visited Mr. Palwankar regarding Vcare Service, discussed about bactakleen. Said it will take 6 to 7 days to finalize, he will finalize only after discussing with other dealers about bactkleen; reported same to Sridhar sir.',152,88,4),(60,'09:30:00.000000','06:30:00.000000','Rajpal toyota','Mukesh kharode','GM','9525017201','Fix up the meeting on 29th of jan',114,89,22),(61,'09:00:00.000000','18:00:00.000000','xyz','deepak','Regional manager','7054411113','Calling to GM and fix appointment with them.',96,90,19),(62,'09:00:00.000000','18:00:00.000000','SAINI TOYOTA','AMIT SING','GM','8335073800','Discussed on Vcare service, bectakleen. Discussed on dedicated bay facility. Demo and presentation given. ',23,91,11),(63,'09:30:00.000000','06:30:00.000000','Wellnet services Pvt Ltd','Mr. Shridhar Prasad','MD','9900544331','Preparing for first demo & presentation in MP',114,92,22),(64,'09:00:00.000000','18:00:00.000000','xyz','deepak','Regional manager','7054411113','Get ready for the tomorrow meeting and done practice on gm and demo presentation.',96,93,19),(65,'09:00:00.000000','06:00:00.000000','ABC','ABC','ABC','1234567890','Practice',152,94,4),(66,'09:20:10.000000','04:35:10.000000','apple ','kamal','gm','9502346701','hi sir good morning   practice vcare  and demo presentation .',67,95,15),(67,'09:20:10.000000','04:35:10.000000','apple ','kamal','gm','9502346701','hi sir good morning   practice   and demo presentation .',67,96,15),(68,'09:00:00.000000','18:00:00.000000','Silvermoon toyota','Vinod Kitoch','General Manager','9805095077','Give demo and presentation at silvermoon toyota at kangra.It was very  good experience ',111,97,17),(69,'09:00:00.000000','18:00:00.000000','xyz','xyz','xyz','1234567891','practice.\r\n',23,98,11),(70,'09:00:00.000000','18:00:00.000000','ABC','ABC','ABC','1234567890','Practice, Study of Annexure.',152,99,4),(71,'09:30:00.000000','06:30:00.000000','Wellnet services Pvt Ltd','Mr. Shridhar Prasad','MD','9900544331','Practice',114,100,22),(72,'10:10:10.000000','13:00:00.000000','ANAAMALAIS TOYOTO','YUVARAJAN','VP','9842235700','Discussed about Vcare. Asking permission to start all over anaamalais group.\r\nDemo and presentation to all anaamalais GM and SHM and\r\nexplain about Vcare and bactakleen services...\r\nwaiting for the approval ',40,101,2),(73,'10:10:10.000000','11:00:00.000000','HARSHA TOYOTO','P.SENTHIL KUMAR ','VP,','9500089089','Discussed about V care, , \r\nBactakleen,\r\nmachine and liquid\r\nprice to dealer and the coustmers\r\nGot permision to start all 3 services centers in chennai',50,102,2),(74,'12:00:00.000000','13:00:00.000000','Harsha toyoto','S.ANAND','GM','9600195599','Discussed about VcareVcare,\r\nBactakleen,\r\nGave demo and presentation to all advisor , GM and SHM\r\nwe had mailed registration form to anand sir and waiting for the purchase order',50,102,2),(75,'09:00:00.000000','18:00:00.000000','xyz','xyz','xyz','1234567891','practice',23,103,11),(76,'09:30:00.000000','06:30:00.000000','Wellnet services Pvt Ltd','Mr. Shridhar Prasad','MD','9900544331','Preparing for Monday meeting in Bhopal',114,104,22),(77,'09:00:00.000000','18:00:00.000000','Anand toyota solan','Devender thakur','General Manager','9218606050','Meeting done with gm at anand toyota solan and give demo presentation.It was a great experience of interaction among them and they easily understood about the product.',77,105,17),(78,'09:00:00.000000','18:00:00.000000','Chaudhary Toyota','Devidas Shimpi','Service Manager','7798882041','Discussed about Vcare, Taken Number of CEO Mr. Shankar. Will call to Mr. Shankar on 28th Jan 2018 as they have week of on Saturday.',152,106,4),(79,'09:30:00.000000','12:00:00.000000','Lanson toyoto','Selvaganapthy','SHM','9710922945',' Regular visit , asking about to improve daily services . ',50,107,2),(80,'13:30:00.000000','15:00:00.000000','Harsha toyoto','Anand, Javid','GM','9600195599',' Javid sir asked mail the  coasting and the proposal for our products,\r\nwe have  mailed the proposal and price detail to VP Senthil sir and GM Anand sir',50,107,2),(81,'09:00:00.000000','06:00:00.000000','Chaudhary Toyota','Mr. Shankar','CEO','9765407903','Taken appointment for 2nd Feb 2018.\r\nRequested to Rohith sir to confirm the bookings for 1st Feb 2018.',152,108,4),(82,'09:00:00.000000','18:00:00.000000','xyz','xyz','xyz','1234567891','taking appointment from dealer, and revising.',23,109,11),(83,'09:00:00.000000','18:00:00.000000','RADIANT TOYOTA','RAJIV KASHYAP','VP','9915030701','Calling to GM and fixed meeting on 31jan at radiant toyota,ferozpur road.',96,110,19),(84,'09:00:00.000000','18:00:00.000000','Rajpal Toyota','Mukesh Kharode','GM - Service','9425017201','Meet with GM, Done the presentation. Also meet with Service Manager Mr. Shrikant Pardeshi.\r\nTotal Number of SA 7.',136,111,24),(85,'09:00:00.000000','18:00:00.000000','RADIANT TOYOTA','RAJIV KASHYAP','VP','9915030701','Get ready for the tomorrow meeting and fiter the small dealership.',96,112,19),(86,'09:00:00.000000','18:00:00.000000','Rajyog Toyota','Mr. Sourish Hota','CEO','9867679830','Discussed about Vcare in short, Mr. Sourish is interested in the product. Wants the quotation for Machine and Liquid; Also gives an appointment for 7th Feb 2018, will visit him after finishing meeting of Nagpur Location.',152,113,4),(87,'09:00:00.000000','19:00:00.000000','Infinium toyota (NARODA,ahmedabad)','Vipul panchal','general manager','7698005978','talked about V-care and Bactakleen & send pro-forama invoice.\r\nhe will call me tomorrow.',170,114,26),(88,'14:00:00.000000','15:00:00.000000','Infinium toyota (NARODA,ahmedabad)','Vipul panchal','general manager','7698008040','talked about V-care and Bactakleen & send pro-forama invoice.\r\nhe will call me tomorrow.',170,115,26),(89,'16:00:00.000000','17:00:00.000000','Infinium toyota(rajkot)','Hardik dave','general manager','7698005978','Discussed about bactakeen fumigatiion machine and liquid.\r\nand sent him pro-forma invoice. he will call me tomorrow',169,115,26),(90,'09:30:00.000000','06:30:00.000000','Sanghi Toyota','Mr. Ajay Khair','GM Service ','7970001222','He has no time so he said can u discuss on the phone about vcare. Demo was done with Service Advisers ',137,116,24),(91,'09:30:00.000000','13:00:00.000000','Lanson koyembedu','selvaganapathy','SHM','9710922945','Regular field visit asking to do high no of services.',50,117,2),(92,'14:15:00.000000','14:30:00.000000','Lanson toyoto','Rubbesh','VP','9841028680','Discussing about  to starts doing bactakleen services for all other lanson branches . He told that waiting for the management approval',50,117,2),(93,'15:00:00.000000','15:45:00.000000','Harsha toyoto','M.Javid ','SHM','9840213005','Discussed about the GST no and address to login. He told waiting for owner approval . ',50,117,2),(94,'09:00:00.000000','18:00:00.000000','borha toyota','sajib ahmed','service GM','9435745227','I have discussed about V-care and Bactakleen & they have given me the appointment \r\non  7/2/2018. ',10,118,7),(95,'09:00:00.000000','18:00:00.000000','ABC','ABC','ABC','1234567890','Practice',152,119,4),(96,'09:00:00.000000','18:00:00.000000','RADIANT TOYOTA,LUDHIANA','RAJIV KASHYAP','VP','9915030701','Today\'s meeting was fine discussion regarding product made them more clear and it was great experience too.Give demo and presentation to all team members.',96,120,19),(97,'09:00:00.000000','18:00:00.000000','RADIANT TOYOTA,MOGA','HARMEET SINGH','SERVICE MANAGER','9815150102','Meeting was fixed on 1-feb-2018.',96,120,19),(98,'09:30:00.000000','06:30:00.000000','Rajpal Toyota','Amit Sharma','GM','9424849463','Give the presentation & Demo to Service Maneger',114,121,22),(99,'09:00:00.000000','18:00:00.000000','Lanson Toyoto koyembedu','Selva ganapathy','SHM','9710922945','Replaced the old machine and gave new machine . ',50,122,2),(100,'09:00:00.000000','18:00:00.000000','bebbco toyota','Mr. omkar sing','GM','7004512949','I was taking preparation for tomorrows presentation.',9,123,6),(101,'05:30:00.000000','12:00:00.000000','jai ganesh toyota','mrugesh vasani','general manager','7600086101','today i gave him presentaton and demo to advisors and team leaders they will agreed to purchase.today i sent him pro-forma invoice and they will reply tomorrow. ',178,124,26),(102,'09:00:00.000000','18:00:00.000000','RADIANT TOYOTA,MOGA','HARMEET SINGH','SERVICE MANAGER','9815150102','Today\'s meeting added new experience to me with great enthusiasm by learners.',96,125,19),(103,'09:00:00.000000','18:00:00.000000','ABC','ABC','ABC','1234567890','Practice',152,126,4),(104,'09:00:00.000000','18:00:00.000000','xyz','xyz','xyz','1234567891','practice',23,127,11),(105,'09:00:00.000000','18:00:00.000000','RADIANT TOYOTA','RAJIV KASHYAP','VP','9915030701','Call to SM about the PO and shuffle the small dealer .',96,128,19),(106,'09:30:00.000000','06:30:00.000000','Wellnet services Pvt Ltd','Mr. Sridhar prasad','MD','9900544331','Today return from Indore at 1:00 pm afternoon .& Call to Grand Toyota Meerut but call not pick',114,129,22),(107,'09:30:00.000000','18:30:00.000000','GRAND TOYOTA','Mr. Birendra Kumar','GM','9690017774','Call to Grand Toyota\' s GM Mr. Birendra Kumar & fix up the meeting for Monday morning 11:00 am',126,130,22),(108,'09:00:00.000000','14:30:00.000000','Chaudhari Toyota','Devidas Shimpi','Service Manager','7798882041','Visited Mr. Devidas Shimpi, as CEO Mr. Shankar was not available at the dealership.\r\nDone training of SA\'s and Tele-callers, along with Service Manager and Asst Service Manager.\r\nDealer information form received and forwarded to Rohith sir for further process.\r\nReturn journey to Pune. ',165,131,4),(109,'09:00:00.000000','18:00:00.000000','Rajyog Toyota','Mr. Sourish Hota','GM','9867679830','PRO FORMA INVOICE HAS BEEN SENT TO RAJYOG TOYOTA AND CHAUDHARI TOYOTA.',152,132,4),(110,'09:00:00.000000','18:00:00.000000','SAINI TOYOTA','AMIT SING','GM','8335073800','visit to Mr Amit sing discuss about our product. and went to blue dart to drop the machine.',23,133,11),(111,'09:00:00.000000','18:00:00.000000','RADIANT TOYOTA','N Sridhar Prashad','Managing Director','9900544331','Planning for the 5&6 feb to achieve the target.',96,134,19),(112,'09:30:00.000000','06:30:00.000000','Wellnet services Pvt Ltd','Mr. Sridhar prasad','MD','9900544331','Call to GM of Anant Toyota but not pick the call',114,135,22),(113,'09:00:00.000000','18:00:00.000000','xyz','xyz','xyz','1234567891','practice',23,136,11),(114,'09:00:00.000000','18:00:00.000000','GLOBE  TOYOTA','Sharad. Sharda','VP','9646049127','Today\'s meeting with globe toyota was amazing and we generate the pro forma invoice for all the dealers',91,137,19),(115,'09:00:00.000000','12:00:00.000000','CASTLE TOYOTA','INDERPREET SINGH','GM','9915145381','Give demo and presentation and briefly explain about bactakleen process.',82,138,19),(116,'15:30:00.000000','18:00:00.000000','GLOBE TOYOTA','RAJINDER SHARMA','H.O','9115604007','Explain about bactakleen and fix the date for the demo presentation.',96,138,19),(117,'09:30:00.000000','18:30:00.000000','Grand Toyota','Mr. Birendra kumar','AGM SERVICE ','9690017774','Meeting & Presentation with SERVICE team',126,139,22),(118,'09:30:00.000000','18:30:00.000000','Wellnet services pvt ltd','Mr. Sridhar Prasad','MD','9900544331','Call to other dealers  but not found any result yet',114,140,22),(119,'09:45:00.000000','14:00:00.000000','Lanson Toyoto koyembedu','Selva ganapathy','SHM','9710922945','Incerase the services. this month going better nos .',50,141,2),(120,'14:45:00.000000','16:00:00.000000','Harsha toyoto','Anand','GM','9600195599','Discuss about the launch , VP under leave so its getting delay maybe weekend it okay.',50,141,2),(121,'17:00:00.000000','18:00:00.000000','Lanson toyoto koyembedu','Rubbesh','VP','9841028680','Got approval to launch in ECR, Pondy , Pallikaranai',50,141,2),(122,'09:00:00.000000','18:00:00.000000','ABC','ABC','ABC','1234567890','Discussed with Sridhar sir about plan.\r\nConfirmed appointment with Mr. Qureshi, Grace Toyota Nagpur.\r\nTravelling to Nagpur.',152,142,4),(123,'09:00:00.000000','18:00:00.000000','Grace Toyota','Mr. Zakiuddin Qureshi','CEO','9881155113','Visited Mr. Qureshi, CEO, Grace Toyota, Dealer Information Form shared.\r\nTraining of Telecallers done.\r\nDemo done with Service Manager and SA and telecallers.\r\nTravelling to Latur.',163,143,4),(124,'09:00:00.000000','16:00:00.000000','Rajyog Toyota','Mr. Sourish Hota','GM - Service','9867679830','Discussed with Mr. Sourish about bactakleen, he had already covered Vcare part with his employees.\r\nTraining of Tele Callers has done, training of SA has done.\r\nTraining of technicians has done.\r\nMr. Sourish is going on leave from 9th feb to 13th feb 2018. Said will confirm with authorities and update regarding PO.\r\nTravelling back to Pune.',168,144,4),(125,'10:30:00.000000','06:30:00.000000','madhuban toyota.','Bazzil sa','GM. coustomer service.','9930450456','Batakleen service done in 2 vhicale .',180,145,4),(126,'09:00:00.000000','13:00:00.000000','Lanson Toyoto koyembedu','Selva ganapathy','SHM','9710922945','normal field vsit',50,146,2),(127,'14:30:00.000000','17:00:00.000000','Lanson toyoto Pallikaranai','K.kannan','GM','9094016967','Vcare\r\nBactakleen \r\nGST and mail id registration to generate pro invoice \r\ntomarrow they will raise purchase order',50,146,2),(128,'09:00:00.000000','18:00:00.000000','GLOBE TOYOTA','RAJINDER SHARMA','General Manager','9115604007','Give demo and presentation and clear some quries regarding vcare.',96,147,19),(129,'09:00:00.000000','18:00:00.000000','ABC','ABC','ABC','1234567890','Called all the visited dealerships to ask about PO, \r\nShaw Toyota mgmt needs 2 to 3 days more to finalize..... \r\nChaudhari Toyota did not pick the call.\r\nGrace Toyota Accnt HOD is on medical leave, Service manager said he will send the dealership info in 2 days.\r\nRajyog Toyota\'s GM is on leave from 8th to 13th feb 18. will finalize only after 14th feb 18.',152,148,4),(130,'09:00:00.000000','18:00:00.000000','Anand toyota solan','Devender thakur','General Manager','9218606050','Machine received by the company and meeting fix on 14feb to trained the advisor and telle caller.',77,149,17),(131,'09:30:00.000000','06:30:00.000000','JMK Toyota, Jhansi ','Mr. Anurodh Tripathi ','GM Service ','8573030655','Give the demo & presentation to GM & service team.Proforma invoice send to GM of service.',114,150,22),(132,'09:30:00.000000','06:30:00.000000','Wellnet services Pvt. Ltd.','Mr. Shridhar Prasad ','MD','9900544331','Preparing for meeting on tomorrow in Jhansi at JMK Toyota,Jhansi ',114,151,22),(133,'09:45:00.000000','10:30:00.000000','Lanson toyoto pallikaranai','Thanu','Parts','9551260117','mailed the proforma invoice and raise the purchase order . waiting for GM sign . GM on leave',50,152,2),(134,'12:00:00.000000','14:30:00.000000','lanson toyoto koyambedu','selvaraj','GM','9710922945','Ask them to raise the second purchase order and check the stocks',50,152,2),(135,'15:15:00.000000','16:00:00.000000','Harsha toyoto','Javid','SHM','9840213005','Discuss about the Vcare launch . GM anand sir on the meeting . they waiting for the management approval',50,152,2),(136,'09:00:00.000000','18:00:00.000000','ABC','ABC','ABC','1234567890','Practice',152,153,4),(137,'09:00:00.000000','18:00:00.000000','Anand toyota solan','Devender thakur','General Manager','9218606050','Today i made schedule of my upcoming meetings that i have to provide when companies will receive machine.',77,154,17),(138,'09:00:00.000000','18:00:00.000000','xyz','xyz','xyz','1234567891','practice',23,155,11),(139,'09:30:00.000000','06:30:00.000000','Uttam Toyota','Mr. Balraj','Vise President ','Xyz1234567','Sridhar sir,Deepak sir & i give the Presentation and showing the demo to all Uttam Toyota\'s importent person\'s',114,156,22),(140,'09:30:00.000000','06:30:00.000000','Rajpal Toyota Bhopal','Mr. Mukesh kharode','GM','Xyz1234567','Today talk with GM of rajpal Toyota for start the Bactakleen for vcare & first day of my first launching & first sale to customer',114,157,22),(141,'09:00:00.000000','18:00:00.000000','ABC','ABC','ABC','1234567890','Practice',152,158,4),(142,'09:00:00.000000','18:00:00.000000','ABC','ABC','ABC','1234567890','Discussed with Sridhar sir about tour plan.',152,159,4),(143,'09:00:00.000000','18:00:00.000000','Anand toyota solan','Devender thakur','General Manager','9218606050','Fix meeting for the adviser and telle caller script training.',77,160,17),(144,'09:30:00.000000','07:30:00.000000','Rajpal Toyota,Bhopal','Mr Mukesh kharode','GM','9425017201','Give training to technicians & how to do mantinence of machine.give training to service advisers ',136,161,24),(145,'09:00:00.000000','18:00:00.000000','Anand toyota solan','Deepak mishra','Regional manager','7054411113','Discussion for further meetings and make some plan to complete the target.',77,162,17),(146,'10:10:10.000000','17:00:00.000000','Lanson Toyoto pallikaranai','kannan','GM','9094016967','Demo and presentation to service advisors',50,163,2),(147,'09:00:00.000000','18:00:00.000000','CASTLE TOYOTA','Inderjit Singh','General Manager','9915145381','Today discussion with GM related to bactakleen and clear some quires regarding product and generate pro forma invoices.',83,164,19),(148,'11:00:00.000000','14:00:00.000000','Lakozy Toyota','Ambareesh Patil','VP','9870364333','Discussed about Vcare, Demo done.',180,165,4),(149,'11:00:00.000000','14:00:00.000000','Lakozy Toyota','Ambareesh Patil','VP','9870364333','Discussed about Vcare, Demo done.',180,166,4),(150,'16:00:00.000000','18:00:00.000000','Wasan Toyota','Mr. Prakash ','GM Service','1234567890','Demo done, discussed on Bactkleen with Sridhar sir.',180,166,4),(151,'09:00:00.000000','18:00:00.000000','Grace, Chaudhari, Rajyog, Shaw','MR. Anant Dhumal','GM - Service','7887809555','Shaw - Anant Dhumal, said he will discussed with his CEO on 16th Feb 18 and then he will update.\r\nChaudhari - Mr. Devidas Shimpi, Said CEO Mr. Shankar is in Mumbai. He will come back tomorrow and then he will discuss with him. Requesting for 5-6 bottles with machine, pitched that min order should be of 10 bottles.\r\nRajyog - Mr. Sourish Hota, He did not received the call.\r\nGrace - Mr. Vishal - Parts mgr, said he is sending the registration form to account dept, from there we will get the details by tomorrow ',152,167,4),(152,'09:30:00.000000','06:30:00.000000','Wellnet services pvt ltd','Mr. Sridhar Prasad','MD','9900544331','Get call from Uttam Toyota Sahibabad for process & training shadule.I was send the registration form to him & tell for further process',114,168,22),(153,'09:30:00.000000','06:30:00.000000','Rajpal Toyota','Mr. Mukesh Kharode','GM','XYZ1234567','All team of service are trained ',136,169,24),(154,'09:30:00.000000','06:30:00.000000','Wellnet Services pvt ltd','Mr. Sridhar Prasad ','MD','9900544331','Call to other dealership but no result found today',114,170,22),(155,'09:30:00.000000','06:30:00.000000','Wellnet Services pvt ltd','Mr. Sridhar Prasad ','MD','9900544331','Call to other dealership but no result found today',114,171,22),(156,'09:00:00.000000','18:00:00.000000','CASTLE TOYOTA','Munish Kumar','SERVICE MANAGER','8725003604','Today he called me we made discussion on bectakleen that made his doubt clear and filled the dealership form',81,172,19),(157,'11:26:05.000000','02:00:10.000000','KAKATIYA TOYOTA','T.RATHNAKER   ','SERVICE MANAGER  ','7032200007','PRO FORMA INVOICE HAS BEEN SENT TO KAKATIYA TOYOTA .',193,173,15),(158,'13:00:00.000000','18:00:00.000000','AAMALAIS TOYOTO trichy','Bala kumar','GM','9842269300','Launch in Trichy today . Gave training  to the SA and TL .\r\n',46,174,2),(159,'10:10:10.000000','14:00:00.000000','Lanson ECR','salam','GM','9841433346','Vcare , Bactakleen \r\nDemo for the SA and SHM..',50,175,2),(160,'15:00:00.000000','18:30:00.000000','Lanson toyoto koyambedu','selva ganapathy','SHM','9600195599','Purchase order for the 2nd parcel ...',50,175,2),(161,'09:00:00.000000','18:00:00.000000','Anand toyota solan','Devender thakur','General Manager','9218606050','Giving training to adviser and telle caller to attract customer.Submitted the reports and all documents signed. ',77,176,17),(162,'09:00:00.000000','18:00:00.000000','esprit toyota','supratik debnath','gm','7873044776','Discussed about Vcare, Demo done.',14,177,9),(163,'11:15:10.000000','03:40:00.000000','LEELA AUTOMOBILES PVT LTD AND HARSHA  TOYOTA','K.CHANDRA SEKHAR','General Manager','9959111472','UPDATE ',67,178,15),(164,'09:00:00.000000','18:00:00.000000','Rajyog Toyota, Shaw Toyota, Chaudhari Toyota, Grace Toyota ','Mr. Sourish Hota','GM - Service','9867679830','Discussed with all of the authorities regarding purchase order. said will update in next 2 days.',152,179,4),(165,'09:30:00.000000','06:30:00.000000','Wellnet Services pvt ltd','Mr. Sridhar Prasad','GM','9900544331','Get P.O.from JMK Toyota Jhansi & done the Dealership Registration for Uttam Toyota Sahibabad,Ghaziabad& Noida.dicussed with Sridhar Sir',114,180,22),(166,'09:00:00.000000','18:00:00.000000','Grace Toyota','Mr. Vishal','Parts Manager','7447479706','Discussed about dealer information form, will send soon.\r\nwill provide the details of all 3 locations of Nagpur, Amaravati and Akola.',152,181,4),(167,'09:30:00.000000','06:30:00.000000','Wellnet services pvt.ltd','Mr. Sridhar Prasad ','MD','9900544331','Today get p.o. from Uttam Toyota Ghaziabad,Sahibabad,Noida.& Generate the invoice for that dealership ',114,182,22),(168,'09:30:00.000000','19:00:00.000000','AAMALAIS TOYOTO trichy','T Bala kumar','GM','9842269300','DAy one of the live ...\r\nfirst 2 car done in-front of the customer ...\r\n ',46,183,2),(169,'09:00:00.000000','18:00:00.000000','PIONEER TOYOTA','VIJAY BAKSHI','General Manager','9815958442','Fix meeting for the adviser and telle caller on 19feb.',187,184,19),(170,'10:30:00.000000','06:00:00.000000','madhuban toyota.','mr danieal kenny','advisor','9619313937','Bactakleen done in one vehical also repair connector of matchine.',180,185,4),(171,'09:00:00.000000','18:00:00.000000','PIONEER TOYOTA','VIJAY BAKSHI','General Manager','9815958442','Give training to adviser and submitted reports and signed documents.Today our product goes live it was great experience and attraction from customers also.',187,186,19),(172,'09:00:00.000000','18:00:00.000000','xyz','xyz','xyz','1234567891','follow-up to Coustomer and tried to get the appointment.',23,187,11),(173,'09:00:00.000000','18:00:00.000000','SHAW TOYOTA','MR. Anant Dhumal','GM - Service','7887809555','Discussed about Bactkleen, said he will discussed with CEO on Wed. \r\nPlanning to meet him on Wed.',152,188,4),(174,'09:30:00.000000','06:30:00.000000','Grand Toyota,D.dun','Anil raghav','GM','9837888951','Call to GM of Grand Toyota or meeting fixup & he was giving me 21-feb-18 for demo & Presentation ',114,189,22),(175,'11:05:00.000000','12:00:00.000000','Harsha Automotive PVT.LTD.','shatam babu ','HO-Service Parts ','9701111534','As per the Discussion with Shatam Babu, Ho- Service Parts ,Harsha Toyota. He Is going to give the parchage order on mondey 26-02-2018.',67,190,15),(176,'13:13:10.000000','13:40:00.000000','KAKATIYA  Automotives private Limited ','T.RATHNAKER   ','SERVICE MANAGER  ','7032777050','As per the Discussion with T. Rathnaker, Service Manager ,Kakatiya  Toyota. He Is going to give the parchage order on mondey 26-02-2018.',193,191,15),(177,'10:10:10.000000','18:00:00.000000','AAMALAIS TOYOTO madurai','Chokalingam','SHM','98658 9640','Introduce Vcare and Bactakleen \r\ntraining the Techni pupils \r\nDemo to SA and Tl ',45,192,2),(178,'09:00:00.000000','18:00:00.000000','SAINI TOYOTA','AMIT SING','gm','8335073800','visit.',23,193,11),(179,'10:10:10.000000','18:00:00.000000','AAMALAIS TOYOTO madurai','Joseph sir','GM','98658 9640','Gave some demo to the customers. \r\nExplain about the Vcare to the customers',45,194,2),(180,'09:00:00.000000','18:00:00.000000','PIONEER TOYOTA','VIJAY BAKSHI','General Manager','9815958442','Complete the training and start live at there location and fix meeting for the training at radiant toyota ,ldh.',187,195,19),(181,'09:00:00.000000','18:00:00.000000','Grace Toyota','Mr. Zakiuddin Qureshi','CEO','9881155113','Dealer registration completed for 3 location of Grace Toyota. Nagpur, Akola and Amravati.\r\nProforma Invoice sent to dealer for all 3 locations.',152,196,4),(182,'10:30:00.000000','06:30:00.000000','madhuban toyota.','not yet','not yet','8850177275','going for as usual not happning any tritment.',180,197,4),(183,'09:30:00.000000','06:30:00.000000','Wellnet services pvt ltd','Mr. Sridhar Prasad ','MD','9900544331','Calling to uttam Toyota group for peyment realisation.',114,198,22),(184,'10:30:00.000000','06:15:00.000000','madhuban toyota.','mr .Abdullah khan.','advisor','9930450455','Bactakleen done in two vehical\'s only.',180,199,4),(185,'10:10:10.000000','18:00:00.000000','AAMALAIS TOYOTO Kumbakonam','Jeba','GM','9842914800','Vcare , Bactakleen \r\nLIve demo to SA , TL and technicians \r\n',44,200,2),(186,'09:00:00.000000','18:00:00.000000','RADIANT TOYOTA','NARINDER KUMAR','SERVICE MANAGER','9915732095','Complete training and submitted reports.Clear the queries of adviser and fill energy in them to convince the  customers.',96,201,19),(187,'09:30:00.000000','06:30:00.000000','Grand Toyota ','Mr. Anil Raghav','GM Service ','9837888951','Giving the Presentation & demo to GM & CEO of Grand Toyota D.Dun.',125,202,33),(188,'11:15:10.000000','02:00:05.000000','Harsha Automotive PVT.LTD.','T.kamal','SERVICE MANAGER  ','9959555426','V care , Bactakleen \r\nLive demo to SA , TL and technicians ',67,203,15),(189,'10:30:00.000000','06:30:00.000000','madhuban toyota.','mr swapnil surve','Team leader','8879337545','Bactakleen done in two vehical\'s.',180,204,4),(190,'09:00:00.000000','18:00:00.000000','RADIANT TOYOTA','NARINDER KUMAR','SERVICE MANAGER','9915732095','Completed the training at radiant toyota,ldh and started calling to other dealerships',96,205,19),(191,'09:30:00.000000','18:30:00.000000','Wellnet Services ','Mr. Sridhar Prasad ','MD','9900544331','Call to Mr. Amit Manohar (VP of commercial Toyota Group) for meeting.i m call to him 5 times but he was not pick the call',114,206,22),(192,'09:00:00.000000','18:00:00.000000','Rajyog Toyota','Mr. Sourish Hota','GM - Service','9867679830','PO received and process done for invoice. ',152,207,4),(193,'09:00:00.000000','18:00:00.000000','ABC','ABC','ABC','1234567890','Discussed with Sridhar sir about Goa visit.',152,208,4),(194,'10:10:10.000000','15:00:00.000000','AAMALAIS TOYOTO Kumbakonam','Jeba','GM','9842269300','Start live Today .',44,209,2),(195,'09:00:00.000000','18:00:00.000000','xyz','xyz','xyz','1234567891','follow up to the dealership.\r\n\r\n',23,210,11),(196,'09:00:00.000000','18:00:00.000000','ABC','ABC','ABC','1234567890','Discussed with Rohith sir and Sridhar sir',152,211,4),(197,'10:30:00.000000','06:00:00.000000','madhuban toyota.','mr swapnil surve','Team leader','8879337545','Bactakleen done in two vehical\'s only.',180,212,4),(198,'09:00:00.000000','18:00:00.000000','CASTLE TOYOTA','Inderjit Singh','General Manager','9915145381','Calling to gm for the PO and updation regarding bactakleen.',83,213,19),(199,'09:00:00.000000','18:00:00.000000','CASTLE TOYOTA','Deepak mishra','Regional manager','7054411113','Give him detail about live dealerships and plan for further meetings.',83,214,19),(200,'09:00:00.000000','18:00:00.000000','ABC','Shetty','ABC','7977054461','Visited Mr. Shetty regarding Bactakleen. Contact got from Sridhar Sir',152,215,4),(201,'09:00:00.000000','18:00:00.000000','RADIANT TOYOTA','NARINDER KUMAR','SERVICE MANAGER','9915732095','Complete the training and bactakleen proposal is signed',96,216,19),(202,'09:00:00.000000','18:00:00.000000','CASTLE TOYOTA','MUNISH KUMAR','SERVICE MANAGER','8872503604','Fix up the meeting with them on 28feb and 1march18.',84,216,19),(203,'09:30:00.000000','18:30:00.000000','Wellnet Services pvt ltd','Sridhar Prasad ','MD','9900544331','Today change the meeting Date 28 feb to 03 march.',114,217,22),(204,'09:30:00.000000','18:30:00.000000','Commercial Toyota ','Mr. Ojha','GM','Xyz1234567','Call to Mr. Ojha (GM Commercial Toyota Baraili )for meeting fixup he was giving me 28th march ',114,218,22),(205,'09:30:00.000000','18:30:00.000000','Wellnet services pvt ltd','Mr. Sridhar Prasad ','MD','9900544331','Tieup with Deepak sir for Rajendra Toyota Allahabad for meeting on 28th march',114,219,22),(206,'09:00:00.000000','18:00:00.000000','ABC','ABC','ABC','1234567890','Preparations ',152,220,4),(207,'09:00:00.000000','18:00:00.000000','Grace, Chaudhari, Rajyog, Shaw','Mr. Zakiuddin Qureshi','VP','9881155113','Grace Nagpur - Did not pick the call\r\nChaudhari Jalgaon - Said will take 2 to 3 days for final order\r\nRajyog Latur -  Machine delivered today, planning for training sessions on 5th and 6th March 2018.\r\nShaw Wagholi Pune -  Disconnected the call.',152,221,4),(208,'09:00:00.000000','18:00:00.000000','CASTLE TOYOTA','Munish Kumar','SERVICE MANAGER','8725003604','Complete the demo and presentation.Trained the technician and generate pro forma invoice.Staff also full energetic to sell the product.',81,222,19),(209,'09:00:00.000000','18:00:00.000000','topsel toyota','DEBABRATA GHOSH','VP','9874406667','discussed about our product with VP,GM,SM and gave them the demo and had an meeting with the TSM of TKM.',27,223,11),(210,'09:30:00.000000','18:30:00.000000','Wellnet services Pvt. Ltd.','Mr. Shridhar Prasad ','MD','9900544331','Preparing for presentation of Rajendra Toyota.',114,224,22),(211,'09:30:00.000000','18:30:00.000000','RAJENDRA TOYOTA','Mr. Arun Pandey ','GM Service ','7570801251','Me & Deepak sir was discussed with GM of Rajendra Toyota regarding Bactakleen. Proforma invoice was sent on his mail id.\r\n',114,225,22),(212,'09:30:00.000000','18:30:00.000000','RAJENDRA TOYOTA','Mr. Sanjeev Singh','Asst. VP','8552004555','Me & Mr. Sanjeev discussed on Bactakleen Process. Sent him Dealership registration form.he says me that VP, GM will discussed on this matter & revert me as soon as possible.\r\n',133,226,22),(213,'09:00:00.000000','18:00:00.000000','CASTLE TOYOTA','Davinder singh','SERVICE MANAGER','8288094134','Complete the demo,presentation and trained the technician.They asked some questions and there quires are cleared .',84,227,19),(214,'09:00:00.000000','18:00:00.000000','Sharayu Toyota','Mr. Santosh Sawal','VP','8888826432','Discussed about Vcare and Bactakleen with Sridhar Sir.\r\nVisited both locations Kesarval and colavale. Details sent to VP.',160,228,25),(215,'09:00:00.000000','18:00:00.000000','Grace, Chaudhari, Rajyog, Shaw','Mr. Sourish Hota','GM - Service','9867679830','Shaw Wagholi - Not Responding to call, GM Anant\r\nChaudhari Jalgaon - CEO Shankar Not Responding to call\r\nGrace Nagpur - VP - Mr. Qureshi, Quotation Mail resent. Said will discuss with DP and Confirm.\r\nRajyog Latur - Training confirmation on 8/9 March. Mr. Sourish Hota, GM Service.',152,229,4),(216,'09:00:00.000000','18:00:00.000000','ABC','ABC','ABC','1234567890','Discussion with other RM\'s.',152,230,4),(217,'09:00:00.000000','18:00:00.000000','ABC','ABC','ABC','1234567890','Discussion with other RM\'s.',152,231,4),(218,'10:30:00.000000','06:30:00.000000','madhuban toyota.','mr swapnil surve','Team leader','8879337545','Bactakleen Done in two vehicals only.',180,232,4),(219,'09:00:00.000000','18:00:00.000000','CASTLE TOYOTA','Inderjit Singh','General Manager','9915145381','Calling to gm for the update and asked for any kind of queries.',83,233,19),(220,'09:00:00.000000','18:00:00.000000','xyz','xyz','xyz','1234567891','practice ',23,234,11),(221,'09:00:00.000000','18:00:00.000000','Grace, Chaudhari, Rajyog, Shaw','MR. Anant Dhumal','GM - Service','7887809555','Shaw Wagholi  - Arranging PO, spoke to GM Anant\r\nChaudhari Jalgaon - CEO Shankar, Requesting for 5 bottles only. Discussed with Sridhar sir\r\nGrace Nagpur  - VP, waiting for approval from DP. Planning to launch at Nagpur location only.\r\nRajyog Latur - Training confirmation on 8/9 March. Requested to Rohith Sir for the bookings.\r\n',152,235,4),(222,'10:30:00.000000','06:00:00.000000','madhuban toyota.','mr swapnil surve','Team leader','8879337545','Bactakleen done in one vehical only.',180,236,4),(223,'10:30:00.000000','06:00:00.000000','madhuban toyota.','mr swapnil surve','Team leader','8879337545','Bactakleen done in one vehical only.',180,237,4),(224,'09:30:00.000000','18:30:00.000000','Uttam Toyota,Sahibabad','Binay Jha','Planning Manager ','Xyz1234567','We will discuss on planning of training to SA & MRS. Work on the planning & give training to SA & MRS team',194,238,22),(225,'09:30:00.000000','18:30:00.000000','Wellnet Services pvt ltd','Mr. Sridhar Prasad ','MD','9900544331','I m reach at home on 08:00AM from Varanasi & Do the planning for Baraili.left the home by 03:30PM for Baraili meeting',114,239,22),(226,'09:30:00.000000','18:30:00.000000','Commercial Toyota ','Mr. Ojha','GM','Xyz1234567','Give the demo & Presentation to GM & SM.',121,240,22),(227,'10:10:10.000000','17:00:00.000000','Lanson Toyoto pallikaranai','kannan','GM','9094016967','Starting live day 1',191,241,2),(228,'09:00:00.000000','14:30:00.000000','CASTLE TOYOTA,PARAGPUR ROAD','Inderjit Singh','General Manager','9915145381','Complete demo and presentation.',83,242,19),(229,'09:00:00.000000','14:30:00.000000','CASTLE TOYOTA,PARAGPUR ROAD','Inderjit Singh','General Manager','9915145381','Complete demo and presentation.',83,243,19),(230,'15:00:00.000000','18:00:00.000000','CASTLE TOYOTA,KAPURTHALA ROAD','Amandeep Oshan','General Manager','7087791010','Complete demo,presentation and trained the technician.',83,243,19),(231,'10:30:10.000000','14:10:00.000000','Harsha Auto Enterprises Pvt.Ltd','Shamivullah','Asst.Service Manager','8008203869','Give the demo & Presentation SM & Parts Manager..',184,244,16),(232,'09:00:00.000000','18:00:00.000000','PIONEER TOYOTA','VIJAY BAKSHI','General Manager','9815958442','Asked for the update and payment.',187,245,19),(233,'10:10:10.000000','13:00:00.000000','Lanson Toyoto pallikaranai','kannan','GM','9094016967','Starts with customer ... gave training 2 techni',50,246,2),(234,'14:30:00.000000','17:00:00.000000','Lanson toyoto  Nandhanam','Suderson','SHM','9094022016','Gave traning to SA and start live today',50,246,2),(235,'10:30:00.000000','06:30:00.000000','madhuban toyota.','mr sanjog','advisor','7770010863','Bactakleen done in one vehical only.',180,247,4),(236,'10:30:00.000000','06:30:00.000000','madhuban toyota.','mr sanjog','advisor','7770010863','Bactakleen done in one vehical only.',180,248,4),(237,'10:30:00.000000','06:30:00.000000','madhuban toyota.','mr sanjog','advisor','7770010863','Bactakleen done in one vehical only.',180,249,4),(238,'09:00:00.000000','18:00:00.000000','PIONEER TOYOTA','VIJAY BAKSHI','General Manager','9815958442','I took the feedback and asked them if you are satisfied with quality of product please activate another branch of yours and payment has been cleared.',187,250,19),(239,'09:30:00.000000','18:30:00.000000','Uttam Toyota sahibabad ','Mr. Anurodh Malik','GM','Xyz1234567','Training to all MRS & SA.',194,251,22),(240,'09:30:00.000000','18:30:00.000000','Uttam Toyota sahibabad ','Mr. Anurodh Malik','GM','Xyz1234567','Training to all technicians ',194,252,22),(241,'09:30:00.000000','18:30:00.000000','Uttam Toyota Ghaziabad ','Mr. Sundar Rajan','GM','Xyz1234567','Training to all SA',114,253,22),(242,'09:00:00.000000','18:00:00.000000','topsel toyota','mr.sanjay','s.m','9830846900','met the s.m and again give them a demo of our product.',27,254,11),(243,'09:00:00.000000','18:00:00.000000','CASTLE TOYOTA','Munish Kumar','SERVICE MANAGER','8725003604','Generate invoices and give him confidence that it will give positive result.',81,255,19),(244,'08:00:00.000000','05:30:00.000000','Uttam Toyota Ghaziabad ','Mr. Sounder Rajan','GM','Xyz1234567','Trained all SA & technician',114,256,22),(245,'09:00:00.000000','18:00:00.000000','CASTLE TOYOTA,PARAGPUR ROAD','Inderjit Singh','General Manager','9915145381','Generate invoices and make planning for the training.',83,257,19),(246,'09:00:00.000000','18:00:00.000000','Wanas Toyota','Mr. Hingne','GM - Service','9011057868','Got a call from Wasan Toyota, GM -  Service Mr. Hingne was asking for Demo. Appointment taken for Tuesday 13th March 2018.',152,258,4),(247,'09:00:00.000000','18:00:00.000000','ABC','ABC','ABC','1234567890','Discussed with Sridhar sir.',152,259,4),(248,'10:00:00.000000','18:00:00.000000','Rajyog Toyota','Mr. Sourish Hota','GM - Service','9867679830','Training of Tele callers done.\r\n4 Tele callers were available for the training.\r\nService advisers training has done.\r\n6 Service advisers were available.\r\n',168,260,4),(249,'10:00:00.000000','18:00:00.000000','Rajyog Toyota','Mr. Sourish Hota','GM - Service','9867679830','Training done of Technicians.\r\n2 Technicians.\r\nTele callers monitoring while calling done in morning.\r\nVideos shared in Customer Lounge and on systems.\r\nMarketing material - Badges, Banners, Posters and Tri folds are available in dealership.\r\nServices start from 08th March 2018. Dealership Launched.',168,261,4),(250,'09:00:00.000000','18:00:00.000000','xyz','xyz','xyz','1234567891','FOLLOWUP TO COUSTOMER',23,262,11),(251,'09:00:00.000000','18:00:00.000000','xyz','xyz','xyz','1234567891','FOLLOWUP TO COUSTOMER',23,263,11),(252,'09:00:00.000000','18:00:00.000000','Anand toyota solan','Devender thakur','General Manager','9218606050','Took the feedback and convinced them for further activation of dealership. ',77,264,17),(253,'11:00:00.000000','17:00:00.000000','Lanson Toyoto pondy','cholan','GM','9094016967','Demo to SA and start live from tomarrow',49,265,39),(254,'09:00:00.000000','18:00:00.000000','RADIANT TOYOTA','NARINDER KUMAR','SERVICE MANAGER','9915732095','I took the feedback and convinced them for further dealership activation.',96,266,19),(255,'10:30:05.000000','04:30:10.000000','Harsha Auto Motive Pvt.Ltd','CH.venkate Naveen','General Manager','9866799669','Technicians And Service advisor  Live Demo',67,267,15),(256,'09:00:00.000000','18:00:00.000000','CASTLE TOYOTA,PARAGPUR ROAD','Inderjit Singh','General Manager','9915145381','Give them details about the dispatch material and send bactakleen proposal to be signed.',83,268,19),(257,'09:00:00.000000','18:00:00.000000','RADIANT TOYOTA','NARINDER KUMAR','SERVICE MANAGER','9915732095','I took the feedback and make some plan to increase the 5k services.Convinced the adviser to attract customers for bactakleen service.',96,269,19),(258,'09:00:00.000000','18:00:00.000000','ABC','ABC','ABC','1234567890','Arrived in Pune in morning. Discussed with other RM\'s.',152,270,4),(259,'09:00:00.000000','18:00:00.000000','ABC','ABC','ABC','1234567890','Discussed with Sridhar sir and Rohith sir. Started Journey for Nashik at 4 PM.',152,271,4),(260,'10:00:00.000000','13:30:00.000000','Wasan Toyota','Mr. Srikanth Nayak','GM - Service','9767103677','Discussed about Vcare, Demo done.\r\nQuotation sent to Mr. Nayak, said will take approval and update.\r\nDiscussed with Sridhar sir, started journey towards Pune.',151,272,4),(261,'09:00:00.000000','18:00:00.000000','Grace, Chaudhari, Rajyog, Shaw','MR. Anant Dhumal','GM - Service','7887809555','Shaw Wagholi -- PO received from Shaw Toyota. Invoice generated. GM Anant\r\nChaudhari Jalgaon - Discussed with CEO Shankar, fresh quotation of 5 bottles has sent to him. Said will generate PO in next 2 days.\r\nGrace Nagpur  - Discussed with VP Mr. Qureshi, Forwarded him previous mail again on his request. waiting for approval fom DP\r\n',152,273,4),(262,'09:00:00.000000','18:00:00.000000','Grace, Chaudhari','Mr. Shankar','CEO','9765407903','Mr. Shankar CEO of Chaudhari Toyota said he hasn\'t gone through the mail yet. called him again on 5.45 PM but he did not receive the call. Will call back him on 16th March 2018.',152,274,4),(263,'09:00:00.000000','18:00:00.000000','xyz','xyz','xyz','1234567891','RUDRA TOYOTA -- PO received from RUDRA Toyota. Invoice generated, The product has been dispatched.\r\nSAINI TOYOTA-PO received from SAINI toyota.\r\n',23,275,11),(264,'09:00:00.000000','18:00:00.000000','CASTLE TOYOTA','Munish Kumar','SERVICE MANAGER','8725003604','Complete the training and trained technician.It was a good experience seeing efforts by the employees and asked questions and make plan to attract the customers.',81,276,19),(265,'09:30:00.000000','18:30:00.000000','Uttam Toyota Noida','Mr. Suman Upadhyay','GM','Xyz1234567','Training to all SA of General & Body paint',87,277,20),(266,'09:30:00.000000','18:30:00.000000','Uttam Toyota Noida','Suman Upadhyay','GM','Xyz1234567','Trained 2 technician &1 supervisor',87,278,20),(267,'09:30:00.000000','18:30:00.000000','Uttam Toyota Noida','Suman Upadhyay','GM','Xyz1234567','Demo machine give to him for going live',87,279,20),(268,'09:30:00.000000','18:30:00.000000','Uttam Toyota Noida','Suman Upadhyay','GM','Xyz1234567','Machine arrive today at this place. I am trained technicians to how to service of machine & help to SA for customer making',87,280,20),(269,'09:30:00.000000','18:30:00.000000','Uttam Toyota Ghaziabad','Mr. Soundar Rajan','GM','Xyz1234567','Sign by GM service on Bactakleen proposal & acknowledgement letter & help to SA for making customer',114,281,22),(270,'15:00:00.000000','17:13:10.000000','KAKATIYA  Automotives private Limited ','Rathnakar.T','General Manager','7032777050','Discuss our product .Today or Tomorrow Send Purchase Order .',67,282,15),(271,'09:00:00.000000','18:00:00.000000','CASTLE TOYOTA','JASPREET SINGH','SERVICE MANAGER','9876702012','Complete training and trained technician and make crispy plan to educate the customers.',200,283,19),(272,'10:00:00.000000','07:45:00.000000','MGF TOYOTA GURGAON','NAWANI','GM','9560395661','Discussion Point\r\n1:-activity report\r\n2:-receiving courier\r\n3:-paper perfume\r\n4:-about march progress\r\n5:-Payment issue ',98,284,28),(273,'09:00:00.000000','18:00:00.000000','ABC','ABC','ABC','1234567890','Discussed with other RM\'s',152,285,4),(274,'09:00:00.000000','18:00:00.000000','SHAW TOYOTA','MR. Anant Dhumal','GM - Service','7887809555','Discussed about Machine delivery and process.',152,286,4),(275,'09:00:00.000000','18:00:00.000000','SHAW TOYOTA','MR. Anant Dhumal','GM - Service','7887809555','Planned training on 20th and 21st March 2018, at Shaw Toyota, Wagholi, Pune.',152,287,4),(276,'09:00:00.000000','18:00:00.000000','CASTLE TOYOTA,KAPURTHALA ROAD','PRIKSHIT','SERVICE MANAGER','9915715485','Complete training and trained the technician and signed the documents.',83,288,19);
/*!40000 ALTER TABLE `services_reports` ENABLE KEYS */;
UNLOCK TABLES;

--
-- Table structure for table `services_state`
--

DROP TABLE IF EXISTS `services_state`;
/*!40101 SET @saved_cs_client     = @@character_set_client */;
/*!40101 SET character_set_client = utf8 */;
CREATE TABLE `services_state` (
  `id` int(11) NOT NULL AUTO_INCREMENT,
  `name` varchar(255) NOT NULL,
  PRIMARY KEY (`id`),
  UNIQUE KEY `services_state_name_2e9acfc577c60648_uniq` (`name`)
) ENGINE=MyISAM AUTO_INCREMENT=40 DEFAULT CHARSET=latin1;
/*!40101 SET character_set_client = @saved_cs_client */;

--
-- Dumping data for table `services_state`
--

LOCK TABLES `services_state` WRITE;
/*!40000 ALTER TABLE `services_state` DISABLE KEYS */;
INSERT INTO `services_state` VALUES (1,'Karnataka'),(2,'Tamil Nadu'),(3,'Delhi (UT)'),(4,'Maharashtra'),(5,'Chattisgarh'),(6,'Jharkhand'),(7,'Assam'),(8,'Bihar'),(9,'Odisha'),(10,'Meghayala'),(11,'West Bengal'),(12,'Nagaland'),(13,'Sikkim'),(14,'Kerala'),(15,'Telangana'),(16,'Andhra Pradesh'),(17,'Himachal Pradesh'),(18,'Jammu & Kashmir'),(19,'Punjab'),(20,'Noida'),(21,'Greater Noida'),(22,'Uttar Pradesh'),(23,'Rajasthan'),(24,'Madhya Pradesh'),(25,'Goa'),(26,'Gujarat'),(27,'Arunachal Pradesh'),(28,'Haryana'),(29,'Manipur'),(30,'Meghalaya'),(31,'Mizoram'),(32,'Tripura'),(33,'Uttarakhand'),(34,'Andaman and Nicobar Islands (UT)'),(35,'Chandigarh (UT)'),(36,'Dadra and Nagar Haveli (UT)'),(37,'Daman and Diu (UT)'),(38,'Lakshadweep (UT)'),(39,'Puducherry (UT)');
/*!40000 ALTER TABLE `services_state` ENABLE KEYS */;
UNLOCK TABLES;

--
-- Table structure for table `services_statusreason`
--

DROP TABLE IF EXISTS `services_statusreason`;
/*!40101 SET @saved_cs_client     = @@character_set_client */;
/*!40101 SET character_set_client = utf8 */;
CREATE TABLE `services_statusreason` (
  `id` int(11) NOT NULL AUTO_INCREMENT,
  `description` varchar(100) NOT NULL,
  `status_id` int(11) NOT NULL,
  PRIMARY KEY (`id`),
  KEY `services_statusreason_dc91ed4b` (`status_id`)
) ENGINE=MyISAM AUTO_INCREMENT=10 DEFAULT CHARSET=latin1;
/*!40101 SET character_set_client = @saved_cs_client */;

--
-- Dumping data for table `services_statusreason`
--

LOCK TABLES `services_statusreason` WRITE;
/*!40000 ALTER TABLE `services_statusreason` DISABLE KEYS */;
INSERT INTO `services_statusreason` VALUES (1,'In Progress',1),(2,'Not interested',2),(3,'Cannot afford',2),(4,'Profit too low',2),(5,'Less clients',2),(6,'No manpower',2),(7,'On Board',3),(8,'Next appointment date',4),(9,'Require more details',4);
/*!40000 ALTER TABLE `services_statusreason` ENABLE KEYS */;
UNLOCK TABLES;

--
-- Table structure for table `services_suppliermanagement`
--

DROP TABLE IF EXISTS `services_suppliermanagement`;
/*!40101 SET @saved_cs_client     = @@character_set_client */;
/*!40101 SET character_set_client = utf8 */;
CREATE TABLE `services_suppliermanagement` (
  `id` int(11) NOT NULL AUTO_INCREMENT,
  `company_name` varchar(256) NOT NULL,
  `company_name_for_invoice` varchar(256) NOT NULL,
  `company_address` longtext NOT NULL,
  `country` varchar(256) NOT NULL,
  `pin_code` varchar(6) NOT NULL,
  `phone_no` varchar(12) NOT NULL,
  `authorised_person` varchar(256) NOT NULL,
  `email_id` varchar(254) NOT NULL,
  `mobile_no` varchar(10) NOT NULL,
  `agreement_date` datetime(6) NOT NULL,
  `agreed_products_id` int(11) NOT NULL,
  `city_id` int(11) NOT NULL,
  `state_id` int(11) NOT NULL,
  PRIMARY KEY (`id`),
  KEY `services_suppliermanagement_e3c6246d` (`agreed_products_id`),
  KEY `services_suppliermanagement_c7141997` (`city_id`),
  KEY `services_suppliermanagement_d5582625` (`state_id`)
) ENGINE=MyISAM DEFAULT CHARSET=latin1;
/*!40101 SET character_set_client = @saved_cs_client */;

--
-- Dumping data for table `services_suppliermanagement`
--

LOCK TABLES `services_suppliermanagement` WRITE;
/*!40000 ALTER TABLE `services_suppliermanagement` DISABLE KEYS */;
/*!40000 ALTER TABLE `services_suppliermanagement` ENABLE KEYS */;
UNLOCK TABLES;

--
-- Table structure for table `services_tax`
--

DROP TABLE IF EXISTS `services_tax`;
/*!40101 SET @saved_cs_client     = @@character_set_client */;
/*!40101 SET character_set_client = utf8 */;
CREATE TABLE `services_tax` (
  `id` int(11) NOT NULL AUTO_INCREMENT,
  `CGST_percentage` decimal(4,2) DEFAULT NULL,
  `IGST_percentage` decimal(4,2) DEFAULT NULL,
  `active` tinyint(1) NOT NULL,
  `end_date` date NOT NULL,
  `product_id` int(11) NOT NULL,
  `SGST_percentage` decimal(4,2) NOT NULL,
  PRIMARY KEY (`id`),
  KEY `services_tax_9bea82de` (`product_id`)
) ENGINE=MyISAM AUTO_INCREMENT=5 DEFAULT CHARSET=latin1;
/*!40101 SET character_set_client = @saved_cs_client */;

--
-- Dumping data for table `services_tax`
--

LOCK TABLES `services_tax` WRITE;
/*!40000 ALTER TABLE `services_tax` DISABLE KEYS */;
INSERT INTO `services_tax` VALUES (1,14.00,28.00,0,'2016-03-21',1,14.00),(2,14.00,28.00,0,'2016-03-21',2,14.00),(3,9.00,18.00,1,'2017-12-30',3,9.00),(4,9.00,18.00,1,'2017-12-30',4,9.00);
/*!40000 ALTER TABLE `services_tax` ENABLE KEYS */;
UNLOCK TABLES;
/*!40103 SET TIME_ZONE=@OLD_TIME_ZONE */;

/*!40101 SET SQL_MODE=@OLD_SQL_MODE */;
/*!40014 SET FOREIGN_KEY_CHECKS=@OLD_FOREIGN_KEY_CHECKS */;
/*!40014 SET UNIQUE_CHECKS=@OLD_UNIQUE_CHECKS */;
/*!40101 SET CHARACTER_SET_CLIENT=@OLD_CHARACTER_SET_CLIENT */;
/*!40101 SET CHARACTER_SET_RESULTS=@OLD_CHARACTER_SET_RESULTS */;
/*!40101 SET COLLATION_CONNECTION=@OLD_COLLATION_CONNECTION */;
/*!40111 SET SQL_NOTES=@OLD_SQL_NOTES */;

-- Dump completed on 2018-03-27  0:13:03
